,Metadata_plate_map_name,Metadata_broad_sample,Metadata_mg_per_ml,Metadata_mmoles_per_liter,Metadata_solvent,Metadata_BRD ID,Metadata_BRD with batch,Metadata_Common Name,Metadata_MoA,Metadata_Plate,Metadata_Well,Metadata_Site_Count,Metadata_Count_Cells,Metadata_Count_Cytoplasm,Metadata_Count_Nuclei,Metadata_Object_Count,Metadata_batch,p_value,average_precision
0,S-C-7314-04-CMP-001,BRD-K62391742-001-19-9,4.3422,5.0,DMSO,K62391742,BRD-K62391742-001-03-0,venetoclax,BCL inhibitor,BR00122250,A01,9,3121,3121,3121,3121,2023_05_15_Batch1,0.128987101289871,0.0342483660130719
1,S-C-7314-04-CMP-001,BRD-K19477839-001-10-9,1.797,5.0,DMSO,K19477839,BRD-K19477839-001-07-6,SGX523,hepatocyte growth factor receptor inhibitor,BR00122250,A02,9,3804,3804,3804,3804,2023_05_15_Batch1,0.0313968603139686,0.0964516129032258
2,S-C-7314-04-CMP-001,BRD-K54759182-003-09-8,1.6595,5.0,DMSO,K54759182,BRD-K54759182-003-08-0,dosulepin,tricyclic antidepressant,BR00122250,A03,9,3766,3766,3766,3766,2023_05_15_Batch1,0.5148485151484852,0.012510267264800657
3,S-C-7314-04-CMP-001,BRD-K70642949-001-06-9,2.313,5.0,DMSO,K70642949,BRD-K70642949-001-04-5,GSK2334470,phosphoinositide dependent kinase inhibitor,BR00122250,A04,9,2922,2922,2922,2922,2023_05_15_Batch1,9.999000099990002e-05,0.689922480620155
4,S-C-7314-04-CMP-001,BRD-K73397362-001-09-9,2.6031,5.0,DMSO,K73397362,BRD-K73397362-001-06-6,purmorphamine,smoothened receptor agonist,BR00122250,A05,9,3971,3971,3971,3971,2023_05_15_Batch1,0.019698030196980302,0.13502954068991804
5,S-C-7314-04-CMP-001,BRD-K13606314-001-02-9,1.7411,5.0,DMSO,K13606314,BRD-K13606314-001-01-3,P5091,ubiquitin specific protease inhibitor,BR00122250,A06,9,3679,3679,3679,3679,2023_05_15_Batch1,0.1474852514748525,0.031313131313131314
6,S-C-7314-04-CMP-001,BRD-K82941592-238-06-9,2.6182,5.0,DMSO,K82941592,BRD-K82941592-238-03-7,rosuvastatin,HMGCR inhibitor,BR00122250,A07,9,3803,3803,3803,3803,2023_05_15_Batch1,0.07029297070292971,0.053968253968253964
7,S-C-7314-04-CMP-001,BRD-K86718786-001-03-9,1.4917,5.0,DMSO,K86718786,BRD-K86718786-001-03-9,SGC-707,protein arginine N-methyltransferase inhibitor,BR00122250,A08,9,3750,3750,3750,3750,2023_05_15_Batch1,0.45415458454154584,0.013665098428839992
8,S-C-7314-04-CMP-001,BRD-K02965346-001-01-8,2.8404,5.0,DMSO,K02965346,BRD-K02965346-001-07-5,SU-11274,hepatocyte growth factor receptor inhibitor,BR00122250,A09,9,1840,1840,1840,1840,2023_05_15_Batch1,9.999000099990002e-05,1.0
9,S-C-7314-04-CMP-001,BRD-K36234266-001-10-6,1.0702,5.0,DMSO,K36234266,BRD-K36234266-001-09-8,carmustine,DNA inhibitor,BR00122250,A10,9,3559,3559,3559,3559,2023_05_15_Batch1,0.1451854814518548,0.03162210338680927
10,S-C-7314-04-CMP-001,BRD-K72898849-001-03-9,2.5469,5.0,DMSO,K72898849,BRD-K72898849-001-01-8,BLU9931,FGFR inhibitor,BR00122250,A11,9,2287,2287,2287,2287,2023_05_15_Batch1,9.999000099990002e-05,0.8095238095238094
11,S-C-7314-04-CMP-001,BRD-A87435144-001-01-6,2.3944,5.0,DMSO,A87435144,BRD-A87435144-001-01-6,AZD7545,pyruvate dehydrogenase kinase inhibitor,BR00122250,A12,9,3643,3643,3643,3643,2023_05_15_Batch1,0.0093990600939906,0.2014260249554367
12,S-C-7314-04-CMP-001,BRD-K94455792-001-01-8,2.7432,5.0,DMSO,K94455792,BRD-K94455792-001-01-8,ICG-001,beta-catenin inhibitor,BR00122250,A13,9,2727,2727,2727,2727,2023_05_15_Batch1,0.0174982501749825,0.16430976430976432
13,S-C-7314-04-CMP-001,BRD-K01826510-001-09-9,1.8745,5.0,DMSO,K01826510,BRD-K01826510-300-06-9,hydroxyzine,antihistamine,BR00122250,A14,9,3736,3736,3736,3736,2023_05_15_Batch1,0.10518948105189481,0.039093060613864056
14,S-C-7314-04-CMP-001,BRD-K09372874-001-02-9,2.2623,5.0,DMSO,K09372874,BRD-K09372874-001-01-0,merimepodib,inosine monophosphate dehydrogenase inhibitor,BR00122250,A15,9,1319,1319,1319,1319,2023_05_15_Batch1,9.999000099990002e-05,0.9166666666666666
15,S-C-7314-04-CMP-001,BRD-K06182768-001-02-3,1.6472,5.0,DMSO,K06182768,BRD-K06182768-001-06-4,A-366,histone lysine methyltransferase inhibitor,BR00122250,A16,9,3495,3495,3495,3495,2023_05_15_Batch1,0.7786221377862214,0.008900080405746892
16,S-C-7314-04-CMP-001,BRD-K53972329-001-12-9,1.5318,5.0,DMSO,K53972329,BRD-K53972329-001-07-0,ruxolitinib,JAK inhibitor,BR00122250,A17,9,3905,3905,3905,3905,2023_05_15_Batch1,0.1451854814518548,0.03160244853465263
17,S-C-7314-04-CMP-001,BRD-K49669041-001-10-9,2.3568,5.0,DMSO,K49669041,BRD-K49669041-001-08-4,BX-912,pyruvate dehydrogenase kinase inhibitor,BR00122250,A18,9,1102,1102,1102,1102,2023_05_15_Batch1,9.999000099990002e-05,1.0
18,S-C-7314-04-CMP-001,,,,DMSO,,,,,BR00122250,A19,9,3770,3770,3770,3770,2023_05_15_Batch1,,
19,S-C-7314-04-CMP-001,BRD-K45909031-001-03-9,2.4849,5.0,DMSO,K45909031,BRD-K45909031-001-01-5,WZ4003,AMPK inhibitor,BR00122250,A20,9,3162,3162,3162,3162,2023_05_15_Batch1,0.18388161183881613,0.026430127249799384
20,S-C-7314-04-CMP-001,BRD-K38627885-001-01-9,2.0674,5.0,DMSO,K38627885,BRD-K38627885-001-01-9,APY0201,phosphoinositide dependent kinase inhibitor,BR00122250,A21,9,2225,2225,2225,2225,2023_05_15_Batch1,9.999000099990002e-05,1.0
21,S-C-7314-04-CMP-001,BRD-K99092662-001-02-9,1.5286,5.0,DMSO,K99092662,BRD-K99092662-001-01-1,PS178990,androgen receptor modulator,BR00122250,A22,9,4096,4096,4096,4096,2023_05_15_Batch1,0.0018998100189981002,0.35217794253938833
22,S-C-7314-04-CMP-001,BRD-K21728777-001-03-9,2.5179,5.0,DMSO,K21728777,BRD-K21728777-001-02-3,AMG900,Aurora kinase inhibitor,BR00122250,A23,9,707,707,707,707,2023_05_15_Batch1,9.999000099990002e-05,0.7916666666666666
23,S-C-7314-04-CMP-001,BRD-K75009076-001-04-9,1.8813,5.0,DMSO,K75009076,BRD-K75009076-001-02-1,SCH-900776,CHK inhibitor,BR00122250,A24,9,590,590,590,590,2023_05_15_Batch1,9.999000099990002e-05,0.8095238095238094
24,S-C-7314-04-CMP-001,,,,DMSO,,,,,BR00122250,B01,9,3965,3965,3965,3965,2023_05_15_Batch1,,
25,S-C-7314-04-CMP-001,BRD-K67578145-001-13-9,1.6719,5.0,DMSO,K67578145,BRD-K67578145-001-09-7,GDC-0879,RAF inhibitor,BR00122250,B02,9,4746,4746,4746,4746,2023_05_15_Batch1,9.999000099990002e-05,0.7000000000000001
26,S-C-7314-04-CMP-001,BRD-K67578145-001-13-9,1.6719,5.0,DMSO,K67578145,BRD-K67578145-001-09-7,GDC-0879,RAF inhibitor,BR00122250,B03,9,4392,4392,4392,4392,2023_05_15_Batch1,9.999000099990002e-05,0.8666666666666667
27,S-C-7314-04-CMP-001,BRD-K56301217-001-02-5,4.0671,5.0,DMSO,K56301217,BRD-K56301217-001-07-4,ABT-737,BCL inhibitor,BR00122250,B04,9,3175,3175,3175,3175,2023_05_15_Batch1,9.999000099990002e-05,1.0
28,S-C-7314-04-CMP-001,BRD-K02965346-001-01-8,2.8404,5.0,DMSO,K02965346,BRD-K02965346-001-07-5,SU-11274,hepatocyte growth factor receptor inhibitor,BR00122250,B05,9,1858,1858,1858,1858,2023_05_15_Batch1,9.999000099990002e-05,0.8333333333333334
29,S-C-7314-04-CMP-001,BRD-K54759182-003-09-8,1.6595,5.0,DMSO,K54759182,BRD-K54759182-003-08-0,dosulepin,tricyclic antidepressant,BR00122250,B06,9,3970,3970,3970,3970,2023_05_15_Batch1,0.057394260573942604,0.0636381873704389
30,S-C-7314-04-CMP-001,BRD-K99433989-001-02-9,2.4503,5.0,DMSO,K99433989,BRD-K99433989-001-02-9,SAG,smoothened receptor agonist,BR00122250,B07,9,3980,3980,3980,3980,2023_05_15_Batch1,0.056194380561943806,0.06439261588632657
31,S-C-7314-04-CMP-001,BRD-K45909031-001-03-9,2.4849,5.0,DMSO,K45909031,BRD-K45909031-001-01-5,WZ4003,AMPK inhibitor,BR00122250,B08,9,3413,3413,3413,3413,2023_05_15_Batch1,0.009599040095990401,0.18818681318681318
32,S-C-7314-04-CMP-001,BRD-A22769835-300-05-7,1.9389,5.0,DMSO,A22769835,BRD-A22769835-300-05-7,homochlorcyclizine,antihistamine,BR00122250,B09,9,3740,3740,3740,3740,2023_05_15_Batch1,0.8628137186281372,0.007987158004714183
33,S-C-7314-04-CMP-001,BRD-K98203492-001-06-9,2.0875,5.0,DMSO,K98203492,BRD-K98203492-003-04-1,GSK-J4,histone lysine demethylase inhibitor,BR00122250,B10,9,1185,1185,1185,1185,2023_05_15_Batch1,9.999000099990002e-05,0.9166666666666666
34,S-C-7314-04-CMP-001,BRD-K06883221-001-02-9,2.0725,5.0,DMSO,K06883221,BRD-K06883221-001-01-9,apratastat,tumor necrosis factor production inhibitor,BR00122250,B11,9,3838,3838,3838,3838,2023_05_15_Batch1,0.2873712628737126,0.019093747168474725
35,S-C-7314-04-CMP-001,BRD-K66430217-001-05-9,1.6909,5.0,DMSO,K66430217,BRD-K66430217-001-03-8,KH-CB19,CDC inhibitor,BR00122250,B12,9,4082,4082,4082,4082,2023_05_15_Batch1,0.009599040095990401,0.18895698149483298
36,S-C-7314-04-CMP-001,BRD-K84937637-001-21-9,4.5709,5.0,DMSO,K84937637,BRD-K84937637-001-11-5,sirolimus,mTOR inhibitor,BR00122250,B13,9,2818,2818,2818,2818,2023_05_15_Batch1,9.999000099990002e-05,1.0
37,S-C-7314-04-CMP-001,BRD-K93942811-001-03-9,1.9224,5.0,DMSO,K93942811,BRD-K93942811-001-01-3,ML-323,ubiquitin specific protease inhibitor,BR00122250,B14,9,3540,3540,3540,3540,2023_05_15_Batch1,0.0192980701929807,0.15250544662309368
38,S-C-7314-04-CMP-001,BRD-A53576514-048-02-8,2.3075,5.0,DMSO,A53576514,BRD-A53576514-048-14-3,orphenadrine,acetylcholine receptor antagonist,BR00122250,B15,9,3960,3960,3960,3960,2023_05_15_Batch1,0.053394660533946606,0.06719367588932806
39,S-C-7314-04-CMP-001,,,,DMSO,,,,,BR00122250,B16,9,4002,4002,4002,4002,2023_05_15_Batch1,,
40,S-C-7314-04-CMP-001,BRD-K56932272-001-02-9,2.4378,5.0,DMSO,K56932272,BRD-K56932272-001-02-9,BMS-566419,inosine monophosphate dehydrogenase inhibitor,BR00122250,B17,9,2643,2643,2643,2643,2023_05_15_Batch1,9.999000099990002e-05,1.0
41,S-C-7314-04-CMP-001,BRD-K24600306-003-02-9,2.3445,5.0,DMSO,K24600306,BRD-K24600306-003-02-9,ML-298,phospholipase inhibitor,BR00122250,B18,9,4153,4153,4153,4153,2023_05_15_Batch1,0.5156484351564844,0.012616896784394293
42,S-C-7314-04-CMP-001,BRD-M87138257-003-01-1,2.3499,5.0,DMSO,M87138257,BRD-M87138257-003-01-1,acriflavine,hypoxia inducible factor inhibitor,BR00122250,B19,9,58,58,58,58,2023_05_15_Batch1,9.999000099990002e-05,1.0
43,S-C-7314-04-CMP-001,BRD-K09372874-001-02-9,2.2623,5.0,DMSO,K09372874,BRD-K09372874-001-01-0,merimepodib,inosine monophosphate dehydrogenase inhibitor,BR00122250,B20,9,1353,1353,1353,1353,2023_05_15_Batch1,9.999000099990002e-05,0.9166666666666666
44,S-C-7314-04-CMP-001,BRD-K76908866-001-08-9,2.3477,5.0,DMSO,K76908866,BRD-K76908866-001-07-6,CP-724714,EGFR inhibitor,BR00122250,B21,9,3880,3880,3880,3880,2023_05_15_Batch1,0.3234676532346765,0.017590249662618084
45,S-C-7314-04-CMP-001,BRD-K64881305-001-07-9,2.5853,5.0,DMSO,K64881305,BRD-K64881305-001-05-2,ispinesib,kinesin inhibitor,BR00122250,B22,9,520,520,520,520,2023_05_15_Batch1,0.0174982501749825,0.17222222222222225
46,S-C-7314-04-CMP-001,,,,DMSO,,,,,BR00122250,B23,9,4144,4144,4144,4144,2023_05_15_Batch1,,
47,S-C-7314-04-CMP-001,BRD-K49669041-001-10-9,2.3568,5.0,DMSO,K49669041,BRD-K49669041-001-08-4,BX-912,pyruvate dehydrogenase kinase inhibitor,BR00122250,B24,9,1173,1173,1173,1173,2023_05_15_Batch1,9.999000099990002e-05,0.8055555555555555
48,S-C-7314-04-CMP-001,BRD-K72951360-001-02-9,3.6182,5.0,DMSO,K72951360,BRD-K72951360-001-01-4,valrubicin,DNA inhibitor,BR00122250,C01,9,168,168,168,168,2023_05_15_Batch1,9.999000099990002e-05,0.6388888888888888
49,S-C-7314-04-CMP-001,BRD-K16189898-001-26-9,2.3267,5.0,DMSO,K16189898,BRD-K16189898-003-03-3,CHIR-99021,glycogen synthase kinase inhibitor,BR00122250,C02,9,3425,3425,3425,3425,2023_05_15_Batch1,0.18858114188581143,0.025533261821443016
50,S-C-7314-04-CMP-001,BRD-M87138257-003-01-1,2.3499,5.0,DMSO,M87138257,BRD-M87138257-003-01-1,acriflavine,hypoxia inducible factor inhibitor,BR00122250,C03,9,66,66,66,66,2023_05_15_Batch1,9.999000099990002e-05,0.7555555555555555
51,S-C-7314-04-CMP-001,BRD-K99433989-001-02-9,2.4503,5.0,DMSO,K99433989,BRD-K99433989-001-02-9,SAG,smoothened receptor agonist,BR00122250,C04,9,3930,3930,3930,3930,2023_05_15_Batch1,0.13838616138386162,0.03319919517102616
52,S-C-7314-04-CMP-001,BRD-K85776940-001-01-9,1.983,5.0,DMSO,K85776940,BRD-K85776940-001-01-9,delta-Tocotrienol,HMGCR inhibitor,BR00122250,C05,9,3852,3852,3852,3852,2023_05_15_Batch1,0.2562743725627437,0.020999180999180998
53,S-C-7314-04-CMP-001,,,,DMSO,,,,,BR00122250,C06,9,4086,4086,4086,4086,2023_05_15_Batch1,,
54,S-C-7314-04-CMP-001,BRD-K70578146-001-13-9,0.16697,0.133,DMSO,K70578146,BRD-K70578146-001-09-1,DACTINOMYCIN,Apoptosis inducer (transcription inhibitor),BR00122250,C07,9,214,214,214,214,2023_05_15_Batch1,9.999000099990002e-05,0.8666666666666667
55,S-C-7314-04-CMP-001,BRD-K97452254-001-02-9,2.3578,5.0,DMSO,K97452254,BRD-K97452254-001-01-3,AMG-925,CDK inhibitor,BR00122250,C08,9,2078,2078,2078,2078,2023_05_15_Batch1,9.999000099990002e-05,1.0
56,S-C-7314-04-CMP-001,BRD-K68756823-001-12-9,1.6367,5.0,DMSO,K68756823,BRD-K68756823-001-07-1,FR-180204,MAP kinase inhibitor,BR00122250,C09,9,3861,3861,3861,3861,2023_05_15_Batch1,0.3060693930606939,0.01854114753050923
57,S-C-7314-04-CMP-001,BRD-K60130390-001-02-1,2.7335,5.0,DMSO,K60130390,BRD-K60130390-001-02-1,UNC0642,histone lysine methyltransferase inhibitor,BR00122250,C10,9,3794,3794,3794,3794,2023_05_15_Batch1,9.999000099990002e-05,1.0
58,S-C-7314-04-CMP-001,BRD-K98203492-001-06-9,2.0875,5.0,DMSO,K98203492,BRD-K98203492-003-04-1,GSK-J4,histone lysine demethylase inhibitor,BR00122250,C11,9,1240,1240,1240,1240,2023_05_15_Batch1,9.999000099990002e-05,1.0
59,S-C-7314-04-CMP-001,BRD-K57080016-001-19-1,2.2884,5.0,DMSO,K57080016,BRD-K57080016-001-01-9,selumetinib,MEK inhibitor,BR00122250,C12,9,3406,3406,3406,3406,2023_05_15_Batch1,9.999000099990002e-05,0.6388888888888888
60,S-C-7314-04-CMP-001,BRD-K39520573-001-01-2,2.6047,5.0,DMSO,K39520573,BRD-K39520573-001-03-8,GW-5074,RAF inhibitor,BR00122250,C13,9,4200,4200,4200,4200,2023_05_15_Batch1,0.05219478052194781,0.07128535624776226
61,S-C-7314-04-CMP-001,BRD-K61397605-001-04-2,2.7035,5.0,DMSO,K61397605,BRD-K61397605-001-07-5,romidepsin,HDAC inhibitor,BR00122250,C14,9,322,322,322,322,2023_05_15_Batch1,9.999000099990002e-05,1.0
62,S-C-7314-04-CMP-001,BRD-K61688984-001-04-5,1.812,5.0,DMSO,K61688984,BRD-K61688984-001-02-9,RGFP966,HDAC inhibitor,BR00122250,C15,9,2651,2651,2651,2651,2023_05_15_Batch1,9.999000099990002e-05,1.0
63,S-C-7314-04-CMP-001,BRD-K37379014-001-02-0,2.1024,5.0,DMSO,K37379014,BRD-K37379014-001-01-2,filanesib,kinesin inhibitor,BR00122250,C16,9,494,494,494,494,2023_05_15_Batch1,9.999000099990002e-05,0.8666666666666667
64,S-C-7314-04-CMP-001,BRD-K19477839-001-10-9,1.797,5.0,DMSO,K19477839,BRD-K19477839-001-07-6,SGX523,hepatocyte growth factor receptor inhibitor,BR00122250,C17,9,4033,4033,4033,4033,2023_05_15_Batch1,0.48065193480651935,0.01331635567402894
65,S-C-7314-04-CMP-001,BRD-K28936863-051-14-0,2.1275,5.0,DMSO,K28936863,BRD-K28936863-051-32-2,ketotifen,phosphodiesterase inhibitor,BR00122250,C18,9,4056,4056,4056,4056,2023_05_15_Batch1,0.36036396360363965,0.016506965781444505
66,S-C-7314-04-CMP-001,BRD-K67772619-001-06-9,1.4213,5.0,DMSO,K67772619,BRD-K67772619-001-05-1,rheochrysidin,protein tyrosine kinase inhibitor,BR00122250,C19,9,3990,3990,3990,3990,2023_05_15_Batch1,0.11348865113488651,0.038480380611427764
67,S-C-7314-04-CMP-001,BRD-A53576514-048-02-8,2.3075,5.0,DMSO,A53576514,BRD-A53576514-048-14-3,orphenadrine,acetylcholine receptor antagonist,BR00122250,C20,9,4375,4375,4375,4375,2023_05_15_Batch1,0.33856614338566143,0.01724783422576292
68,S-C-7314-04-CMP-001,BRD-K91900765-001-09-9,2.1813,5.0,DMSO,K91900765,BRD-K91900765-001-08-4,VX-745,p38 MAPK inhibitor,BR00122250,C21,9,3742,3742,3742,3742,2023_05_15_Batch1,0.2615738426157384,0.02068070818070818
69,S-C-7314-04-CMP-001,BRD-K56301217-001-02-5,4.0671,5.0,DMSO,K56301217,BRD-K56301217-001-07-4,ABT-737,BCL inhibitor,BR00122250,C22,9,3199,3199,3199,3199,2023_05_15_Batch1,9.999000099990002e-05,1.0
70,S-C-7314-04-CMP-001,BRD-K23383398-001-08-1,2.4067,5.0,DMSO,K23383398,BRD-K23383398-001-09-9,T-0901317,LXR agonist,BR00122250,C23,9,3926,3926,3926,3926,2023_05_15_Batch1,9.999000099990002e-05,1.0
71,S-C-7314-04-CMP-001,BRD-K24696047-001-03-9,2.1978,5.0,DMSO,K24696047,BRD-K24696047-001-02-3,NVP-AEW541,IGF-1 inhibitor,BR00122250,C24,9,2930,2930,2930,2930,2023_05_15_Batch1,0.009499050094990502,0.2031746031746032
72,S-C-7314-04-CMP-001,BRD-K00818915-001-02-9,1.7613,5.0,DMSO,K00818915,BRD-K00818915-003-01-8,SHP099,protein tyrosine kinase inhibitor,BR00122250,D01,9,3923,3923,3923,3923,2023_05_15_Batch1,0.0013998600139986002,0.35703185703185697
73,S-C-7314-04-CMP-001,BRD-K39974922-001-05-9,2.1343,5.0,DMSO,K39974922,BRD-K39974922-001-04-3,lenvatinib,FGFR inhibitor,BR00122250,D02,9,3257,3257,3257,3257,2023_05_15_Batch1,9.999000099990002e-05,0.48333333333333334
74,S-C-7314-04-CMP-001,BRD-K61397605-001-04-2,2.7035,5.0,DMSO,K61397605,BRD-K61397605-001-07-5,romidepsin,HDAC inhibitor,BR00122250,D03,9,278,278,278,278,2023_05_15_Batch1,9.999000099990002e-05,1.0
75,S-C-7314-04-CMP-001,BRD-K50055394-001-04-9,2.0844,5.0,DMSO,K50055394,BRD-K50055394-001-03-6,halopemide,phospholipase inhibitor,BR00122250,D04,9,3776,3776,3776,3776,2023_05_15_Batch1,9.999000099990002e-05,1.0
76,S-C-7314-04-CMP-001,BRD-K49669041-001-10-9,2.3568,5.0,DMSO,K49669041,BRD-K49669041-001-08-4,BX-912,pyruvate dehydrogenase kinase inhibitor,BR00122250,D05,9,1436,1436,1436,1436,2023_05_15_Batch1,9.999000099990002e-05,0.9166666666666666
77,S-C-7314-04-CMP-001,BRD-A12994259-001-11-9,1.3662,5.0,DMSO,A12994259,BRD-A12994259-001-02-1,pomalidomide,tumor necrosis factor production inhibitor,BR00122250,D06,9,4137,4137,4137,4137,2023_05_15_Batch1,0.21997800219978003,0.023540902013124237
78,S-C-7314-04-CMP-001,BRD-K73982490-001-04-9,1.8969,5.0,DMSO,K73982490,BRD-K73982490-001-02-9,BI-78D3,JNK inhibitor,BR00122250,D07,9,3737,3737,3737,3737,2023_05_15_Batch1,0.07269273072692731,0.05232827644332069
79,S-C-7314-04-CMP-001,BRD-K19871656-001-01-3,1.8291,5.0,DMSO,K19871656,BRD-K19871656-001-01-3,CPI-0610,bromodomain inhibitor,BR00122250,D08,9,3273,3273,3273,3273,2023_05_15_Batch1,9.999000099990002e-05,1.0
80,S-C-7314-04-CMP-001,BRD-K68756823-001-12-9,1.6367,5.0,DMSO,K68756823,BRD-K68756823-001-07-1,FR-180204,MAP kinase inhibitor,BR00122250,D09,9,3701,3701,3701,3701,2023_05_15_Batch1,0.25997400259974,0.02077922077922078
81,S-C-7314-04-CMP-001,,,,DMSO,,,,,BR00122250,D10,9,4143,4143,4143,4143,2023_05_15_Batch1,,
82,S-C-7314-04-CMP-001,BRD-K63631219-001-01-6,1.1784,5.0,DMSO,K63631219,BRD-K63631219-001-01-6,quazinone,phosphodiesterase inhibitor,BR00122250,D11,9,4076,4076,4076,4076,2023_05_15_Batch1,0.1770822917708229,0.027764260293971072
83,S-C-7314-04-CMP-001,BRD-K99113996-001-02-0,2.3127,5.0,DMSO,K99113996,BRD-K99113996-001-02-0,AZD2014,mTOR inhibitor,BR00122250,D12,9,1307,1307,1307,1307,2023_05_15_Batch1,9.999000099990002e-05,1.0
84,S-C-7314-04-CMP-001,BRD-K99113996-001-02-0,2.3127,5.0,DMSO,K99113996,BRD-K99113996-001-02-0,AZD2014,mTOR inhibitor,BR00122250,D13,9,1368,1368,1368,1368,2023_05_15_Batch1,9.999000099990002e-05,1.0
85,S-C-7314-04-CMP-001,BRD-K01826510-001-09-9,1.8745,5.0,DMSO,K01826510,BRD-K01826510-300-06-9,hydroxyzine,antihistamine,BR00122250,D14,9,4032,4032,4032,4032,2023_05_15_Batch1,0.1254874512548745,0.035167229284876346
86,S-C-7314-04-CMP-001,BRD-K37379014-001-02-0,2.1024,5.0,DMSO,K37379014,BRD-K37379014-001-01-2,filanesib,kinesin inhibitor,BR00122250,D15,9,459,459,459,459,2023_05_15_Batch1,9.999000099990002e-05,0.9166666666666666
87,S-C-7314-04-CMP-001,BRD-K98251413-001-07-9,1.7617,5.0,DMSO,K98251413,BRD-K98251413-001-04-0,IOX2,hypoxia inducible factor inhibitor,BR00122250,D16,9,3897,3897,3897,3897,2023_05_15_Batch1,0.04709529047095291,0.07294117647058825
88,S-C-7314-04-CMP-001,BRD-K44227013-001-15-9,2.6628,5.0,DMSO,K44227013,BRD-K44227013-001-08-0,ponatinib,Bcr-Abl kinase inhibitor,BR00122250,D17,9,430,430,430,430,2023_05_15_Batch1,9.999000099990002e-05,1.0
89,S-C-7314-04-CMP-001,BRD-K20290250-001-03-9,2.0624,5.0,DMSO,K20290250,BRD-K20290250-001-02-1,BIX-02188,MEK inhibitor,BR00122250,D18,9,3698,3698,3698,3698,2023_05_15_Batch1,0.22577742225777422,0.02300764328859149
90,S-C-7314-04-CMP-001,BRD-K24696047-001-03-9,2.1978,5.0,DMSO,K24696047,BRD-K24696047-001-02-3,NVP-AEW541,IGF-1 inhibitor,BR00122250,D19,9,3149,3149,3149,3149,2023_05_15_Batch1,9.999000099990002e-05,0.8666666666666667
91,S-C-7314-04-CMP-001,BRD-K00818915-001-02-9,1.7613,5.0,DMSO,K00818915,BRD-K00818915-003-01-8,SHP099,protein tyrosine kinase inhibitor,BR00122250,D20,9,3923,3923,3923,3923,2023_05_15_Batch1,0.36826317368263173,0.016282642464466868
92,S-C-7314-04-CMP-001,BRD-K03063480-001-08-9,2.0974,5.0,DMSO,K03063480,BRD-K03063480-001-06-6,PF-477736,CHK inhibitor,BR00122250,D21,9,262,262,262,262,2023_05_15_Batch1,9.999000099990002e-05,0.9166666666666666
93,S-C-7314-04-CMP-001,BRD-K24696047-001-03-9,2.1978,5.0,DMSO,K24696047,BRD-K24696047-001-02-3,NVP-AEW541,IGF-1 inhibitor,BR00122250,D22,9,3264,3264,3264,3264,2023_05_15_Batch1,9.999000099990002e-05,1.0
94,S-C-7314-04-CMP-001,BRD-K54759182-003-09-8,1.6595,5.0,DMSO,K54759182,BRD-K54759182-003-08-0,dosulepin,tricyclic antidepressant,BR00122250,D23,9,4086,4086,4086,4086,2023_05_15_Batch1,0.05269473052694731,0.06640211640211639
95,S-C-7314-04-CMP-001,BRD-K99092662-001-02-9,1.5286,5.0,DMSO,K99092662,BRD-K99092662-001-01-1,PS178990,androgen receptor modulator,BR00122250,D24,9,4027,4027,4027,4027,2023_05_15_Batch1,0.0036996300369963003,0.34830809961115244
96,S-C-7314-04-CMP-001,BRD-K00818915-001-02-9,1.7613,5.0,DMSO,K00818915,BRD-K00818915-003-01-8,SHP099,protein tyrosine kinase inhibitor,BR00122250,E01,9,4117,4117,4117,4117,2023_05_15_Batch1,0.0033996600339966003,0.35196324143692564
97,S-C-7314-04-CMP-001,BRD-K39974922-001-05-9,2.1343,5.0,DMSO,K39974922,BRD-K39974922-001-04-3,lenvatinib,FGFR inhibitor,BR00122250,E02,9,3398,3398,3398,3398,2023_05_15_Batch1,0.00019998000199980003,0.6095238095238095
98,S-C-7314-04-CMP-001,BRD-K19871656-001-01-3,1.8291,5.0,DMSO,K19871656,BRD-K19871656-001-01-3,CPI-0610,bromodomain inhibitor,BR00122250,E03,9,3200,3200,3200,3200,2023_05_15_Batch1,9.999000099990002e-05,0.8095238095238094
99,S-C-7314-04-CMP-001,BRD-K98203492-001-06-9,2.0875,5.0,DMSO,K98203492,BRD-K98203492-003-04-1,GSK-J4,histone lysine demethylase inhibitor,BR00122250,E04,9,1322,1322,1322,1322,2023_05_15_Batch1,9.999000099990002e-05,0.7023809523809524
100,S-C-7314-04-CMP-001,BRD-K28936863-051-14-0,2.1275,5.0,DMSO,K28936863,BRD-K28936863-051-32-2,ketotifen,phosphodiesterase inhibitor,BR00122250,E05,9,4068,4068,4068,4068,2023_05_15_Batch1,0.043495650434956505,0.07538864342988054
101,S-C-7314-04-CMP-001,BRD-K04923131-001-17-9,1.7809,5.0,DMSO,K04923131,BRD-K04923131-001-15-4,GSK-3-inhibitor-IX,glycogen synthase kinase inhibitor,BR00122250,E06,9,1726,1726,1726,1726,2023_05_15_Batch1,9.999000099990002e-05,1.0
102,S-C-7314-04-CMP-001,BRD-K36234266-001-10-6,1.0702,5.0,DMSO,K36234266,BRD-K36234266-001-09-8,carmustine,DNA inhibitor,BR00122250,E07,9,4048,4048,4048,4048,2023_05_15_Batch1,0.0983901609839016,0.04147697098345491
103,S-C-7314-04-CMP-001,BRD-K44227013-001-15-9,2.6628,5.0,DMSO,K44227013,BRD-K44227013-001-08-0,ponatinib,Bcr-Abl kinase inhibitor,BR00122250,E08,9,369,369,369,369,2023_05_15_Batch1,9.999000099990002e-05,1.0
104,S-C-7314-04-CMP-001,BRD-K85606544-001-07-5,2.7852,5.0,DMSO,K85606544,BRD-K85606544-001-09-1,neratinib,EGFR inhibitor,BR00122250,E09,9,1570,1570,1570,1570,2023_05_15_Batch1,9.999000099990002e-05,1.0
105,S-C-7314-04-CMP-001,BRD-K13094524-001-10-9,1.7369,5.0,DMSO,K13094524,BRD-K13094524-001-04-2,PFI-1,bromodomain inhibitor,BR00122250,E10,9,3804,3804,3804,3804,2023_05_15_Batch1,0.09709029097090291,0.04207285115303983
106,S-C-7314-04-CMP-001,BRD-K83607951-001-04-9,2.1271,5.0,DMSO,K83607951,BRD-K83607951-001-02-2,skepinone-l,p38 MAPK inhibitor,BR00122250,E11,9,3126,3126,3126,3126,2023_05_15_Batch1,0.00019998000199980003,0.5727969348659004
107,S-C-7314-04-CMP-001,BRD-M87138257-003-01-1,2.3499,5.0,DMSO,M87138257,BRD-M87138257-003-01-1,acriflavine,hypoxia inducible factor inhibitor,BR00122250,E12,9,97,97,97,97,2023_05_15_Batch1,9.999000099990002e-05,1.0
108,S-C-7314-04-CMP-001,,,,DMSO,,,,,BR00122250,E13,9,4109,4109,4109,4109,2023_05_15_Batch1,,
109,S-C-7314-04-CMP-001,BRD-K76908866-001-08-9,2.3477,5.0,DMSO,K76908866,BRD-K76908866-001-07-6,CP-724714,EGFR inhibitor,BR00122250,E14,9,3663,3663,3663,3663,2023_05_15_Batch1,0.126987301269873,0.03482257904648627
110,S-C-7314-04-CMP-001,BRD-K24696047-001-03-9,2.1978,5.0,DMSO,K24696047,BRD-K24696047-001-02-3,NVP-AEW541,IGF-1 inhibitor,BR00122250,E15,9,3152,3152,3152,3152,2023_05_15_Batch1,0.00019998000199980003,0.6666666666666666
111,S-C-7314-04-CMP-001,BRD-K54759182-003-09-8,1.6595,5.0,DMSO,K54759182,BRD-K54759182-003-08-0,dosulepin,tricyclic antidepressant,BR00122250,E16,9,3927,3927,3927,3927,2023_05_15_Batch1,0.07339266073392661,0.052264058078011565
112,S-C-7314-04-CMP-001,BRD-K84937637-001-21-9,4.5709,5.0,DMSO,K84937637,BRD-K84937637-001-11-5,sirolimus,mTOR inhibitor,BR00122250,E17,9,2660,2660,2660,2660,2023_05_15_Batch1,9.999000099990002e-05,1.0
113,S-C-7314-04-CMP-001,BRD-K88677950-001-04-9,2.3812,5.0,DMSO,K88677950,BRD-K88677950-001-03-9,PD-198306,MAP kinase inhibitor,BR00122250,E18,9,3702,3702,3702,3702,2023_05_15_Batch1,9.999000099990002e-05,0.7166666666666667
114,S-C-7314-04-CMP-001,BRD-K03063480-001-08-9,2.0974,5.0,DMSO,K03063480,BRD-K03063480-001-06-6,PF-477736,CHK inhibitor,BR00122250,E19,9,268,268,268,268,2023_05_15_Batch1,9.999000099990002e-05,0.9166666666666666
115,S-C-7314-04-CMP-001,BRD-K09372874-001-02-9,2.2623,5.0,DMSO,K09372874,BRD-K09372874-001-01-0,merimepodib,inosine monophosphate dehydrogenase inhibitor,BR00122250,E20,9,1447,1447,1447,1447,2023_05_15_Batch1,9.999000099990002e-05,1.0
116,S-C-7314-04-CMP-001,BRD-K69023402-001-03-3,0.2167,0.333,DMSO,K69023402,BRD-K69023402-001-07-4,Thapsigargin,ER stressor (SERCA inhibitor),BR00122250,E21,9,75,75,75,75,2023_05_15_Batch1,9.999000099990002e-05,1.0
117,S-C-7314-04-CMP-001,BRD-K56932272-001-02-9,2.4378,5.0,DMSO,K56932272,BRD-K56932272-001-02-9,BMS-566419,inosine monophosphate dehydrogenase inhibitor,BR00122250,E22,9,2547,2547,2547,2547,2023_05_15_Batch1,9.999000099990002e-05,1.0
118,S-C-7314-04-CMP-001,BRD-K32730239-001-03-9,1.3065,5.0,DMSO,K32730239,BRD-K32730239-001-01-0,SU3327,JNK inhibitor,BR00122250,E23,9,1289,1289,1289,1289,2023_05_15_Batch1,0.2308769123087691,0.022224997224997226
119,S-C-7314-04-CMP-001,,,,DMSO,,,,,BR00122250,E24,9,3932,3932,3932,3932,2023_05_15_Batch1,,
120,S-C-7314-04-CMP-001,BRD-K16189898-001-26-9,2.3267,5.0,DMSO,K16189898,BRD-K16189898-003-03-3,CHIR-99021,glycogen synthase kinase inhibitor,BR00122250,F01,9,3600,3600,3600,3600,2023_05_15_Batch1,9.999000099990002e-05,0.8095238095238094
121,S-C-7314-04-CMP-001,BRD-K73982490-001-04-9,1.8969,5.0,DMSO,K73982490,BRD-K73982490-001-02-9,BI-78D3,JNK inhibitor,BR00122250,F02,9,3977,3977,3977,3977,2023_05_15_Batch1,0.3016698330166983,0.01842650045885308
122,S-C-7314-04-CMP-001,BRD-K86718786-001-03-9,1.4917,5.0,DMSO,K86718786,BRD-K86718786-001-03-9,SGC-707,protein arginine N-methyltransferase inhibitor,BR00122250,F03,9,3956,3956,3956,3956,2023_05_15_Batch1,0.0008999100089991,0.38789682539682535
123,S-C-7314-04-CMP-001,BRD-K61397605-001-04-2,2.7035,5.0,DMSO,K61397605,BRD-K61397605-001-07-5,romidepsin,HDAC inhibitor,BR00122250,F04,9,256,256,256,256,2023_05_15_Batch1,0.00019998000199980003,0.6666666666666666
124,S-C-7314-04-CMP-001,BRD-K56301217-001-02-5,4.0671,5.0,DMSO,K56301217,BRD-K56301217-001-07-4,ABT-737,BCL inhibitor,BR00122250,F05,9,2999,2999,2999,2999,2023_05_15_Batch1,9.999000099990002e-05,0.8666666666666667
125,S-C-7314-04-CMP-001,BRD-K70642949-001-06-9,2.313,5.0,DMSO,K70642949,BRD-K70642949-001-04-5,GSK2334470,phosphoinositide dependent kinase inhibitor,BR00122250,F06,9,3101,3101,3101,3101,2023_05_15_Batch1,0.21437856214378562,0.023464079744419553
126,S-C-7314-04-CMP-001,BRD-K91900765-001-09-9,2.1813,5.0,DMSO,K91900765,BRD-K91900765-001-08-4,VX-745,p38 MAPK inhibitor,BR00122250,F07,9,3878,3878,3878,3878,2023_05_15_Batch1,0.13458654134586542,0.033261741122565865
127,S-C-7314-04-CMP-001,BRD-A22769835-300-05-7,1.9389,5.0,DMSO,A22769835,BRD-A22769835-300-05-7,homochlorcyclizine,antihistamine,BR00122250,F08,9,3999,3999,3999,3999,2023_05_15_Batch1,0.41525847415258477,0.014582240388692
128,S-C-7314-04-CMP-001,BRD-K94455792-001-01-8,2.7432,5.0,DMSO,K94455792,BRD-K94455792-001-01-8,ICG-001,beta-catenin inhibitor,BR00122250,F09,9,3033,3033,3033,3033,2023_05_15_Batch1,0.0086991300869913,0.2507936507936508
129,S-C-7314-04-CMP-001,BRD-K12737986-001-01-4,1.2215,5.0,DMSO,K12737986,BRD-K12737986-001-01-4,veliparib,PARP inhibitor,BR00122250,F10,9,3799,3799,3799,3799,2023_05_15_Batch1,0.20987901209879012,0.02393854807228157
130,S-C-7314-04-CMP-001,BRD-K64881305-001-07-9,2.5853,5.0,DMSO,K64881305,BRD-K64881305-001-05-2,ispinesib,kinesin inhibitor,BR00122250,F11,9,513,513,513,513,2023_05_15_Batch1,0.008799120087991202,0.23040935672514617
131,S-C-7314-04-CMP-001,BRD-K66401437-001-03-3,2.8303,5.0,DMSO,K66401437,BRD-K66401437-001-03-3,THZ1,CDK inhibitor,BR00122250,F12,9,169,169,169,169,2023_05_15_Batch1,0.00019998000199980003,0.625
132,S-C-7314-04-CMP-001,BRD-K21728777-001-03-9,2.5179,5.0,DMSO,K21728777,BRD-K21728777-001-02-3,AMG900,Aurora kinase inhibitor,BR00122250,F13,9,772,772,772,772,2023_05_15_Batch1,9.999000099990002e-05,0.9166666666666666
133,S-C-7314-04-CMP-001,BRD-K85606544-001-07-5,2.7852,5.0,DMSO,K85606544,BRD-K85606544-001-09-1,neratinib,EGFR inhibitor,BR00122250,F14,9,1646,1646,1646,1646,2023_05_15_Batch1,9.999000099990002e-05,1.0
134,S-C-7314-04-CMP-001,BRD-K13606314-001-02-9,1.7411,5.0,DMSO,K13606314,BRD-K13606314-001-01-3,P5091,ubiquitin specific protease inhibitor,BR00122250,F15,9,3634,3634,3634,3634,2023_05_15_Batch1,0.34906509349065096,0.01656530775002848
135,S-C-7314-04-CMP-001,BRD-K82164249-001-03-5,2.2068,5.0,DMSO,K82164249,BRD-K82164249-001-03-5,andarine,androgen receptor modulator,BR00122250,F16,9,4008,4008,4008,4008,2023_05_15_Batch1,0.23807619238076191,0.021684623168023217
136,S-C-7314-04-CMP-001,BRD-K23383398-001-08-1,2.4067,5.0,DMSO,K23383398,BRD-K23383398-001-09-9,T-0901317,LXR agonist,BR00122250,F17,9,3905,3905,3905,3905,2023_05_15_Batch1,9.999000099990002e-05,0.7555555555555555
137,S-C-7314-04-CMP-001,BRD-K37379014-001-02-0,2.1024,5.0,DMSO,K37379014,BRD-K37379014-001-01-2,filanesib,kinesin inhibitor,BR00122250,F18,9,543,543,543,543,2023_05_15_Batch1,9.999000099990002e-05,0.9166666666666666
138,S-C-7314-04-CMP-001,BRD-K83607951-001-04-9,2.1271,5.0,DMSO,K83607951,BRD-K83607951-001-02-2,skepinone-l,p38 MAPK inhibitor,BR00122250,F19,9,3358,3358,3358,3358,2023_05_15_Batch1,0.0004999500049995,0.4306632213608958
139,S-C-7314-04-CMP-001,BRD-K88677950-001-04-9,2.3812,5.0,DMSO,K88677950,BRD-K88677950-001-03-9,PD-198306,MAP kinase inhibitor,BR00122250,F20,9,3637,3637,3637,3637,2023_05_15_Batch1,0.00029997000299970003,0.5075757575757576
140,S-C-7314-04-CMP-001,,,,DMSO,,,,,BR00122250,F21,9,4044,4044,4044,4044,2023_05_15_Batch1,,
141,S-C-7314-04-CMP-001,BRD-K17953061-001-05-1,0.012596,0.027,DMSO,K17953061,BRD-K17953061-001-14-3,Staurosporine,Apoptosis inducer (ATP-competitive kinase inhibitor),BR00122250,F22,9,989,989,989,989,2023_05_15_Batch1,9.999000099990002e-05,0.7777777777777777
142,S-C-7314-04-CMP-001,BRD-K19871656-001-01-3,1.8291,5.0,DMSO,K19871656,BRD-K19871656-001-01-3,CPI-0610,bromodomain inhibitor,BR00122250,F23,9,3155,3155,3155,3155,2023_05_15_Batch1,9.999000099990002e-05,1.0
143,S-C-7314-04-CMP-001,BRD-K23383398-001-08-1,2.4067,5.0,DMSO,K23383398,BRD-K23383398-001-09-9,T-0901317,LXR agonist,BR00122250,F24,9,3964,3964,3964,3964,2023_05_15_Batch1,9.999000099990002e-05,0.75
144,S-C-7314-04-CMP-001,BRD-K86718786-001-03-9,1.4917,5.0,DMSO,K86718786,BRD-K86718786-001-03-9,SGC-707,protein arginine N-methyltransferase inhibitor,BR00122250,G01,9,3871,3871,3871,3871,2023_05_15_Batch1,0.06229377062293771,0.05819418676561534
145,S-C-7314-04-CMP-001,BRD-K20290250-001-03-9,2.0624,5.0,DMSO,K20290250,BRD-K20290250-001-02-1,BIX-02188,MEK inhibitor,BR00122250,G02,9,3773,3773,3773,3773,2023_05_15_Batch1,0.0016998300169983002,0.3558404558404558
146,S-C-7314-04-CMP-001,,,,DMSO,,,,,BR00122250,G03,9,4054,4054,4054,4054,2023_05_15_Batch1,,
147,S-C-7314-04-CMP-001,BRD-K72951360-001-02-9,3.6182,5.0,DMSO,K72951360,BRD-K72951360-001-01-4,valrubicin,DNA inhibitor,BR00122250,G04,9,184,184,184,184,2023_05_15_Batch1,9.999000099990002e-05,0.6805555555555555
148,S-C-7314-04-CMP-001,BRD-K53665955-001-05-9,2.3097,5.0,DMSO,K53665955,BRD-K53665955-001-03-0,MK-5108,Aurora kinase inhibitor,BR00122250,G05,9,2402,2402,2402,2402,2023_05_15_Batch1,9.999000099990002e-05,0.7000000000000001
149,S-C-7314-04-CMP-001,BRD-K82164249-001-03-5,2.2068,5.0,DMSO,K82164249,BRD-K82164249-001-03-5,andarine,androgen receptor modulator,BR00122250,G06,9,4021,4021,4021,4021,2023_05_15_Batch1,0.051594840515948405,0.06537801820820689
150,S-C-7314-04-CMP-001,BRD-K06182768-001-02-3,1.6472,5.0,DMSO,K06182768,BRD-K06182768-001-06-4,A-366,histone lysine methyltransferase inhibitor,BR00122250,G07,9,3719,3719,3719,3719,2023_05_15_Batch1,0.7446255374462554,0.00925366482418459
151,S-C-7314-04-CMP-001,BRD-K62391742-001-19-9,4.3422,5.0,DMSO,K62391742,BRD-K62391742-001-03-0,venetoclax,BCL inhibitor,BR00122250,G08,9,3490,3490,3490,3490,2023_05_15_Batch1,0.0082991700829917,0.2920634920634921
152,S-C-7314-04-CMP-001,BRD-K60130390-001-02-1,2.7335,5.0,DMSO,K60130390,BRD-K60130390-001-02-1,UNC0642,histone lysine methyltransferase inhibitor,BR00122250,G09,9,3720,3720,3720,3720,2023_05_15_Batch1,9.999000099990002e-05,1.0
153,S-C-7314-04-CMP-001,BRD-K00818915-001-02-9,1.7613,5.0,DMSO,K00818915,BRD-K00818915-003-01-8,SHP099,protein tyrosine kinase inhibitor,BR00122250,G10,9,3927,3927,3927,3927,2023_05_15_Batch1,0.1431856814318568,0.03188209418326068
154,S-C-7314-04-CMP-001,BRD-K61397605-001-04-2,2.7035,5.0,DMSO,K61397605,BRD-K61397605-001-07-5,romidepsin,HDAC inhibitor,BR00122250,G11,9,335,335,335,335,2023_05_15_Batch1,9.999000099990002e-05,1.0
155,S-C-7314-04-CMP-001,BRD-K73982490-001-04-9,1.8969,5.0,DMSO,K73982490,BRD-K73982490-001-02-9,BI-78D3,JNK inhibitor,BR00122250,G12,9,3760,3760,3760,3760,2023_05_15_Batch1,0.5878412158784122,0.011274701802761586
156,S-C-7314-04-CMP-001,BRD-K98251413-001-07-9,1.7617,5.0,DMSO,K98251413,BRD-K98251413-001-04-0,IOX2,hypoxia inducible factor inhibitor,BR00122250,G13,9,3848,3848,3848,3848,2023_05_15_Batch1,0.1161883811618838,0.03703661327231121
157,S-C-7314-04-CMP-001,BRD-K61688984-001-04-5,1.812,5.0,DMSO,K61688984,BRD-K61688984-001-02-9,RGFP966,HDAC inhibitor,BR00122250,G14,9,2666,2666,2666,2666,2023_05_15_Batch1,9.999000099990002e-05,1.0
158,S-C-7314-04-CMP-001,BRD-K16189898-001-26-9,2.3267,5.0,DMSO,K16189898,BRD-K16189898-003-03-3,CHIR-99021,glycogen synthase kinase inhibitor,BR00122250,G15,9,3239,3239,3239,3239,2023_05_15_Batch1,9.999000099990002e-05,0.7011494252873564
159,S-C-7314-04-CMP-001,BRD-K66430217-001-05-9,1.6909,5.0,DMSO,K66430217,BRD-K66430217-001-03-8,KH-CB19,CDC inhibitor,BR00122250,G16,9,4117,4117,4117,4117,2023_05_15_Batch1,0.1504849515048495,0.03089920831856316
160,S-C-7314-04-CMP-001,BRD-K75009076-001-04-9,1.8813,5.0,DMSO,K75009076,BRD-K75009076-001-02-1,SCH-900776,CHK inhibitor,BR00122250,G17,9,586,586,586,586,2023_05_15_Batch1,9.999000099990002e-05,0.7222222222222223
161,S-C-7314-04-CMP-001,BRD-K38627885-001-01-9,2.0674,5.0,DMSO,K38627885,BRD-K38627885-001-01-9,APY0201,phosphoinositide dependent kinase inhibitor,BR00122250,G18,9,2262,2262,2262,2262,2023_05_15_Batch1,9.999000099990002e-05,1.0
162,S-C-7314-04-CMP-001,BRD-A12994259-001-11-9,1.3662,5.0,DMSO,A12994259,BRD-A12994259-001-02-1,pomalidomide,tumor necrosis factor production inhibitor,BR00122250,G19,9,3949,3949,3949,3949,2023_05_15_Batch1,0.3320667933206679,0.017153231663035586
163,S-C-7314-04-CMP-001,BRD-K87632963-001-05-9,2.0918,5.0,DMSO,K87632963,BRD-K87632963-001-05-9,GNF-5,Bcr-Abl kinase inhibitor,BR00122250,G20,9,3721,3721,3721,3721,2023_05_15_Batch1,0.051394860513948606,0.0657840083073728
164,S-C-7314-04-CMP-001,BRD-K49669041-001-10-9,2.3568,5.0,DMSO,K49669041,BRD-K49669041-001-08-4,BX-912,pyruvate dehydrogenase kinase inhibitor,BR00122250,G21,9,1275,1275,1275,1275,2023_05_15_Batch1,9.999000099990002e-05,0.9166666666666666
165,S-C-7314-04-CMP-001,BRD-A22769835-300-05-7,1.9389,5.0,DMSO,A22769835,BRD-A22769835-300-05-7,homochlorcyclizine,antihistamine,BR00122250,G22,9,3925,3925,3925,3925,2023_05_15_Batch1,0.43815618438156184,0.013993420650590902
166,S-C-7314-04-CMP-001,BRD-K86118762-001-05-9,2.1075,5.0,DMSO,K86118762,BRD-K86118762-001-08-9,linsitinib,IGF-1 inhibitor,BR00122250,G23,9,3104,3104,3104,3104,2023_05_15_Batch1,0.0005999400059994001,0.4116161616161616
167,S-C-7314-04-CMP-001,BRD-K39520573-001-01-2,2.6047,5.0,DMSO,K39520573,BRD-K39520573-001-03-8,GW-5074,RAF inhibitor,BR00122250,G24,9,4305,4305,4305,4305,2023_05_15_Batch1,0.0770922907709229,0.04985754985754986
168,S-C-7314-04-CMP-001,BRD-K50055394-001-04-9,2.0844,5.0,DMSO,K50055394,BRD-K50055394-001-03-6,halopemide,phospholipase inhibitor,BR00122250,H01,9,3592,3592,3592,3592,2023_05_15_Batch1,9.999000099990002e-05,0.9166666666666666
169,S-C-7314-04-CMP-001,BRD-K25433859-003-03-1,1.5693,5.0,DMSO,K25433859,BRD-K25433859-003-23-9,maprotiline,tricyclic antidepressant,BR00122250,H02,9,4040,4040,4040,4040,2023_05_15_Batch1,0.5785421457854215,0.011404369494475765
170,S-C-7314-04-CMP-001,BRD-K53972329-001-12-9,1.5318,5.0,DMSO,K53972329,BRD-K53972329-001-07-0,ruxolitinib,JAK inhibitor,BR00122250,H03,9,3892,3892,3892,3892,2023_05_15_Batch1,0.0183981601839816,0.14600437876299943
171,S-C-7314-04-CMP-001,BRD-K91900765-001-09-9,2.1813,5.0,DMSO,K91900765,BRD-K91900765-001-08-4,VX-745,p38 MAPK inhibitor,BR00122250,H04,9,3845,3845,3845,3845,2023_05_15_Batch1,0.17448255174482552,0.027548639562014293
172,S-C-7314-04-CMP-001,BRD-K39974922-001-05-9,2.1343,5.0,DMSO,K39974922,BRD-K39974922-001-04-3,lenvatinib,FGFR inhibitor,BR00122250,H05,9,3156,3156,3156,3156,2023_05_15_Batch1,0.0958904109589041,0.04251236568309739
173,S-C-7314-04-CMP-001,,,,DMSO,,,,,BR00122250,H06,9,3919,3919,3919,3919,2023_05_15_Batch1,,
174,S-C-7314-04-CMP-001,BRD-K39520573-001-01-2,2.6047,5.0,DMSO,K39520573,BRD-K39520573-001-03-8,GW-5074,RAF inhibitor,BR00122250,H07,9,4106,4106,4106,4106,2023_05_15_Batch1,0.029797020297970205,0.10302197802197803
175,S-C-7314-04-CMP-001,BRD-K73397362-001-09-9,2.6031,5.0,DMSO,K73397362,BRD-K73397362-001-06-6,purmorphamine,smoothened receptor agonist,BR00122250,H08,9,3955,3955,3955,3955,2023_05_15_Batch1,0.00029997000299970003,0.5499999999999999
176,S-C-7314-04-CMP-001,BRD-K45909031-001-03-9,2.4849,5.0,DMSO,K45909031,BRD-K45909031-001-01-5,WZ4003,AMPK inhibitor,BR00122250,H09,9,3376,3376,3376,3376,2023_05_15_Batch1,0.11628837116288371,0.03695408734602463
177,S-C-7314-04-CMP-001,BRD-K53972329-001-12-9,1.5318,5.0,DMSO,K53972329,BRD-K53972329-001-07-0,ruxolitinib,JAK inhibitor,BR00122250,H10,9,4063,4063,4063,4063,2023_05_15_Batch1,0.00019998000199980003,0.5669191919191919
178,S-C-7314-04-CMP-001,BRD-K70446295-001-04-9,1.9172,5.0,DMSO,K70446295,BRD-K70446295-001-01-7,EPZ015666,protein arginine N-methyltransferase inhibitor,BR00122250,H11,9,3531,3531,3531,3531,2023_05_15_Batch1,0.06529347065293471,0.05605633802816901
179,S-C-7314-04-CMP-001,BRD-K16189898-001-26-9,2.3267,5.0,DMSO,K16189898,BRD-K16189898-003-03-3,CHIR-99021,glycogen synthase kinase inhibitor,BR00122250,H12,9,3447,3447,3447,3447,2023_05_15_Batch1,9.999000099990002e-05,0.7254901960784315
180,S-C-7314-04-CMP-001,BRD-K16803204-001-02-9,2.1275,5.0,DMSO,K16803204,BRD-K16803204-001-01-6,filgotinib,JAK inhibitor,BR00122250,H13,9,3858,3858,3858,3858,2023_05_15_Batch1,0.8289171082891711,0.008331929027247621
181,S-C-7314-04-CMP-001,BRD-K06182768-001-02-3,1.6472,5.0,DMSO,K06182768,BRD-K06182768-001-06-4,A-366,histone lysine methyltransferase inhibitor,BR00122250,H14,9,4113,4113,4113,4113,2023_05_15_Batch1,0.8342165783421658,0.008264313683032895
182,S-C-7314-04-CMP-001,BRD-K99092662-001-02-9,1.5286,5.0,DMSO,K99092662,BRD-K99092662-001-01-1,PS178990,androgen receptor modulator,BR00122250,H15,9,4228,4228,4228,4228,2023_05_15_Batch1,0.2742725727427257,0.019756284634674645
183,S-C-7314-04-CMP-001,BRD-K87632963-001-05-9,2.0918,5.0,DMSO,K87632963,BRD-K87632963-001-05-9,GNF-5,Bcr-Abl kinase inhibitor,BR00122250,H16,9,3912,3912,3912,3912,2023_05_15_Batch1,0.0006999300069993001,0.4000000000000001
184,S-C-7314-04-CMP-001,BRD-K86118762-001-05-9,2.1075,5.0,DMSO,K86118762,BRD-K86118762-001-08-9,linsitinib,IGF-1 inhibitor,BR00122250,H17,9,2937,2937,2937,2937,2023_05_15_Batch1,0.00029997000299970003,0.46527777777777773
185,S-C-7314-04-CMP-001,BRD-K13094524-001-10-9,1.7369,5.0,DMSO,K13094524,BRD-K13094524-001-04-2,PFI-1,bromodomain inhibitor,BR00122250,H18,9,3606,3606,3606,3606,2023_05_15_Batch1,0.0020997900209979003,0.3513416815742397
186,S-C-7314-04-CMP-001,BRD-K04923131-001-17-9,1.7809,5.0,DMSO,K04923131,BRD-K04923131-001-15-4,GSK-3-inhibitor-IX,glycogen synthase kinase inhibitor,BR00122250,H19,9,1540,1540,1540,1540,2023_05_15_Batch1,9.999000099990002e-05,1.0
187,S-C-7314-04-CMP-001,BRD-K86118762-001-05-9,2.1075,5.0,DMSO,K86118762,BRD-K86118762-001-08-9,linsitinib,IGF-1 inhibitor,BR00122250,H20,9,3329,3329,3329,3329,2023_05_15_Batch1,0.0091990800919908,0.2074074074074074
188,S-C-7314-04-CMP-001,BRD-K72898849-001-03-9,2.5469,5.0,DMSO,K72898849,BRD-K72898849-001-01-8,BLU9931,FGFR inhibitor,BR00122250,H21,9,2634,2634,2634,2634,2023_05_15_Batch1,9.999000099990002e-05,0.7666666666666666
189,S-C-7314-04-CMP-001,BRD-K16803204-001-02-9,2.1275,5.0,DMSO,K16803204,BRD-K16803204-001-01-6,filgotinib,JAK inhibitor,BR00122250,H22,9,4082,4082,4082,4082,2023_05_15_Batch1,0.1024897510248975,0.0398635846911709
190,S-C-7314-04-CMP-001,BRD-K83192048-050-01-9,2.0425,5.0,DMSO,K83192048,BRD-K83192048-050-03-5,dimethindene-(S)-(+),acetylcholine receptor antagonist,BR00122250,H23,9,4177,4177,4177,4177,2023_05_15_Batch1,0.07289271072892711,0.05257936507936508
191,S-C-7314-04-CMP-001,BRD-K03063480-001-08-9,2.0974,5.0,DMSO,K03063480,BRD-K03063480-001-06-6,PF-477736,CHK inhibitor,BR00122250,H24,9,244,244,244,244,2023_05_15_Batch1,9.999000099990002e-05,1.0
192,S-C-7314-04-CMP-001,BRD-K99092662-001-02-9,1.5286,5.0,DMSO,K99092662,BRD-K99092662-001-01-1,PS178990,androgen receptor modulator,BR00122250,I01,9,3842,3842,3842,3842,2023_05_15_Batch1,0.8911108889111089,0.007604683261912787
193,S-C-7314-04-CMP-001,BRD-K33818169-003-04-6,3.0926,5.0,DMSO,K33818169,BRD-K33818169-003-04-6,GW-3965,LXR agonist,BR00122250,I02,9,4208,4208,4208,4208,2023_05_15_Batch1,0.0006999300069993001,0.4001248439450687
194,S-C-7314-04-CMP-001,BRD-K20290250-001-03-9,2.0624,5.0,DMSO,K20290250,BRD-K20290250-001-02-1,BIX-02188,MEK inhibitor,BR00122250,I03,9,3952,3952,3952,3952,2023_05_15_Batch1,0.000999900009999,0.3702107279693487
195,S-C-7314-04-CMP-001,BRD-K53972329-001-12-9,1.5318,5.0,DMSO,K53972329,BRD-K53972329-001-07-0,ruxolitinib,JAK inhibitor,BR00122250,I04,9,4269,4269,4269,4269,2023_05_15_Batch1,0.0082991700829917,0.28835978835978837
196,S-C-7314-04-CMP-001,BRD-K70642949-001-06-9,2.313,5.0,DMSO,K70642949,BRD-K70642949-001-04-5,GSK2334470,phosphoinositide dependent kinase inhibitor,BR00122250,I05,9,3131,3131,3131,3131,2023_05_15_Batch1,9.999000099990002e-05,0.6833333333333332
197,S-C-7314-04-CMP-001,BRD-K19871656-001-01-3,1.8291,5.0,DMSO,K19871656,BRD-K19871656-001-01-3,CPI-0610,bromodomain inhibitor,BR00122250,I06,9,3097,3097,3097,3097,2023_05_15_Batch1,9.999000099990002e-05,0.7777777777777777
198,S-C-7314-04-CMP-001,BRD-K12511835-003-03-9,1.6309,5.0,DMSO,K12511835,BRD-K12511835-003-01-2,BMS-863233,CDC inhibitor,BR00122250,I07,9,3098,3098,3098,3098,2023_05_15_Batch1,9.999000099990002e-05,1.0
199,S-C-7314-04-CMP-001,BRD-K69023402-001-03-3,0.2167,0.333,DMSO,K69023402,BRD-K69023402-001-07-4,Thapsigargin,ER stressor (SERCA inhibitor),BR00122250,I08,9,88,88,88,88,2023_05_15_Batch1,9.999000099990002e-05,1.0
200,S-C-7314-04-CMP-001,BRD-K57080016-001-19-1,2.2884,5.0,DMSO,K57080016,BRD-K57080016-001-01-9,selumetinib,MEK inhibitor,BR00122250,I09,9,3453,3453,3453,3453,2023_05_15_Batch1,9.999000099990002e-05,0.7777777777777777
201,S-C-7314-04-CMP-001,BRD-K02965346-001-01-8,2.8404,5.0,DMSO,K02965346,BRD-K02965346-001-07-5,SU-11274,hepatocyte growth factor receptor inhibitor,BR00122250,I10,9,1811,1811,1811,1811,2023_05_15_Batch1,9.999000099990002e-05,0.8333333333333334
202,S-C-7314-04-CMP-001,BRD-K13606314-001-02-9,1.7411,5.0,DMSO,K13606314,BRD-K13606314-001-01-3,P5091,ubiquitin specific protease inhibitor,BR00122250,I11,9,3693,3693,3693,3693,2023_05_15_Batch1,0.18018198180181982,0.026857155846517548
203,S-C-7314-04-CMP-001,BRD-K67578145-001-13-9,1.6719,5.0,DMSO,K67578145,BRD-K67578145-001-09-7,GDC-0879,RAF inhibitor,BR00122250,I12,9,4314,4314,4314,4314,2023_05_15_Batch1,9.999000099990002e-05,1.0
204,S-C-7314-04-CMP-001,BRD-K66430217-001-05-9,1.6909,5.0,DMSO,K66430217,BRD-K66430217-001-03-8,KH-CB19,CDC inhibitor,BR00122250,I13,9,4085,4085,4085,4085,2023_05_15_Batch1,0.0484951504849515,0.07100443416232889
205,S-C-7314-04-CMP-001,BRD-K53665955-001-05-9,2.3097,5.0,DMSO,K53665955,BRD-K53665955-001-03-0,MK-5108,Aurora kinase inhibitor,BR00122250,I14,9,2765,2765,2765,2765,2023_05_15_Batch1,0.00029997000299970003,0.4666666666666666
206,S-C-7314-04-CMP-001,BRD-K39974922-001-05-9,2.1343,5.0,DMSO,K39974922,BRD-K39974922-001-04-3,lenvatinib,FGFR inhibitor,BR00122250,I15,9,3183,3183,3183,3183,2023_05_15_Batch1,0.008799120087991202,0.2333333333333333
207,S-C-7314-04-CMP-001,BRD-K85776940-001-01-9,1.983,5.0,DMSO,K85776940,BRD-K85776940-001-01-9,delta-Tocotrienol,HMGCR inhibitor,BR00122250,I16,9,4388,4388,4388,4388,2023_05_15_Batch1,0.2890710928907109,0.019056281230823178
208,S-C-7314-04-CMP-001,BRD-K37379014-001-02-0,2.1024,5.0,DMSO,K37379014,BRD-K37379014-001-01-2,filanesib,kinesin inhibitor,BR00122250,I17,9,493,493,493,493,2023_05_15_Batch1,9.999000099990002e-05,0.9166666666666666
209,S-C-7314-04-CMP-001,BRD-K83192048-050-01-9,2.0425,5.0,DMSO,K83192048,BRD-K83192048-050-03-5,dimethindene-(S)-(+),acetylcholine receptor antagonist,BR00122250,I18,9,4050,4050,4050,4050,2023_05_15_Batch1,0.0852914708529147,0.04611814875203813
210,S-C-7314-04-CMP-001,,,,DMSO,,,,,BR00122250,I19,9,4276,4276,4276,4276,2023_05_15_Batch1,,
211,S-C-7314-04-CMP-001,BRD-K82941592-238-06-9,2.6182,5.0,DMSO,K82941592,BRD-K82941592-238-03-7,rosuvastatin,HMGCR inhibitor,BR00122250,I20,9,3782,3782,3782,3782,2023_05_15_Batch1,0.5134486551344866,0.012548705379587731
212,S-C-7314-04-CMP-001,BRD-K54955827-001-03-9,1.6019,5.0,DMSO,K54955827,BRD-K54955827-001-02-2,niraparib,PARP inhibitor,BR00122250,I21,9,2179,2179,2179,2179,2023_05_15_Batch1,9.999000099990002e-05,0.7222222222222223
213,S-C-7314-04-CMP-001,BRD-K66401437-001-03-3,2.8303,5.0,DMSO,K66401437,BRD-K66401437-001-03-3,THZ1,CDK inhibitor,BR00122250,I22,9,92,92,92,92,2023_05_15_Batch1,9.999000099990002e-05,0.9166666666666666
214,S-C-7314-04-CMP-001,BRD-K45909031-001-03-9,2.4849,5.0,DMSO,K45909031,BRD-K45909031-001-01-5,WZ4003,AMPK inhibitor,BR00122250,I23,9,3495,3495,3495,3495,2023_05_15_Batch1,0.1496850314968503,0.031073038947054696
215,S-C-7314-04-CMP-001,BRD-K93942811-001-03-9,1.9224,5.0,DMSO,K93942811,BRD-K93942811-001-01-3,ML-323,ubiquitin specific protease inhibitor,BR00122250,I24,9,3603,3603,3603,3603,2023_05_15_Batch1,0.22777722227777222,0.022478158136549936
216,S-C-7314-04-CMP-001,,,,DMSO,,,,,BR00122250,J01,9,3937,3937,3937,3937,2023_05_15_Batch1,,
217,S-C-7314-04-CMP-001,BRD-K69023402-001-03-3,0.2167,0.333,DMSO,K69023402,BRD-K69023402-001-07-4,Thapsigargin,ER stressor (SERCA inhibitor),BR00122250,J02,9,128,128,128,128,2023_05_15_Batch1,9.999000099990002e-05,1.0
218,S-C-7314-04-CMP-001,BRD-K12511835-003-03-9,1.6309,5.0,DMSO,K12511835,BRD-K12511835-003-01-2,BMS-863233,CDC inhibitor,BR00122250,J03,9,3277,3277,3277,3277,2023_05_15_Batch1,9.999000099990002e-05,1.0
219,S-C-7314-04-CMP-001,BRD-K06883221-001-02-9,2.0725,5.0,DMSO,K06883221,BRD-K06883221-001-01-9,apratastat,tumor necrosis factor production inhibitor,BR00122250,J04,9,4030,4030,4030,4030,2023_05_15_Batch1,0.2792720727927207,0.019476099510352854
220,S-C-7314-04-CMP-001,BRD-K12737986-001-01-4,1.2215,5.0,DMSO,K12737986,BRD-K12737986-001-01-4,veliparib,PARP inhibitor,BR00122250,J05,9,4110,4110,4110,4110,2023_05_15_Batch1,0.31386861313868614,0.017962360555665673
221,S-C-7314-04-CMP-001,BRD-K19477839-001-10-9,1.797,5.0,DMSO,K19477839,BRD-K19477839-001-07-6,SGX523,hepatocyte growth factor receptor inhibitor,BR00122250,J06,9,3840,3840,3840,3840,2023_05_15_Batch1,0.9359064093590641,0.007092890206480472
222,S-C-7314-04-CMP-001,BRD-A12994259-001-11-9,1.3662,5.0,DMSO,A12994259,BRD-A12994259-001-02-1,pomalidomide,tumor necrosis factor production inhibitor,BR00122250,J07,9,4096,4096,4096,4096,2023_05_15_Batch1,0.0018998100189981002,0.3527640941434045
223,S-C-7314-04-CMP-001,BRD-K60130390-001-02-1,2.7335,5.0,DMSO,K60130390,BRD-K60130390-001-02-1,UNC0642,histone lysine methyltransferase inhibitor,BR00122250,J08,9,3463,3463,3463,3463,2023_05_15_Batch1,9.999000099990002e-05,1.0
224,S-C-7314-04-CMP-001,BRD-K98203492-001-06-9,2.0875,5.0,DMSO,K98203492,BRD-K98203492-003-04-1,GSK-J4,histone lysine demethylase inhibitor,BR00122250,J09,9,1358,1358,1358,1358,2023_05_15_Batch1,9.999000099990002e-05,1.0
225,S-C-7314-04-CMP-001,BRD-K83192048-050-01-9,2.0425,5.0,DMSO,K83192048,BRD-K83192048-050-03-5,dimethindene-(S)-(+),acetylcholine receptor antagonist,BR00122250,J10,9,3833,3833,3833,3833,2023_05_15_Batch1,0.3611638836116388,0.016135119442601195
226,S-C-7314-04-CMP-001,BRD-K36234266-001-10-6,1.0702,5.0,DMSO,K36234266,BRD-K36234266-001-09-8,carmustine,DNA inhibitor,BR00122250,J11,9,3917,3917,3917,3917,2023_05_15_Batch1,0.10268973102689731,0.039814023887665036
227,S-C-7314-04-CMP-001,BRD-K57080016-001-19-1,2.2884,5.0,DMSO,K57080016,BRD-K57080016-001-01-9,selumetinib,MEK inhibitor,BR00122250,J12,9,3330,3330,3330,3330,2023_05_15_Batch1,9.999000099990002e-05,0.6952380952380953
228,S-C-7314-04-CMP-001,BRD-K93942811-001-03-9,1.9224,5.0,DMSO,K93942811,BRD-K93942811-001-01-3,ML-323,ubiquitin specific protease inhibitor,BR00122250,J13,9,3542,3542,3542,3542,2023_05_15_Batch1,0.048795120487951205,0.06935000809454428
229,S-C-7314-04-CMP-001,,,,DMSO,,,,,BR00122250,J14,9,3978,3978,3978,3978,2023_05_15_Batch1,,
230,S-C-7314-04-CMP-001,BRD-K67772619-001-06-9,1.4213,5.0,DMSO,K67772619,BRD-K67772619-001-05-1,rheochrysidin,protein tyrosine kinase inhibitor,BR00122250,J15,9,3812,3812,3812,3812,2023_05_15_Batch1,0.752024797520248,0.0091850040256806
231,S-C-7314-04-CMP-001,BRD-K25611237-001-09-9,1.7471,5.0,DMSO,K25611237,BRD-K25611237-001-02-1,ML324,histone lysine demethylase inhibitor,BR00122250,J16,9,3474,3474,3474,3474,2023_05_15_Batch1,0.40915908409159085,0.01476166086541443
232,S-C-7314-04-CMP-001,BRD-K33818169-003-04-6,3.0926,5.0,DMSO,K33818169,BRD-K33818169-003-04-6,GW-3965,LXR agonist,BR00122250,J17,9,4324,4324,4324,4324,2023_05_15_Batch1,0.028997100289971003,0.10860781730346948
233,S-C-7314-04-CMP-001,BRD-A53576514-048-02-8,2.3075,5.0,DMSO,A53576514,BRD-A53576514-048-14-3,orphenadrine,acetylcholine receptor antagonist,BR00122250,J18,9,3971,3971,3971,3971,2023_05_15_Batch1,0.07089291070892911,0.05371120107962213
234,S-C-7314-04-CMP-001,BRD-K25433859-003-03-1,1.5693,5.0,DMSO,K25433859,BRD-K25433859-003-23-9,maprotiline,tricyclic antidepressant,BR00122250,J19,9,3945,3945,3945,3945,2023_05_15_Batch1,0.3434656534346565,0.016750883817350584
235,S-C-7314-04-CMP-001,BRD-K76908866-001-08-9,2.3477,5.0,DMSO,K76908866,BRD-K76908866-001-07-6,CP-724714,EGFR inhibitor,BR00122250,J20,9,3913,3913,3913,3913,2023_05_15_Batch1,0.625037496250375,0.010727151647401116
236,S-C-7314-04-CMP-001,BRD-K54955827-001-03-9,1.6019,5.0,DMSO,K54955827,BRD-K54955827-001-02-2,niraparib,PARP inhibitor,BR00122250,J21,9,2174,2174,2174,2174,2023_05_15_Batch1,9.999000099990002e-05,0.7166666666666667
237,S-C-7314-04-CMP-001,BRD-K72951360-001-02-9,3.6182,5.0,DMSO,K72951360,BRD-K72951360-001-01-4,valrubicin,DNA inhibitor,BR00122250,J22,9,217,217,217,217,2023_05_15_Batch1,9.999000099990002e-05,0.7222222222222222
238,S-C-7314-04-CMP-001,BRD-K38627885-001-01-9,2.0674,5.0,DMSO,K38627885,BRD-K38627885-001-01-9,APY0201,phosphoinositide dependent kinase inhibitor,BR00122250,J23,9,2298,2298,2298,2298,2023_05_15_Batch1,9.999000099990002e-05,1.0
239,S-C-7314-04-CMP-001,BRD-K61688984-001-04-5,1.812,5.0,DMSO,K61688984,BRD-K61688984-001-02-9,RGFP966,HDAC inhibitor,BR00122250,J24,9,2571,2571,2571,2571,2023_05_15_Batch1,9.999000099990002e-05,0.8055555555555555
240,S-C-7314-04-CMP-001,BRD-K64881305-001-07-9,2.5853,5.0,DMSO,K64881305,BRD-K64881305-001-05-2,ispinesib,kinesin inhibitor,BR00122250,K01,9,425,425,425,425,2023_05_15_Batch1,0.0008999100089991,0.37574159525379036
241,S-C-7314-04-CMP-001,BRD-K83607951-001-04-9,2.1271,5.0,DMSO,K83607951,BRD-K83607951-001-02-2,skepinone-l,p38 MAPK inhibitor,BR00122250,K02,9,2900,2900,2900,2900,2023_05_15_Batch1,0.0282971702829717,0.11526001705029838
242,S-C-7314-04-CMP-001,BRD-K97452254-001-02-9,2.3578,5.0,DMSO,K97452254,BRD-K97452254-001-01-3,AMG-925,CDK inhibitor,BR00122250,K03,9,1924,1924,1924,1924,2023_05_15_Batch1,9.999000099990002e-05,1.0
243,S-C-7314-04-CMP-001,,,,DMSO,,,,,BR00122250,K04,9,4057,4057,4057,4057,2023_05_15_Batch1,,
244,S-C-7314-04-CMP-001,BRD-K82164249-001-03-5,2.2068,5.0,DMSO,K82164249,BRD-K82164249-001-03-5,andarine,androgen receptor modulator,BR00122250,K05,9,4033,4033,4033,4033,2023_05_15_Batch1,0.073992600739926,0.05176200459219327
245,S-C-7314-04-CMP-001,BRD-K54955827-001-03-9,1.6019,5.0,DMSO,K54955827,BRD-K54955827-001-02-2,niraparib,PARP inhibitor,BR00122250,K06,9,2294,2294,2294,2294,2023_05_15_Batch1,9.999000099990002e-05,0.7777777777777777
246,S-C-7314-04-CMP-001,BRD-K99113996-001-02-0,2.3127,5.0,DMSO,K99113996,BRD-K99113996-001-02-0,AZD2014,mTOR inhibitor,BR00122250,K07,9,1389,1389,1389,1389,2023_05_15_Batch1,9.999000099990002e-05,1.0
247,S-C-7314-04-CMP-001,,,,DMSO,,,,,BR00122250,K09,9,3782,3782,3782,3782,2023_05_15_Batch1,,
248,S-C-7314-04-CMP-001,BRD-K91900765-001-09-9,2.1813,5.0,DMSO,K91900765,BRD-K91900765-001-08-4,VX-745,p38 MAPK inhibitor,BR00122250,K08,9,3760,3760,3760,3760,2023_05_15_Batch1,0.06929307069293071,0.054292527821939586
249,S-C-7314-04-CMP-001,BRD-K32730239-001-03-9,1.3065,5.0,DMSO,K32730239,BRD-K32730239-001-01-0,SU3327,JNK inhibitor,BR00122250,K10,9,3643,3643,3643,3643,2023_05_15_Batch1,0.8168183181681832,0.008460177815016524
250,S-C-7314-04-CMP-001,BRD-K63631219-001-01-6,1.1784,5.0,DMSO,K63631219,BRD-K63631219-001-01-6,quazinone,phosphodiesterase inhibitor,BR00122250,K11,9,3708,3708,3708,3708,2023_05_15_Batch1,0.44085591440855915,0.013929830852907776
251,S-C-7314-04-CMP-001,BRD-K73397362-001-09-9,2.6031,5.0,DMSO,K73397362,BRD-K73397362-001-06-6,purmorphamine,smoothened receptor agonist,BR00122250,K12,9,3779,3779,3779,3779,2023_05_15_Batch1,0.0012998700129987,0.3621916508538899
252,S-C-7314-04-CMP-001,BRD-K88677950-001-04-9,2.3812,5.0,DMSO,K88677950,BRD-K88677950-001-03-9,PD-198306,MAP kinase inhibitor,BR00122250,K13,9,3478,3478,3478,3478,2023_05_15_Batch1,0.08969103089691031,0.04458235434331052
253,S-C-7314-04-CMP-001,BRD-K24600306-003-02-9,2.3445,5.0,DMSO,K24600306,BRD-K24600306-003-02-9,ML-298,phospholipase inhibitor,BR00122250,K14,9,3729,3729,3729,3729,2023_05_15_Batch1,0.8609139086091391,0.007949686223060734
254,S-C-7314-04-CMP-001,BRD-K01826510-001-09-9,1.8745,5.0,DMSO,K01826510,BRD-K01826510-300-06-9,hydroxyzine,antihistamine,BR00122250,K15,9,3855,3855,3855,3855,2023_05_15_Batch1,0.054594540545945404,0.06360345307713729
255,S-C-7314-04-CMP-001,BRD-K25611237-001-09-9,1.7471,5.0,DMSO,K25611237,BRD-K25611237-001-02-1,ML324,histone lysine demethylase inhibitor,BR00122250,K16,9,3482,3482,3482,3482,2023_05_15_Batch1,0.31016898310168983,0.018118379643126792
256,S-C-7314-04-CMP-001,BRD-K66401437-001-03-3,2.8303,5.0,DMSO,K66401437,BRD-K66401437-001-03-3,THZ1,CDK inhibitor,BR00122250,K17,9,124,124,124,124,2023_05_15_Batch1,9.999000099990002e-05,1.0
257,S-C-7314-04-CMP-001,BRD-K30707190-001-06-9,1.6017,5.0,DMSO,K30707190,BRD-K30707190-001-04-1,PNU-74654,beta-catenin inhibitor,BR00122250,K18,9,3800,3800,3800,3800,2023_05_15_Batch1,0.2318768123187681,0.0221341196754843
258,S-C-7314-04-CMP-001,BRD-K04923131-001-17-9,1.7809,5.0,DMSO,K04923131,BRD-K04923131-001-15-4,GSK-3-inhibitor-IX,glycogen synthase kinase inhibitor,BR00122250,K19,9,1518,1518,1518,1518,2023_05_15_Batch1,9.999000099990002e-05,1.0
259,S-C-7314-04-CMP-001,BRD-K84937637-001-21-9,4.5709,5.0,DMSO,K84937637,BRD-K84937637-001-11-5,sirolimus,mTOR inhibitor,BR00122250,K20,9,2665,2665,2665,2665,2023_05_15_Batch1,9.999000099990002e-05,1.0
260,S-C-7314-04-CMP-001,BRD-K50055394-001-04-9,2.0844,5.0,DMSO,K50055394,BRD-K50055394-001-03-6,halopemide,phospholipase inhibitor,BR00122250,K21,9,3661,3661,3661,3661,2023_05_15_Batch1,0.00019998000199980003,0.6
261,S-C-7314-04-CMP-001,BRD-K03063480-001-08-9,2.0974,5.0,DMSO,K03063480,BRD-K03063480-001-06-6,PF-477736,CHK inhibitor,BR00122250,K22,9,252,252,252,252,2023_05_15_Batch1,9.999000099990002e-05,1.0
262,S-C-7314-04-CMP-001,BRD-K16803204-001-02-9,2.1275,5.0,DMSO,K16803204,BRD-K16803204-001-01-6,filgotinib,JAK inhibitor,BR00122250,K23,9,3842,3842,3842,3842,2023_05_15_Batch1,0.0375962403759624,0.0871716611172771
263,S-C-7314-04-CMP-001,BRD-K23383398-001-08-1,2.4067,5.0,DMSO,K23383398,BRD-K23383398-001-09-9,T-0901317,LXR agonist,BR00122250,K24,9,4029,4029,4029,4029,2023_05_15_Batch1,9.999000099990002e-05,0.8666666666666667
264,S-C-7314-04-CMP-001,BRD-K73397362-001-09-9,2.6031,5.0,DMSO,K73397362,BRD-K73397362-001-06-6,purmorphamine,smoothened receptor agonist,BR00122250,L01,9,3710,3710,3710,3710,2023_05_15_Batch1,0.08409159084091591,0.04671052631578947
265,S-C-7314-04-CMP-001,BRD-K39520573-001-01-2,2.6047,5.0,DMSO,K39520573,BRD-K39520573-001-03-8,GW-5074,RAF inhibitor,BR00122250,L02,9,4130,4130,4130,4130,2023_05_15_Batch1,0.0484951504849515,0.07077991452991453
266,S-C-7314-04-CMP-001,BRD-K60130390-001-02-1,2.7335,5.0,DMSO,K60130390,BRD-K60130390-001-02-1,UNC0642,histone lysine methyltransferase inhibitor,BR00122250,L03,9,3853,3853,3853,3853,2023_05_15_Batch1,9.999000099990002e-05,1.0
267,S-C-7314-04-CMP-001,BRD-K86718786-001-03-9,1.4917,5.0,DMSO,K86718786,BRD-K86718786-001-03-9,SGC-707,protein arginine N-methyltransferase inhibitor,BR00122250,L04,9,3933,3933,3933,3933,2023_05_15_Batch1,0.008999100089991,0.2221915285451197
268,S-C-7314-04-CMP-001,BRD-K97452254-001-02-9,2.3578,5.0,DMSO,K97452254,BRD-K97452254-001-01-3,AMG-925,CDK inhibitor,BR00122250,L05,9,2026,2026,2026,2026,2023_05_15_Batch1,9.999000099990002e-05,1.0
269,S-C-7314-04-CMP-001,BRD-K70578146-001-13-9,0.16697,0.133,DMSO,K70578146,BRD-K70578146-001-09-1,DACTINOMYCIN,Apoptosis inducer (transcription inhibitor),BR00122250,L06,9,170,170,170,170,2023_05_15_Batch1,9.999000099990002e-05,0.7777777777777777
270,S-C-7314-04-CMP-001,,,,DMSO,,,,,BR00122250,L07,9,4027,4027,4027,4027,2023_05_15_Batch1,,
271,S-C-7314-04-CMP-001,BRD-K32730239-001-03-9,1.3065,5.0,DMSO,K32730239,BRD-K32730239-001-01-0,SU3327,JNK inhibitor,BR00122250,L08,9,3871,3871,3871,3871,2023_05_15_Batch1,0.47195280471952805,0.013301437424070042
272,S-C-7314-04-CMP-001,BRD-K20290250-001-03-9,2.0624,5.0,DMSO,K20290250,BRD-K20290250-001-02-1,BIX-02188,MEK inhibitor,BR00122250,L09,9,3717,3717,3717,3717,2023_05_15_Batch1,0.019998000199980003,0.133364602876798
273,S-C-7314-04-CMP-001,BRD-K38627885-001-01-9,2.0674,5.0,DMSO,K38627885,BRD-K38627885-001-01-9,APY0201,phosphoinositide dependent kinase inhibitor,BR00122250,L10,9,2113,2113,2113,2113,2023_05_15_Batch1,0.00019998000199980003,0.6388888888888888
274,S-C-7314-04-CMP-001,BRD-K24600306-003-02-9,2.3445,5.0,DMSO,K24600306,BRD-K24600306-003-02-9,ML-298,phospholipase inhibitor,BR00122250,L11,9,3625,3625,3625,3625,2023_05_15_Batch1,0.9189081091890811,0.007306576513070605
275,S-C-7314-04-CMP-001,BRD-K84937637-001-21-9,4.5709,5.0,DMSO,K84937637,BRD-K84937637-001-11-5,sirolimus,mTOR inhibitor,BR00122250,L12,9,2811,2811,2811,2811,2023_05_15_Batch1,9.999000099990002e-05,1.0
276,S-C-7314-04-CMP-001,BRD-K72951360-001-02-9,3.6182,5.0,DMSO,K72951360,BRD-K72951360-001-01-4,valrubicin,DNA inhibitor,BR00122250,L13,9,223,223,223,223,2023_05_15_Batch1,9.999000099990002e-05,0.7575757575757575
277,S-C-7314-04-CMP-001,BRD-K75009076-001-04-9,1.8813,5.0,DMSO,K75009076,BRD-K75009076-001-02-1,SCH-900776,CHK inhibitor,BR00122250,L14,9,596,596,596,596,2023_05_15_Batch1,9.999000099990002e-05,0.9166666666666666
278,S-C-7314-04-CMP-001,BRD-A87435144-001-01-6,2.3944,5.0,DMSO,A87435144,BRD-A87435144-001-01-6,AZD7545,pyruvate dehydrogenase kinase inhibitor,BR00122250,L15,9,3670,3670,3670,3670,2023_05_15_Batch1,0.03899610038996101,0.08215488215488216
279,S-C-7314-04-CMP-001,BRD-K56932272-001-02-9,2.4378,5.0,DMSO,K56932272,BRD-K56932272-001-02-9,BMS-566419,inosine monophosphate dehydrogenase inhibitor,BR00122250,L16,9,2471,2471,2471,2471,2023_05_15_Batch1,9.999000099990002e-05,1.0
280,S-C-7314-04-CMP-001,BRD-K85776940-001-01-9,1.983,5.0,DMSO,K85776940,BRD-K85776940-001-01-9,delta-Tocotrienol,HMGCR inhibitor,BR00122250,L17,9,3996,3996,3996,3996,2023_05_15_Batch1,0.09869013098690131,0.04142646625405246
281,S-C-7314-04-CMP-001,BRD-K30707190-001-06-9,1.6017,5.0,DMSO,K30707190,BRD-K30707190-001-04-1,PNU-74654,beta-catenin inhibitor,BR00122250,L18,9,4152,4152,4152,4152,2023_05_15_Batch1,0.22917708229177083,0.022372477851929907
282,S-C-7314-04-CMP-001,BRD-K61688984-001-04-5,1.812,5.0,DMSO,K61688984,BRD-K61688984-001-02-9,RGFP966,HDAC inhibitor,BR00122250,L19,9,2298,2298,2298,2298,2023_05_15_Batch1,9.999000099990002e-05,0.8666666666666667
283,S-C-7314-04-CMP-001,BRD-K44227013-001-15-9,2.6628,5.0,DMSO,K44227013,BRD-K44227013-001-08-0,ponatinib,Bcr-Abl kinase inhibitor,BR00122250,L20,9,272,272,272,272,2023_05_15_Batch1,9.999000099990002e-05,1.0
284,S-C-7314-04-CMP-001,BRD-K87632963-001-05-9,2.0918,5.0,DMSO,K87632963,BRD-K87632963-001-05-9,GNF-5,Bcr-Abl kinase inhibitor,BR00122250,L21,9,3874,3874,3874,3874,2023_05_15_Batch1,9.999000099990002e-05,0.7291666666666666
285,S-C-7314-04-CMP-001,,,,DMSO,,,,,BR00122250,L22,9,4058,4058,4058,4058,2023_05_15_Batch1,,
286,S-C-7314-04-CMP-001,BRD-K98251413-001-07-9,1.7617,5.0,DMSO,K98251413,BRD-K98251413-001-04-0,IOX2,hypoxia inducible factor inhibitor,BR00122250,L23,9,3787,3787,3787,3787,2023_05_15_Batch1,0.557944205579442,0.011713137519589132
287,S-C-7314-04-CMP-001,BRD-K83607951-001-04-9,2.1271,5.0,DMSO,K83607951,BRD-K83607951-001-02-2,skepinone-l,p38 MAPK inhibitor,BR00122250,L24,9,2939,2939,2939,2939,2023_05_15_Batch1,0.20737926207379262,0.024203910905995746
288,S-C-7314-04-CMP-001,BRD-K76908866-001-08-9,2.3477,5.0,DMSO,K76908866,BRD-K76908866-001-07-6,CP-724714,EGFR inhibitor,BR00122250,M01,9,3732,3732,3732,3732,2023_05_15_Batch1,0.9524047595240476,0.006868057802221504
289,S-C-7314-04-CMP-001,BRD-K67772619-001-06-9,1.4213,5.0,DMSO,K67772619,BRD-K67772619-001-05-1,rheochrysidin,protein tyrosine kinase inhibitor,BR00122250,M02,9,4126,4126,4126,4126,2023_05_15_Batch1,0.39966003399660033,0.014981905375826601
290,S-C-7314-04-CMP-001,BRD-K99433989-001-02-9,2.4503,5.0,DMSO,K99433989,BRD-K99433989-001-02-9,SAG,smoothened receptor agonist,BR00122250,M03,9,3833,3833,3833,3833,2023_05_15_Batch1,0.0017998200179982,0.35492577597840763
291,S-C-7314-04-CMP-001,BRD-K12511835-003-03-9,1.6309,5.0,DMSO,K12511835,BRD-K12511835-003-01-2,BMS-863233,CDC inhibitor,BR00122250,M04,9,3216,3216,3216,3216,2023_05_15_Batch1,9.999000099990002e-05,1.0
292,S-C-7314-04-CMP-001,BRD-K17953061-001-05-1,0.012596,0.027,DMSO,K17953061,BRD-K17953061-001-14-3,Staurosporine,Apoptosis inducer (ATP-competitive kinase inhibitor),BR00122250,M05,9,931,931,931,931,2023_05_15_Batch1,9.999000099990002e-05,0.9166666666666666
293,S-C-7314-04-CMP-001,BRD-K94455792-001-01-8,2.7432,5.0,DMSO,K94455792,BRD-K94455792-001-01-8,ICG-001,beta-catenin inhibitor,BR00122250,M06,9,2965,2965,2965,2965,2023_05_15_Batch1,9.999000099990002e-05,0.7435897435897436
294,S-C-7314-04-CMP-001,BRD-K44227013-001-15-9,2.6628,5.0,DMSO,K44227013,BRD-K44227013-001-08-0,ponatinib,Bcr-Abl kinase inhibitor,BR00122250,M07,9,346,346,346,346,2023_05_15_Batch1,9.999000099990002e-05,0.6388888888888888
295,S-C-7314-04-CMP-001,BRD-K63631219-001-01-6,1.1784,5.0,DMSO,K63631219,BRD-K63631219-001-01-6,quazinone,phosphodiesterase inhibitor,BR00122250,M08,9,3344,3344,3344,3344,2023_05_15_Batch1,0.5727427257274272,0.011607561684961064
296,S-C-7314-04-CMP-001,BRD-K56301217-001-02-5,4.0671,5.0,DMSO,K56301217,BRD-K56301217-001-07-4,ABT-737,BCL inhibitor,BR00122250,M09,9,2914,2914,2914,2914,2023_05_15_Batch1,9.999000099990002e-05,1.0
297,S-C-7314-04-CMP-001,BRD-K21728777-001-03-9,2.5179,5.0,DMSO,K21728777,BRD-K21728777-001-02-3,AMG900,Aurora kinase inhibitor,BR00122250,M10,9,756,756,756,756,2023_05_15_Batch1,9.999000099990002e-05,1.0
298,S-C-7314-04-CMP-001,BRD-K25433859-003-03-1,1.5693,5.0,DMSO,K25433859,BRD-K25433859-003-23-9,maprotiline,tricyclic antidepressant,BR00122250,M11,9,3715,3715,3715,3715,2023_05_15_Batch1,0.6519348065193481,0.010489427030780414
299,S-C-7314-04-CMP-001,BRD-K50055394-001-04-9,2.0844,5.0,DMSO,K50055394,BRD-K50055394-001-03-6,halopemide,phospholipase inhibitor,BR00122250,M12,9,4012,4012,4012,4012,2023_05_15_Batch1,9.999000099990002e-05,1.0
300,S-C-7314-04-CMP-001,BRD-K67578145-001-13-9,1.6719,5.0,DMSO,K67578145,BRD-K67578145-001-09-7,GDC-0879,RAF inhibitor,BR00122250,M13,9,4232,4232,4232,4232,2023_05_15_Batch1,9.999000099990002e-05,1.0
301,S-C-7314-04-CMP-001,BRD-K06883221-001-02-9,2.0725,5.0,DMSO,K06883221,BRD-K06883221-001-01-9,apratastat,tumor necrosis factor production inhibitor,BR00122250,M14,9,3894,3894,3894,3894,2023_05_15_Batch1,0.28877112288771123,0.019033076628013335
302,S-C-7314-04-CMP-001,BRD-K12737986-001-01-4,1.2215,5.0,DMSO,K12737986,BRD-K12737986-001-01-4,veliparib,PARP inhibitor,BR00122250,M15,9,3802,3802,3802,3802,2023_05_15_Batch1,0.0012998700129987,0.36060438548000734
303,S-C-7314-04-CMP-001,,,,DMSO,,,,,BR00122250,M16,9,4086,4086,4086,4086,2023_05_15_Batch1,,
304,S-C-7314-04-CMP-001,BRD-K83192048-050-01-9,2.0425,5.0,DMSO,K83192048,BRD-K83192048-050-03-5,dimethindene-(S)-(+),acetylcholine receptor antagonist,BR00122250,M17,9,4126,4126,4126,4126,2023_05_15_Batch1,0.0678932106789321,0.05478449444293846
305,S-C-7314-04-CMP-001,BRD-K98251413-001-07-9,1.7617,5.0,DMSO,K98251413,BRD-K98251413-001-04-0,IOX2,hypoxia inducible factor inhibitor,BR00122250,M18,9,4365,4365,4365,4365,2023_05_15_Batch1,0.3775622437756224,0.015831651875948136
306,S-C-7314-04-CMP-001,BRD-A53576514-048-02-8,2.3075,5.0,DMSO,A53576514,BRD-A53576514-048-14-3,orphenadrine,acetylcholine receptor antagonist,BR00122250,M19,9,4390,4390,4390,4390,2023_05_15_Batch1,0.08789121087891211,0.046545767355315876
307,S-C-7314-04-CMP-001,BRD-K25433859-003-03-1,1.5693,5.0,DMSO,K25433859,BRD-K25433859-003-23-9,maprotiline,tricyclic antidepressant,BR00122250,M20,9,4095,4095,4095,4095,2023_05_15_Batch1,0.29027097290270976,0.018949969795156243
308,S-C-7314-04-CMP-001,BRD-K93942811-001-03-9,1.9224,5.0,DMSO,K93942811,BRD-K93942811-001-01-3,ML-323,ubiquitin specific protease inhibitor,BR00122250,M21,9,3624,3624,3624,3624,2023_05_15_Batch1,0.131986801319868,0.03375639186256116
309,S-C-7314-04-CMP-001,BRD-K85606544-001-07-5,2.7852,5.0,DMSO,K85606544,BRD-K85606544-001-09-1,neratinib,EGFR inhibitor,BR00122250,M22,9,1696,1696,1696,1696,2023_05_15_Batch1,9.999000099990002e-05,1.0
310,S-C-7314-04-CMP-001,BRD-K70446295-001-04-9,1.9172,5.0,DMSO,K70446295,BRD-K70446295-001-01-7,EPZ015666,protein arginine N-methyltransferase inhibitor,BR00122250,M23,9,3690,3690,3690,3690,2023_05_15_Batch1,0.0005999400059994001,0.3874458874458874
311,S-C-7314-04-CMP-001,BRD-K72898849-001-03-9,2.5469,5.0,DMSO,K72898849,BRD-K72898849-001-01-8,BLU9931,FGFR inhibitor,BR00122250,M24,9,2849,2849,2849,2849,2023_05_15_Batch1,9.999000099990002e-05,1.0
312,S-C-7314-04-CMP-001,BRD-K70578146-001-13-9,0.16697,0.133,DMSO,K70578146,BRD-K70578146-001-09-1,DACTINOMYCIN,Apoptosis inducer (transcription inhibitor),BR00122250,N01,9,224,224,224,224,2023_05_15_Batch1,0.0072992700729927005,0.3353535353535353
313,S-C-7314-04-CMP-001,BRD-K12511835-003-03-9,1.6309,5.0,DMSO,K12511835,BRD-K12511835-003-01-2,BMS-863233,CDC inhibitor,BR00122250,N02,9,3161,3161,3161,3161,2023_05_15_Batch1,9.999000099990002e-05,1.0
314,S-C-7314-04-CMP-001,BRD-K57080016-001-19-1,2.2884,5.0,DMSO,K57080016,BRD-K57080016-001-01-9,selumetinib,MEK inhibitor,BR00122250,N03,9,3692,3692,3692,3692,2023_05_15_Batch1,0.007799220077992201,0.23838383838383836
315,S-C-7314-04-CMP-001,BRD-K33818169-003-04-6,3.0926,5.0,DMSO,K33818169,BRD-K33818169-003-04-6,GW-3965,LXR agonist,BR00122250,N04,9,4315,4315,4315,4315,2023_05_15_Batch1,0.00039996000399960006,0.4246031746031746
316,S-C-7314-04-CMP-001,BRD-K53665955-001-05-9,2.3097,5.0,DMSO,K53665955,BRD-K53665955-001-03-0,MK-5108,Aurora kinase inhibitor,BR00122250,N05,9,2669,2669,2669,2669,2023_05_15_Batch1,9.999000099990002e-05,0.7777777777777777
317,S-C-7314-04-CMP-001,BRD-K94455792-001-01-8,2.7432,5.0,DMSO,K94455792,BRD-K94455792-001-01-8,ICG-001,beta-catenin inhibitor,BR00122250,N06,9,2973,2973,2973,2973,2023_05_15_Batch1,9.999000099990002e-05,0.6324786324786325
318,S-C-7314-04-CMP-001,BRD-K30707190-001-06-9,1.6017,5.0,DMSO,K30707190,BRD-K30707190-001-04-1,PNU-74654,beta-catenin inhibitor,BR00122250,N07,9,3906,3906,3906,3906,2023_05_15_Batch1,0.1800819918008199,0.026891132123690265
319,S-C-7314-04-CMP-001,BRD-K02965346-001-01-8,2.8404,5.0,DMSO,K02965346,BRD-K02965346-001-07-5,SU-11274,hepatocyte growth factor receptor inhibitor,BR00122250,N08,9,1873,1873,1873,1873,2023_05_15_Batch1,9.999000099990002e-05,1.0
320,S-C-7314-04-CMP-001,BRD-K28936863-051-14-0,2.1275,5.0,DMSO,K28936863,BRD-K28936863-051-32-2,ketotifen,phosphodiesterase inhibitor,BR00122250,N09,9,4497,4497,4497,4497,2023_05_15_Batch1,0.10228977102289771,0.03997648442092886
321,S-C-7314-04-CMP-001,BRD-K04923131-001-17-9,1.7809,5.0,DMSO,K04923131,BRD-K04923131-001-15-4,GSK-3-inhibitor-IX,glycogen synthase kinase inhibitor,BR00122250,N10,9,1620,1620,1620,1620,2023_05_15_Batch1,9.999000099990002e-05,1.0
322,S-C-7314-04-CMP-001,BRD-K09372874-001-02-9,2.2623,5.0,DMSO,K09372874,BRD-K09372874-001-01-0,merimepodib,inosine monophosphate dehydrogenase inhibitor,BR00122250,N11,9,1366,1366,1366,1366,2023_05_15_Batch1,9.999000099990002e-05,1.0
323,S-C-7314-04-CMP-001,BRD-K97452254-001-02-9,2.3578,5.0,DMSO,K97452254,BRD-K97452254-001-01-3,AMG-925,CDK inhibitor,BR00122250,N12,9,2190,2190,2190,2190,2023_05_15_Batch1,9.999000099990002e-05,1.0
324,S-C-7314-04-CMP-001,BRD-K66430217-001-05-9,1.6909,5.0,DMSO,K66430217,BRD-K66430217-001-03-8,KH-CB19,CDC inhibitor,BR00122250,N13,9,4400,4400,4400,4400,2023_05_15_Batch1,0.028997100289971003,0.10863918690005647
325,S-C-7314-04-CMP-001,BRD-M87138257-003-01-1,2.3499,5.0,DMSO,M87138257,BRD-M87138257-003-01-1,acriflavine,hypoxia inducible factor inhibitor,BR00122250,N14,9,76,76,76,76,2023_05_15_Batch1,9.999000099990002e-05,1.0
326,S-C-7314-04-CMP-001,BRD-K01826510-001-09-9,1.8745,5.0,DMSO,K01826510,BRD-K01826510-300-06-9,hydroxyzine,antihistamine,BR00122250,N15,9,3911,3911,3911,3911,2023_05_15_Batch1,0.43645635436456354,0.01403992645127397
327,S-C-7314-04-CMP-001,BRD-K62391742-001-19-9,4.3422,5.0,DMSO,K62391742,BRD-K62391742-001-03-0,venetoclax,BCL inhibitor,BR00122250,N16,9,3676,3676,3676,3676,2023_05_15_Batch1,9.999000099990002e-05,0.6929824561403509
328,S-C-7314-04-CMP-001,BRD-K82164249-001-03-5,2.2068,5.0,DMSO,K82164249,BRD-K82164249-001-03-5,andarine,androgen receptor modulator,BR00122250,N17,9,4159,4159,4159,4159,2023_05_15_Batch1,0.2191780821917808,0.023078453884424033
329,S-C-7314-04-CMP-001,BRD-K68756823-001-12-9,1.6367,5.0,DMSO,K68756823,BRD-K68756823-001-07-1,FR-180204,MAP kinase inhibitor,BR00122250,N18,9,4194,4194,4194,4194,2023_05_15_Batch1,0.31866813318668136,0.0177565124933546
330,S-C-7314-04-CMP-001,BRD-K06182768-001-02-3,1.6472,5.0,DMSO,K06182768,BRD-K06182768-001-06-4,A-366,histone lysine methyltransferase inhibitor,BR00122250,N19,9,4105,4105,4105,4105,2023_05_15_Batch1,0.4303569643035696,0.01421023954542801
331,S-C-7314-04-CMP-001,BRD-K67772619-001-06-9,1.4213,5.0,DMSO,K67772619,BRD-K67772619-001-05-1,rheochrysidin,protein tyrosine kinase inhibitor,BR00122250,N20,9,4101,4101,4101,4101,2023_05_15_Batch1,0.07699230076992301,0.04988596971355592
332,S-C-7314-04-CMP-001,BRD-K88677950-001-04-9,2.3812,5.0,DMSO,K88677950,BRD-K88677950-001-03-9,PD-198306,MAP kinase inhibitor,BR00122250,N21,9,3853,3853,3853,3853,2023_05_15_Batch1,0.1566843315668433,0.029940770730244416
333,S-C-7314-04-CMP-001,BRD-K70446295-001-04-9,1.9172,5.0,DMSO,K70446295,BRD-K70446295-001-01-7,EPZ015666,protein arginine N-methyltransferase inhibitor,BR00122250,N22,9,3683,3683,3683,3683,2023_05_15_Batch1,0.0008999100089991,0.3857142857142857
334,S-C-7314-04-CMP-001,BRD-K25611237-001-09-9,1.7471,5.0,DMSO,K25611237,BRD-K25611237-001-02-1,ML324,histone lysine demethylase inhibitor,BR00122250,N23,9,3622,3622,3622,3622,2023_05_15_Batch1,0.043695630436956304,0.07496081670690898
335,S-C-7314-04-CMP-001,BRD-A87435144-001-01-6,2.3944,5.0,DMSO,A87435144,BRD-A87435144-001-01-6,AZD7545,pyruvate dehydrogenase kinase inhibitor,BR00122250,N24,9,3745,3745,3745,3745,2023_05_15_Batch1,0.028497150284971504,0.11237373737373739
336,S-C-7314-04-CMP-001,,,,DMSO,,,,,BR00122250,O01,9,3786,3786,3786,3786,2023_05_15_Batch1,,
337,S-C-7314-04-CMP-001,BRD-K70578146-001-13-9,0.16697,0.133,DMSO,K70578146,BRD-K70578146-001-09-1,DACTINOMYCIN,Apoptosis inducer (transcription inhibitor),BR00122250,O02,9,225,225,225,225,2023_05_15_Batch1,9.999000099990002e-05,1.0
338,S-C-7314-04-CMP-001,BRD-K24600306-003-02-9,2.3445,5.0,DMSO,K24600306,BRD-K24600306-003-02-9,ML-298,phospholipase inhibitor,BR00122250,O03,9,3558,3558,3558,3558,2023_05_15_Batch1,0.8853114688531147,0.007677186149811198
339,S-C-7314-04-CMP-001,BRD-A12994259-001-11-9,1.3662,5.0,DMSO,A12994259,BRD-A12994259-001-02-1,pomalidomide,tumor necrosis factor production inhibitor,BR00122250,O04,9,4158,4158,4158,4158,2023_05_15_Batch1,0.0893910608939106,0.04476190476190476
340,S-C-7314-04-CMP-001,BRD-K87632963-001-05-9,2.0918,5.0,DMSO,K87632963,BRD-K87632963-001-05-9,GNF-5,Bcr-Abl kinase inhibitor,BR00122250,O05,9,3821,3821,3821,3821,2023_05_15_Batch1,0.04689531046895311,0.07209870703248186
341,S-C-7314-04-CMP-001,BRD-K64881305-001-07-9,2.5853,5.0,DMSO,K64881305,BRD-K64881305-001-05-2,ispinesib,kinesin inhibitor,BR00122250,O06,9,468,468,468,468,2023_05_15_Batch1,0.00029997000299970003,0.5011494252873563
342,S-C-7314-04-CMP-001,BRD-K25611237-001-09-9,1.7471,5.0,DMSO,K25611237,BRD-K25611237-001-02-1,ML324,histone lysine demethylase inhibitor,BR00122250,O07,9,3055,3055,3055,3055,2023_05_15_Batch1,0.47035296470352966,0.013469158284861012
343,S-C-7314-04-CMP-001,BRD-K17953061-001-05-1,0.012596,0.027,DMSO,K17953061,BRD-K17953061-001-14-3,Staurosporine,Apoptosis inducer (ATP-competitive kinase inhibitor),BR00122250,O08,9,847,847,847,847,2023_05_15_Batch1,9.999000099990002e-05,1.0
344,S-C-7314-04-CMP-001,BRD-K30707190-001-06-9,1.6017,5.0,DMSO,K30707190,BRD-K30707190-001-04-1,PNU-74654,beta-catenin inhibitor,BR00122250,O09,9,3708,3708,3708,3708,2023_05_15_Batch1,0.13608639136086392,0.03302808302808303
345,S-C-7314-04-CMP-001,BRD-K70446295-001-04-9,1.9172,5.0,DMSO,K70446295,BRD-K70446295-001-01-7,EPZ015666,protein arginine N-methyltransferase inhibitor,BR00122250,O10,9,3278,3278,3278,3278,2023_05_15_Batch1,0.044295570442955706,0.07896825396825397
346,S-C-7314-04-CMP-001,BRD-K06883221-001-02-9,2.0725,5.0,DMSO,K06883221,BRD-K06883221-001-01-9,apratastat,tumor necrosis factor production inhibitor,BR00122250,O11,9,3765,3765,3765,3765,2023_05_15_Batch1,0.07479252074792521,0.05144908840729274
347,S-C-7314-04-CMP-001,,,,DMSO,,,,,BR00122250,O12,9,4131,4131,4131,4131,2023_05_15_Batch1,,
348,S-C-7314-04-CMP-001,BRD-A22769835-300-05-7,1.9389,5.0,DMSO,A22769835,BRD-A22769835-300-05-7,homochlorcyclizine,antihistamine,BR00122250,O13,9,3647,3647,3647,3647,2023_05_15_Batch1,0.7715228477152285,0.008997770464911327
349,S-C-7314-04-CMP-001,BRD-K12737986-001-01-4,1.2215,5.0,DMSO,K12737986,BRD-K12737986-001-01-4,veliparib,PARP inhibitor,BR00122250,O14,9,3692,3692,3692,3692,2023_05_15_Batch1,0.0025997400259974,0.34830809961115244
350,S-C-7314-04-CMP-001,BRD-K33818169-003-04-6,3.0926,5.0,DMSO,K33818169,BRD-K33818169-003-04-6,GW-3965,LXR agonist,BR00122250,O15,9,3910,3910,3910,3910,2023_05_15_Batch1,0.029397060293970604,0.11477272727272729
351,S-C-7314-04-CMP-001,BRD-K68756823-001-12-9,1.6367,5.0,DMSO,K68756823,BRD-K68756823-001-07-1,FR-180204,MAP kinase inhibitor,BR00122250,O16,9,3858,3858,3858,3858,2023_05_15_Batch1,0.13608639136086392,0.03306677890011223
352,S-C-7314-04-CMP-001,BRD-K56932272-001-02-9,2.4378,5.0,DMSO,K56932272,BRD-K56932272-001-02-9,BMS-566419,inosine monophosphate dehydrogenase inhibitor,BR00122250,O17,9,2217,2217,2217,2217,2023_05_15_Batch1,9.999000099990002e-05,1.0
353,S-C-7314-04-CMP-001,,,,DMSO,,,,,BR00122250,O18,9,3781,3781,3781,3781,2023_05_15_Batch1,,
354,S-C-7314-04-CMP-001,BRD-A87435144-001-01-6,2.3944,5.0,DMSO,A87435144,BRD-A87435144-001-01-6,AZD7545,pyruvate dehydrogenase kinase inhibitor,BR00122250,O19,9,3453,3453,3453,3453,2023_05_15_Batch1,0.14558544145585442,0.031205459444486414
355,S-C-7314-04-CMP-001,BRD-K16803204-001-02-9,2.1275,5.0,DMSO,K16803204,BRD-K16803204-001-01-6,filgotinib,JAK inhibitor,BR00122250,O20,9,3918,3918,3918,3918,2023_05_15_Batch1,0.022097790220977902,0.12737686139747997
356,S-C-7314-04-CMP-001,BRD-K13094524-001-10-9,1.7369,5.0,DMSO,K13094524,BRD-K13094524-001-04-2,PFI-1,bromodomain inhibitor,BR00122250,O21,9,3691,3691,3691,3691,2023_05_15_Batch1,0.011498850114988501,0.1788539144471348
357,S-C-7314-04-CMP-001,BRD-K86118762-001-05-9,2.1075,5.0,DMSO,K86118762,BRD-K86118762-001-08-9,linsitinib,IGF-1 inhibitor,BR00122250,O22,9,3088,3088,3088,3088,2023_05_15_Batch1,0.007599240075992401,0.27661064425770304
358,S-C-7314-04-CMP-001,BRD-K73982490-001-04-9,1.8969,5.0,DMSO,K73982490,BRD-K73982490-001-02-9,BI-78D3,JNK inhibitor,BR00122250,O23,9,3627,3627,3627,3627,2023_05_15_Batch1,0.5436456354364564,0.012109688308608653
359,S-C-7314-04-CMP-001,BRD-K99113996-001-02-0,2.3127,5.0,DMSO,K99113996,BRD-K99113996-001-02-0,AZD2014,mTOR inhibitor,BR00122250,O24,9,1311,1311,1311,1311,2023_05_15_Batch1,9.999000099990002e-05,1.0
360,S-C-7314-04-CMP-001,BRD-K32730239-001-03-9,1.3065,5.0,DMSO,K32730239,BRD-K32730239-001-01-0,SU3327,JNK inhibitor,BR00122250,P01,9,3553,3553,3553,3553,2023_05_15_Batch1,0.8693130686931307,0.007903442945295944
361,S-C-7314-04-CMP-001,BRD-K54955827-001-03-9,1.6019,5.0,DMSO,K54955827,BRD-K54955827-001-02-2,niraparib,PARP inhibitor,BR00122250,P02,9,1581,1581,1581,1581,2023_05_15_Batch1,0.018698130186981302,0.1558061821219716
362,S-C-7314-04-CMP-001,BRD-K19477839-001-10-9,1.797,5.0,DMSO,K19477839,BRD-K19477839-001-07-6,SGX523,hepatocyte growth factor receptor inhibitor,BR00122250,P03,9,3923,3923,3923,3923,2023_05_15_Batch1,0.031996800319968,0.10015098722415795
363,S-C-7314-04-CMP-001,BRD-K99433989-001-02-9,2.4503,5.0,DMSO,K99433989,BRD-K99433989-001-02-9,SAG,smoothened receptor agonist,BR00122250,P04,9,3611,3611,3611,3611,2023_05_15_Batch1,0.008599140085991401,0.19657097288676237
364,S-C-7314-04-CMP-001,BRD-K66401437-001-03-3,2.8303,5.0,DMSO,K66401437,BRD-K66401437-001-03-3,THZ1,CDK inhibitor,BR00122250,P05,9,108,108,108,108,2023_05_15_Batch1,9.999000099990002e-05,1.0
365,S-C-7314-04-CMP-001,,,,DMSO,,,,,BR00122250,P06,9,3976,3976,3976,3976,2023_05_15_Batch1,,
366,S-C-7314-04-CMP-001,BRD-K82941592-238-06-9,2.6182,5.0,DMSO,K82941592,BRD-K82941592-238-03-7,rosuvastatin,HMGCR inhibitor,BR00122250,P07,9,3985,3985,3985,3985,2023_05_15_Batch1,0.042995700429957005,0.08104654291094969
367,S-C-7314-04-CMP-001,BRD-K72898849-001-03-9,2.5469,5.0,DMSO,K72898849,BRD-K72898849-001-01-8,BLU9931,FGFR inhibitor,BR00122250,P08,9,2387,2387,2387,2387,2023_05_15_Batch1,9.999000099990002e-05,0.7575757575757575
368,S-C-7314-04-CMP-001,BRD-K69023402-001-03-3,0.2167,0.333,DMSO,K69023402,BRD-K69023402-001-07-4,Thapsigargin,ER stressor (SERCA inhibitor),BR00122250,P09,9,70,70,70,70,2023_05_15_Batch1,9.999000099990002e-05,1.0
369,S-C-7314-04-CMP-001,BRD-K28936863-051-14-0,2.1275,5.0,DMSO,K28936863,BRD-K28936863-051-32-2,ketotifen,phosphodiesterase inhibitor,BR00122250,P10,9,3823,3823,3823,3823,2023_05_15_Batch1,0.022397760223977603,0.12279693486590038
370,S-C-7314-04-CMP-001,BRD-K70642949-001-06-9,2.313,5.0,DMSO,K70642949,BRD-K70642949-001-04-5,GSK2334470,phosphoinositide dependent kinase inhibitor,BR00122250,P11,9,3002,3002,3002,3002,2023_05_15_Batch1,9.999000099990002e-05,0.6776556776556776
371,S-C-7314-04-CMP-001,BRD-K85776940-001-01-9,1.983,5.0,DMSO,K85776940,BRD-K85776940-001-01-9,delta-Tocotrienol,HMGCR inhibitor,BR00122250,P12,9,3471,3471,3471,3471,2023_05_15_Batch1,0.8818118188181182,0.007714697400254392
372,S-C-7314-04-CMP-001,BRD-K75009076-001-04-9,1.8813,5.0,DMSO,K75009076,BRD-K75009076-001-02-1,SCH-900776,CHK inhibitor,BR00122250,P13,9,508,508,508,508,2023_05_15_Batch1,9.999000099990002e-05,0.7083333333333334
373,S-C-7314-04-CMP-001,BRD-K53665955-001-05-9,2.3097,5.0,DMSO,K53665955,BRD-K53665955-001-03-0,MK-5108,Aurora kinase inhibitor,BR00122250,P14,9,2338,2338,2338,2338,2023_05_15_Batch1,0.00019998000199980003,0.5666666666666667
374,S-C-7314-04-CMP-001,BRD-K62391742-001-19-9,4.3422,5.0,DMSO,K62391742,BRD-K62391742-001-03-0,venetoclax,BCL inhibitor,BR00122250,P15,9,3346,3346,3346,3346,2023_05_15_Batch1,0.0004999500049995,0.4305555555555555
375,S-C-7314-04-CMP-001,BRD-K13606314-001-02-9,1.7411,5.0,DMSO,K13606314,BRD-K13606314-001-01-3,P5091,ubiquitin specific protease inhibitor,BR00122250,P16,9,3695,3695,3695,3695,2023_05_15_Batch1,0.39036096390360964,0.0152039888474411
376,S-C-7314-04-CMP-001,BRD-K17953061-001-05-1,0.012596,0.027,DMSO,K17953061,BRD-K17953061-001-14-3,Staurosporine,Apoptosis inducer (ATP-competitive kinase inhibitor),BR00122250,P17,9,656,656,656,656,2023_05_15_Batch1,0.039996000399960006,0.07980439604759024
377,S-C-7314-04-CMP-001,BRD-K21728777-001-03-9,2.5179,5.0,DMSO,K21728777,BRD-K21728777-001-02-3,AMG900,Aurora kinase inhibitor,BR00122250,P18,9,673,673,673,673,2023_05_15_Batch1,9.999000099990002e-05,1.0
378,S-C-7314-04-CMP-001,BRD-K85606544-001-07-5,2.7852,5.0,DMSO,K85606544,BRD-K85606544-001-09-1,neratinib,EGFR inhibitor,BR00122250,P19,9,1635,1635,1635,1635,2023_05_15_Batch1,9.999000099990002e-05,1.0
379,S-C-7314-04-CMP-001,BRD-K63631219-001-01-6,1.1784,5.0,DMSO,K63631219,BRD-K63631219-001-01-6,quazinone,phosphodiesterase inhibitor,BR00122250,P20,9,4017,4017,4017,4017,2023_05_15_Batch1,0.38446155384461556,0.015372205759375293
380,S-C-7314-04-CMP-001,BRD-K13094524-001-10-9,1.7369,5.0,DMSO,K13094524,BRD-K13094524-001-04-2,PFI-1,bromodomain inhibitor,BR00122250,P21,9,3634,3634,3634,3634,2023_05_15_Batch1,0.0192980701929807,0.13742690058479531
381,S-C-7314-04-CMP-001,BRD-K82941592-238-06-9,2.6182,5.0,DMSO,K82941592,BRD-K82941592-238-03-7,rosuvastatin,HMGCR inhibitor,BR00122250,P22,9,3835,3835,3835,3835,2023_05_15_Batch1,0.1351864813518648,0.03312243312243312
382,S-C-7314-04-CMP-001,,,,DMSO,,,,,BR00122250,P23,9,4043,4043,4043,4043,2023_05_15_Batch1,,
383,S-C-7314-04-CMP-001,BRD-K36234266-001-10-6,1.0702,5.0,DMSO,K36234266,BRD-K36234266-001-09-8,carmustine,DNA inhibitor,BR00122250,P24,9,3610,3610,3610,3610,2023_05_15_Batch1,0.8654134586541345,0.007894811151705384
