,Metadata_plate_map_name,Metadata_control_type,Metadata_broad_sample,Metadata_mg_per_ml,Metadata_mmoles_per_liter,Metadata_solvent,Metadata_BRD ID,Metadata_BRD with batch,Metadata_Common Name,Metadata_MoA,Metadata_Plate,Metadata_Well,Metadata_Site_Count,Metadata_Count_Cells,Metadata_Count_Cytoplasm,Metadata_Count_Nuclei,Metadata_Object_Count,Metadata_batch,p_value,average_precision
0,S-C-7314-04-CMP-001,,BRD-K62391742-001-19-9,4.3422,5.0,DMSO,K62391742,BRD-K62391742-001-03-0,venetoclax,BCL inhibitor,BR00122247,A01,9,3361,3361,3361,3361,2023_05_17_Batch2,0.019198080191980802,0.13034188034188035
1,S-C-7314-04-CMP-001,,BRD-K19477839-001-10-9,1.797,5.0,DMSO,K19477839,BRD-K19477839-001-07-6,SGX523,hepatocyte growth factor receptor inhibitor,BR00122247,A02,9,4012,4012,4012,4012,2023_05_17_Batch2,0.5090490950904909,0.012615474241961883
2,S-C-7314-04-CMP-001,,BRD-K54759182-003-09-8,1.6595,5.0,DMSO,K54759182,BRD-K54759182-003-08-0,dosulepin,tricyclic antidepressant,BR00122247,A03,9,4048,4048,4048,4048,2023_05_17_Batch2,0.9237076292370763,0.007231764745411383
3,S-C-7314-04-CMP-001,,BRD-K70642949-001-06-9,2.313,5.0,DMSO,K70642949,BRD-K70642949-001-04-5,GSK2334470,phosphoinositide dependent kinase inhibitor,BR00122247,A04,9,3239,3239,3239,3239,2023_05_17_Batch2,9.999000099990002e-05,0.6904761904761904
4,S-C-7314-04-CMP-001,,BRD-K73397362-001-09-9,2.6031,5.0,DMSO,K73397362,BRD-K73397362-001-06-6,purmorphamine,smoothened receptor agonist,BR00122247,A05,9,3955,3955,3955,3955,2023_05_17_Batch2,0.008399160083991601,0.19895131086142323
5,S-C-7314-04-CMP-001,,BRD-K13606314-001-02-9,1.7411,5.0,DMSO,K13606314,BRD-K13606314-001-01-3,P5091,ubiquitin specific protease inhibitor,BR00122247,A06,9,4259,4259,4259,4259,2023_05_17_Batch2,0.9672032796720328,0.006657466731844207
6,S-C-7314-04-CMP-001,,BRD-K82941592-238-06-9,2.6182,5.0,DMSO,K82941592,BRD-K82941592-238-03-7,rosuvastatin,HMGCR inhibitor,BR00122247,A07,9,3951,3951,3951,3951,2023_05_17_Batch2,0.0012998700129987,0.3658902691511387
7,S-C-7314-04-CMP-001,,BRD-K86718786-001-03-9,1.4917,5.0,DMSO,K86718786,BRD-K86718786-001-03-9,SGC-707,protein arginine N-methyltransferase inhibitor,BR00122247,A08,9,3872,3872,3872,3872,2023_05_17_Batch2,0.9327067293270673,0.007116134670095119
8,S-C-7314-04-CMP-001,,BRD-K02965346-001-01-8,2.8404,5.0,DMSO,K02965346,BRD-K02965346-001-07-5,SU-11274,hepatocyte growth factor receptor inhibitor,BR00122247,A09,9,1812,1812,1812,1812,2023_05_17_Batch2,9.999000099990002e-05,1.0
9,S-C-7314-04-CMP-001,,BRD-K36234266-001-10-6,1.0702,5.0,DMSO,K36234266,BRD-K36234266-001-09-8,carmustine,DNA inhibitor,BR00122247,A10,9,3899,3899,3899,3899,2023_05_17_Batch2,0.9532046795320468,0.006861047364923333
10,S-C-7314-04-CMP-001,,BRD-K72898849-001-03-9,2.5469,5.0,DMSO,K72898849,BRD-K72898849-001-01-8,BLU9931,FGFR inhibitor,BR00122247,A11,9,2432,2432,2432,2432,2023_05_17_Batch2,9.999000099990002e-05,0.7575757575757575
11,S-C-7314-04-CMP-001,,BRD-A87435144-001-01-6,2.3944,5.0,DMSO,A87435144,BRD-A87435144-001-01-6,AZD7545,pyruvate dehydrogenase kinase inhibitor,BR00122247,A12,9,3795,3795,3795,3795,2023_05_17_Batch2,0.019198080191980802,0.13151927437641722
12,S-C-7314-04-CMP-001,,BRD-K94455792-001-01-8,2.7432,5.0,DMSO,K94455792,BRD-K94455792-001-01-8,ICG-001,beta-catenin inhibitor,BR00122247,A13,9,3019,3019,3019,3019,2023_05_17_Batch2,9.999000099990002e-05,0.6743589743589743
13,S-C-7314-04-CMP-001,,BRD-K01826510-001-09-9,1.8745,5.0,DMSO,K01826510,BRD-K01826510-300-06-9,hydroxyzine,antihistamine,BR00122247,A14,9,3906,3906,3906,3906,2023_05_17_Batch2,0.7104289571042895,0.009705837088926939
14,S-C-7314-04-CMP-001,,BRD-K09372874-001-02-9,2.2623,5.0,DMSO,K09372874,BRD-K09372874-001-01-0,merimepodib,inosine monophosphate dehydrogenase inhibitor,BR00122247,A15,9,1351,1351,1351,1351,2023_05_17_Batch2,9.999000099990002e-05,1.0
15,S-C-7314-04-CMP-001,,BRD-K06182768-001-02-3,1.6472,5.0,DMSO,K06182768,BRD-K06182768-001-06-4,A-366,histone lysine methyltransferase inhibitor,BR00122247,A16,9,3941,3941,3941,3941,2023_05_17_Batch2,0.2171782821717828,0.023067095300269055
16,S-C-7314-04-CMP-001,,BRD-K53972329-001-12-9,1.5318,5.0,DMSO,K53972329,BRD-K53972329-001-07-0,ruxolitinib,JAK inhibitor,BR00122247,A17,9,4264,4264,4264,4264,2023_05_17_Batch2,0.048595140485951406,0.06998644986449863
17,S-C-7314-04-CMP-001,,BRD-K49669041-001-10-9,2.3568,5.0,DMSO,K49669041,BRD-K49669041-001-08-4,BX-912,pyruvate dehydrogenase kinase inhibitor,BR00122247,A18,9,1060,1060,1060,1060,2023_05_17_Batch2,9.999000099990002e-05,0.8666666666666667
18,S-C-7314-04-CMP-001,negcon,,,,DMSO,,,,,BR00122247,A19,9,4128,4128,4128,4128,2023_05_17_Batch2,,
19,S-C-7314-04-CMP-001,,BRD-K45909031-001-03-9,2.4849,5.0,DMSO,K45909031,BRD-K45909031-001-01-5,WZ4003,AMPK inhibitor,BR00122247,A20,9,3560,3560,3560,3560,2023_05_17_Batch2,0.03569643035696431,0.08864942528735631
20,S-C-7314-04-CMP-001,,BRD-K38627885-001-01-9,2.0674,5.0,DMSO,K38627885,BRD-K38627885-001-01-9,APY0201,phosphoinositide dependent kinase inhibitor,BR00122247,A21,9,2536,2536,2536,2536,2023_05_17_Batch2,9.999000099990002e-05,1.0
21,S-C-7314-04-CMP-001,,BRD-K99092662-001-02-9,1.5286,5.0,DMSO,K99092662,BRD-K99092662-001-01-1,PS178990,androgen receptor modulator,BR00122247,A22,9,4080,4080,4080,4080,2023_05_17_Batch2,0.0354964503549645,0.0887354337505395
22,S-C-7314-04-CMP-001,,BRD-K21728777-001-03-9,2.5179,5.0,DMSO,K21728777,BRD-K21728777-001-02-3,AMG900,Aurora kinase inhibitor,BR00122247,A23,9,724,724,724,724,2023_05_17_Batch2,9.999000099990002e-05,1.0
23,S-C-7314-04-CMP-001,,BRD-K75009076-001-04-9,1.8813,5.0,DMSO,K75009076,BRD-K75009076-001-02-1,SCH-900776,CHK inhibitor,BR00122247,A24,9,586,586,586,586,2023_05_17_Batch2,9.999000099990002e-05,0.4756944444444444
24,S-C-7314-04-CMP-001,negcon,,,,DMSO,,,,,BR00122247,B01,9,4190,4190,4190,4190,2023_05_17_Batch2,,
25,S-C-7314-04-CMP-001,,BRD-K67578145-001-13-9,1.6719,5.0,DMSO,K67578145,BRD-K67578145-001-09-7,GDC-0879,RAF inhibitor,BR00122247,B02,9,4605,4605,4605,4605,2023_05_17_Batch2,9.999000099990002e-05,0.7380952380952381
26,S-C-7314-04-CMP-001,,BRD-K67578145-001-13-9,1.6719,5.0,DMSO,K67578145,BRD-K67578145-001-09-7,GDC-0879,RAF inhibitor,BR00122247,B03,9,4619,4619,4619,4619,2023_05_17_Batch2,9.999000099990002e-05,0.75
27,S-C-7314-04-CMP-001,,BRD-K56301217-001-02-5,4.0671,5.0,DMSO,K56301217,BRD-K56301217-001-07-4,ABT-737,BCL inhibitor,BR00122247,B04,9,3232,3232,3232,3232,2023_05_17_Batch2,9.999000099990002e-05,1.0
28,S-C-7314-04-CMP-001,,BRD-K02965346-001-01-8,2.8404,5.0,DMSO,K02965346,BRD-K02965346-001-07-5,SU-11274,hepatocyte growth factor receptor inhibitor,BR00122247,B05,9,2001,2001,2001,2001,2023_05_17_Batch2,9.999000099990002e-05,1.0
29,S-C-7314-04-CMP-001,,BRD-K54759182-003-09-8,1.6595,5.0,DMSO,K54759182,BRD-K54759182-003-08-0,dosulepin,tricyclic antidepressant,BR00122247,B06,9,4240,4240,4240,4240,2023_05_17_Batch2,0.1376862313768623,0.03264008620689655
30,S-C-7314-04-CMP-001,,BRD-K99433989-001-02-9,2.4503,5.0,DMSO,K99433989,BRD-K99433989-001-02-9,SAG,smoothened receptor agonist,BR00122247,B07,9,4062,4062,4062,4062,2023_05_17_Batch2,0.00039996000399960006,0.4444444444444444
31,S-C-7314-04-CMP-001,,BRD-K45909031-001-03-9,2.4849,5.0,DMSO,K45909031,BRD-K45909031-001-01-5,WZ4003,AMPK inhibitor,BR00122247,B08,9,3461,3461,3461,3461,2023_05_17_Batch2,0.021097890210978902,0.12702702702702703
32,S-C-7314-04-CMP-001,,BRD-A22769835-300-05-7,1.9389,5.0,DMSO,A22769835,BRD-A22769835-300-05-7,homochlorcyclizine,antihistamine,BR00122247,B09,9,4048,4048,4048,4048,2023_05_17_Batch2,0.6474352564743525,0.010523803655512696
33,S-C-7314-04-CMP-001,,BRD-K98203492-001-06-9,2.0875,5.0,DMSO,K98203492,BRD-K98203492-003-04-1,GSK-J4,histone lysine demethylase inhibitor,BR00122247,B10,9,1288,1288,1288,1288,2023_05_17_Batch2,9.999000099990002e-05,1.0
34,S-C-7314-04-CMP-001,,BRD-K06883221-001-02-9,2.0725,5.0,DMSO,K06883221,BRD-K06883221-001-01-9,apratastat,tumor necrosis factor production inhibitor,BR00122247,B11,9,3971,3971,3971,3971,2023_05_17_Batch2,0.660933906609339,0.01033253392408322
35,S-C-7314-04-CMP-001,,BRD-K66430217-001-05-9,1.6909,5.0,DMSO,K66430217,BRD-K66430217-001-03-8,KH-CB19,CDC inhibitor,BR00122247,B12,9,4242,4242,4242,4242,2023_05_17_Batch2,0.0963903609639036,0.04242175952702268
36,S-C-7314-04-CMP-001,,BRD-K84937637-001-21-9,4.5709,5.0,DMSO,K84937637,BRD-K84937637-001-11-5,sirolimus,mTOR inhibitor,BR00122247,B13,9,2699,2699,2699,2699,2023_05_17_Batch2,9.999000099990002e-05,1.0
37,S-C-7314-04-CMP-001,,BRD-K93942811-001-03-9,1.9224,5.0,DMSO,K93942811,BRD-K93942811-001-01-3,ML-323,ubiquitin specific protease inhibitor,BR00122247,B14,9,3780,3780,3780,3780,2023_05_17_Batch2,0.009499050094990502,0.2375415282392027
38,S-C-7314-04-CMP-001,,BRD-A53576514-048-02-8,2.3075,5.0,DMSO,A53576514,BRD-A53576514-048-14-3,orphenadrine,acetylcholine receptor antagonist,BR00122247,B15,9,4107,4107,4107,4107,2023_05_17_Batch2,0.16328367163283672,0.02887532650190878
39,S-C-7314-04-CMP-001,negcon,,,,DMSO,,,,,BR00122247,B16,9,4441,4441,4441,4441,2023_05_17_Batch2,,
40,S-C-7314-04-CMP-001,,BRD-K56932272-001-02-9,2.4378,5.0,DMSO,K56932272,BRD-K56932272-001-02-9,BMS-566419,inosine monophosphate dehydrogenase inhibitor,BR00122247,B17,9,2721,2721,2721,2721,2023_05_17_Batch2,0.0033996600339966003,0.3478557504873294
41,S-C-7314-04-CMP-001,,BRD-K24600306-003-02-9,2.3445,5.0,DMSO,K24600306,BRD-K24600306-003-02-9,ML-298,phospholipase inhibitor,BR00122247,B18,9,3910,3910,3910,3910,2023_05_17_Batch2,0.44725527447255276,0.01407559330824649
42,S-C-7314-04-CMP-001,,BRD-M87138257-003-01-1,2.3499,5.0,DMSO,M87138257,BRD-M87138257-003-01-1,acriflavine,hypoxia inducible factor inhibitor,BR00122247,B19,9,58,58,58,58,2023_05_17_Batch2,9.999000099990002e-05,0.7101449275362319
43,S-C-7314-04-CMP-001,,BRD-K09372874-001-02-9,2.2623,5.0,DMSO,K09372874,BRD-K09372874-001-01-0,merimepodib,inosine monophosphate dehydrogenase inhibitor,BR00122247,B20,9,1414,1414,1414,1414,2023_05_17_Batch2,9.999000099990002e-05,1.0
44,S-C-7314-04-CMP-001,,BRD-K76908866-001-08-9,2.3477,5.0,DMSO,K76908866,BRD-K76908866-001-07-6,CP-724714,EGFR inhibitor,BR00122247,B21,9,3909,3909,3909,3909,2023_05_17_Batch2,0.033096690330966905,0.09304511278195489
45,S-C-7314-04-CMP-001,,BRD-K64881305-001-07-9,2.5853,5.0,DMSO,K64881305,BRD-K64881305-001-05-2,ispinesib,kinesin inhibitor,BR00122247,B22,9,403,403,403,403,2023_05_17_Batch2,0.0821917808219178,0.04771315640880858
46,S-C-7314-04-CMP-001,negcon,,,,DMSO,,,,,BR00122247,B23,9,4472,4472,4472,4472,2023_05_17_Batch2,,
47,S-C-7314-04-CMP-001,,BRD-K49669041-001-10-9,2.3568,5.0,DMSO,K49669041,BRD-K49669041-001-08-4,BX-912,pyruvate dehydrogenase kinase inhibitor,BR00122247,B24,9,1038,1038,1038,1038,2023_05_17_Batch2,9.999000099990002e-05,1.0
48,S-C-7314-04-CMP-001,,BRD-K72951360-001-02-9,3.6182,5.0,DMSO,K72951360,BRD-K72951360-001-01-4,valrubicin,DNA inhibitor,BR00122247,C01,9,147,147,147,147,2023_05_17_Batch2,0.0004999500049995,0.40111111111111114
49,S-C-7314-04-CMP-001,,BRD-K16189898-001-26-9,2.3267,5.0,DMSO,K16189898,BRD-K16189898-003-03-3,CHIR-99021,glycogen synthase kinase inhibitor,BR00122247,C02,9,3564,3564,3564,3564,2023_05_17_Batch2,9.999000099990002e-05,1.0
50,S-C-7314-04-CMP-001,,BRD-M87138257-003-01-1,2.3499,5.0,DMSO,M87138257,BRD-M87138257-003-01-1,acriflavine,hypoxia inducible factor inhibitor,BR00122247,C03,8,40,40,40,40,2023_05_17_Batch2,0.0456954304569543,0.07429453262786596
51,S-C-7314-04-CMP-001,,BRD-K99433989-001-02-9,2.4503,5.0,DMSO,K99433989,BRD-K99433989-001-02-9,SAG,smoothened receptor agonist,BR00122247,C04,9,3924,3924,3924,3924,2023_05_17_Batch2,0.0184981501849815,0.13847117794486216
52,S-C-7314-04-CMP-001,,BRD-K85776940-001-01-9,1.983,5.0,DMSO,K85776940,BRD-K85776940-001-01-9,delta-Tocotrienol,HMGCR inhibitor,BR00122247,C05,9,4138,4138,4138,4138,2023_05_17_Batch2,0.813018698130187,0.008516012916702509
53,S-C-7314-04-CMP-001,negcon,,,,DMSO,,,,,BR00122247,C06,9,4385,4385,4385,4385,2023_05_17_Batch2,,
54,S-C-7314-04-CMP-001,,BRD-K70578146-001-13-9,0.16697,0.133,DMSO,K70578146,BRD-K70578146-001-09-1,DACTINOMYCIN,Apoptosis inducer (transcription inhibitor),BR00122247,C07,9,179,179,179,179,2023_05_17_Batch2,9.999000099990002e-05,0.7101449275362319
55,S-C-7314-04-CMP-001,,BRD-K97452254-001-02-9,2.3578,5.0,DMSO,K97452254,BRD-K97452254-001-01-3,AMG-925,CDK inhibitor,BR00122247,C08,9,2100,2100,2100,2100,2023_05_17_Batch2,9.999000099990002e-05,1.0
56,S-C-7314-04-CMP-001,,BRD-K68756823-001-12-9,1.6367,5.0,DMSO,K68756823,BRD-K68756823-001-07-1,FR-180204,MAP kinase inhibitor,BR00122247,C09,9,4388,4388,4388,4388,2023_05_17_Batch2,0.00029997000299970003,0.5054945054945055
57,S-C-7314-04-CMP-001,,BRD-K60130390-001-02-1,2.7335,5.0,DMSO,K60130390,BRD-K60130390-001-02-1,UNC0642,histone lysine methyltransferase inhibitor,BR00122247,C10,9,3797,3797,3797,3797,2023_05_17_Batch2,9.999000099990002e-05,0.9166666666666666
58,S-C-7314-04-CMP-001,,BRD-K98203492-001-06-9,2.0875,5.0,DMSO,K98203492,BRD-K98203492-003-04-1,GSK-J4,histone lysine demethylase inhibitor,BR00122247,C11,9,1259,1259,1259,1259,2023_05_17_Batch2,9.999000099990002e-05,1.0
59,S-C-7314-04-CMP-001,,BRD-K57080016-001-19-1,2.2884,5.0,DMSO,K57080016,BRD-K57080016-001-01-9,selumetinib,MEK inhibitor,BR00122247,C12,9,3646,3646,3646,3646,2023_05_17_Batch2,9.999000099990002e-05,1.0
60,S-C-7314-04-CMP-001,,BRD-K39520573-001-01-2,2.6047,5.0,DMSO,K39520573,BRD-K39520573-001-03-8,GW-5074,RAF inhibitor,BR00122247,C13,9,4208,4208,4208,4208,2023_05_17_Batch2,0.29257074292570745,0.019238029709607987
61,S-C-7314-04-CMP-001,,BRD-K61397605-001-04-2,2.7035,5.0,DMSO,K61397605,BRD-K61397605-001-07-5,romidepsin,HDAC inhibitor,BR00122247,C14,9,320,320,320,320,2023_05_17_Batch2,9.999000099990002e-05,0.6428571428571429
62,S-C-7314-04-CMP-001,,BRD-K61688984-001-04-5,1.812,5.0,DMSO,K61688984,BRD-K61688984-001-02-9,RGFP966,HDAC inhibitor,BR00122247,C15,9,2577,2577,2577,2577,2023_05_17_Batch2,9.999000099990002e-05,0.7575757575757575
63,S-C-7314-04-CMP-001,,BRD-K37379014-001-02-0,2.1024,5.0,DMSO,K37379014,BRD-K37379014-001-01-2,filanesib,kinesin inhibitor,BR00122247,C16,9,509,509,509,509,2023_05_17_Batch2,9.999000099990002e-05,0.7666666666666666
64,S-C-7314-04-CMP-001,,BRD-K19477839-001-10-9,1.797,5.0,DMSO,K19477839,BRD-K19477839-001-07-6,SGX523,hepatocyte growth factor receptor inhibitor,BR00122247,C17,9,4014,4014,4014,4014,2023_05_17_Batch2,0.9953004699530047,0.006030079264505778
65,S-C-7314-04-CMP-001,,BRD-K28936863-051-14-0,2.1275,5.0,DMSO,K28936863,BRD-K28936863-051-32-2,ketotifen,phosphodiesterase inhibitor,BR00122247,C18,9,4041,4041,4041,4041,2023_05_17_Batch2,0.09809019098090191,0.042659774584657216
66,S-C-7314-04-CMP-001,,BRD-K67772619-001-06-9,1.4213,5.0,DMSO,K67772619,BRD-K67772619-001-05-1,rheochrysidin,protein tyrosine kinase inhibitor,BR00122247,C19,9,4299,4299,4299,4299,2023_05_17_Batch2,0.11358864113588642,0.03792364468736131
67,S-C-7314-04-CMP-001,,BRD-A53576514-048-02-8,2.3075,5.0,DMSO,A53576514,BRD-A53576514-048-14-3,orphenadrine,acetylcholine receptor antagonist,BR00122247,C20,9,4282,4282,4282,4282,2023_05_17_Batch2,0.0016998300169983002,0.36178984414278537
68,S-C-7314-04-CMP-001,,BRD-K91900765-001-09-9,2.1813,5.0,DMSO,K91900765,BRD-K91900765-001-08-4,VX-745,p38 MAPK inhibitor,BR00122247,C21,9,4060,4060,4060,4060,2023_05_17_Batch2,0.028997100289971003,0.10357142857142858
69,S-C-7314-04-CMP-001,,BRD-K56301217-001-02-5,4.0671,5.0,DMSO,K56301217,BRD-K56301217-001-07-4,ABT-737,BCL inhibitor,BR00122247,C22,9,3051,3051,3051,3051,2023_05_17_Batch2,9.999000099990002e-05,1.0
70,S-C-7314-04-CMP-001,,BRD-K23383398-001-08-1,2.4067,5.0,DMSO,K23383398,BRD-K23383398-001-09-9,T-0901317,LXR agonist,BR00122247,C23,9,4182,4182,4182,4182,2023_05_17_Batch2,9.999000099990002e-05,1.0
71,S-C-7314-04-CMP-001,,BRD-K24696047-001-03-9,2.1978,5.0,DMSO,K24696047,BRD-K24696047-001-02-3,NVP-AEW541,IGF-1 inhibitor,BR00122247,C24,9,3241,3241,3241,3241,2023_05_17_Batch2,9.999000099990002e-05,0.7166666666666667
72,S-C-7314-04-CMP-001,,BRD-K00818915-001-02-9,1.7613,5.0,DMSO,K00818915,BRD-K00818915-003-01-8,SHP099,protein tyrosine kinase inhibitor,BR00122247,D01,9,4530,4530,4530,4530,2023_05_17_Batch2,0.030396960303969604,0.09845885514953966
73,S-C-7314-04-CMP-001,,BRD-K39974922-001-05-9,2.1343,5.0,DMSO,K39974922,BRD-K39974922-001-04-3,lenvatinib,FGFR inhibitor,BR00122247,D02,9,3335,3335,3335,3335,2023_05_17_Batch2,9.999000099990002e-05,0.8333333333333334
74,S-C-7314-04-CMP-001,,BRD-K61397605-001-04-2,2.7035,5.0,DMSO,K61397605,BRD-K61397605-001-07-5,romidepsin,HDAC inhibitor,BR00122247,D03,9,292,292,292,292,2023_05_17_Batch2,0.00019998000199980003,0.4761904761904762
75,S-C-7314-04-CMP-001,,BRD-K50055394-001-04-9,2.0844,5.0,DMSO,K50055394,BRD-K50055394-001-03-6,halopemide,phospholipase inhibitor,BR00122247,D04,9,4349,4349,4349,4349,2023_05_17_Batch2,9.999000099990002e-05,1.0
76,S-C-7314-04-CMP-001,,BRD-K49669041-001-10-9,2.3568,5.0,DMSO,K49669041,BRD-K49669041-001-08-4,BX-912,pyruvate dehydrogenase kinase inhibitor,BR00122247,D05,9,1358,1358,1358,1358,2023_05_17_Batch2,9.999000099990002e-05,0.7575757575757575
77,S-C-7314-04-CMP-001,,BRD-A12994259-001-11-9,1.3662,5.0,DMSO,A12994259,BRD-A12994259-001-02-1,pomalidomide,tumor necrosis factor production inhibitor,BR00122247,D06,9,4319,4319,4319,4319,2023_05_17_Batch2,0.056194380561943806,0.06350892224939457
78,S-C-7314-04-CMP-001,,BRD-K73982490-001-04-9,1.8969,5.0,DMSO,K73982490,BRD-K73982490-001-02-9,BI-78D3,JNK inhibitor,BR00122247,D07,9,4142,4142,4142,4142,2023_05_17_Batch2,0.15898410158984103,0.028327695100552695
79,S-C-7314-04-CMP-001,,BRD-K19871656-001-01-3,1.8291,5.0,DMSO,K19871656,BRD-K19871656-001-01-3,CPI-0610,bromodomain inhibitor,BR00122247,D08,9,3269,3269,3269,3269,2023_05_17_Batch2,9.999000099990002e-05,1.0
80,S-C-7314-04-CMP-001,,BRD-K68756823-001-12-9,1.6367,5.0,DMSO,K68756823,BRD-K68756823-001-07-1,FR-180204,MAP kinase inhibitor,BR00122247,D09,9,4485,4485,4485,4485,2023_05_17_Batch2,0.016698330166983303,0.1675213675213675
81,S-C-7314-04-CMP-001,negcon,,,,DMSO,,,,,BR00122247,D10,9,4360,4360,4360,4360,2023_05_17_Batch2,,
82,S-C-7314-04-CMP-001,,BRD-K63631219-001-01-6,1.1784,5.0,DMSO,K63631219,BRD-K63631219-001-01-6,quazinone,phosphodiesterase inhibitor,BR00122247,D11,9,4186,4186,4186,4186,2023_05_17_Batch2,0.8686131386861314,0.007836540392010038
83,S-C-7314-04-CMP-001,,BRD-K99113996-001-02-0,2.3127,5.0,DMSO,K99113996,BRD-K99113996-001-02-0,AZD2014,mTOR inhibitor,BR00122247,D12,9,1518,1518,1518,1518,2023_05_17_Batch2,9.999000099990002e-05,0.9166666666666666
84,S-C-7314-04-CMP-001,,BRD-K99113996-001-02-0,2.3127,5.0,DMSO,K99113996,BRD-K99113996-001-02-0,AZD2014,mTOR inhibitor,BR00122247,D13,9,1462,1462,1462,1462,2023_05_17_Batch2,9.999000099990002e-05,1.0
85,S-C-7314-04-CMP-001,,BRD-K01826510-001-09-9,1.8745,5.0,DMSO,K01826510,BRD-K01826510-300-06-9,hydroxyzine,antihistamine,BR00122247,D14,9,3866,3866,3866,3866,2023_05_17_Batch2,0.05499450054994501,0.06427350427350427
86,S-C-7314-04-CMP-001,,BRD-K37379014-001-02-0,2.1024,5.0,DMSO,K37379014,BRD-K37379014-001-01-2,filanesib,kinesin inhibitor,BR00122247,D15,9,428,428,428,428,2023_05_17_Batch2,9.999000099990002e-05,0.5333333333333333
87,S-C-7314-04-CMP-001,,BRD-K98251413-001-07-9,1.7617,5.0,DMSO,K98251413,BRD-K98251413-001-04-0,IOX2,hypoxia inducible factor inhibitor,BR00122247,D16,9,4340,4340,4340,4340,2023_05_17_Batch2,9.999000099990002e-05,0.7555555555555555
88,S-C-7314-04-CMP-001,,BRD-K44227013-001-15-9,2.6628,5.0,DMSO,K44227013,BRD-K44227013-001-08-0,ponatinib,Bcr-Abl kinase inhibitor,BR00122247,D17,9,300,300,300,300,2023_05_17_Batch2,0.000999900009999,0.3686868686868687
89,S-C-7314-04-CMP-001,,BRD-K20290250-001-03-9,2.0624,5.0,DMSO,K20290250,BRD-K20290250-001-02-1,BIX-02188,MEK inhibitor,BR00122247,D18,9,3946,3946,3946,3946,2023_05_17_Batch2,0.0091990800919908,0.2362745098039216
90,S-C-7314-04-CMP-001,,BRD-K24696047-001-03-9,2.1978,5.0,DMSO,K24696047,BRD-K24696047-001-02-3,NVP-AEW541,IGF-1 inhibitor,BR00122247,D19,9,3250,3250,3250,3250,2023_05_17_Batch2,9.999000099990002e-05,0.6555555555555556
91,S-C-7314-04-CMP-001,,BRD-K00818915-001-02-9,1.7613,5.0,DMSO,K00818915,BRD-K00818915-003-01-8,SHP099,protein tyrosine kinase inhibitor,BR00122247,D20,9,4139,4139,4139,4139,2023_05_17_Batch2,0.4092590740925907,0.014628483762643732
92,S-C-7314-04-CMP-001,,BRD-K03063480-001-08-9,2.0974,5.0,DMSO,K03063480,BRD-K03063480-001-06-6,PF-477736,CHK inhibitor,BR00122247,D21,9,256,256,256,256,2023_05_17_Batch2,9.999000099990002e-05,0.9166666666666666
93,S-C-7314-04-CMP-001,,BRD-K24696047-001-03-9,2.1978,5.0,DMSO,K24696047,BRD-K24696047-001-02-3,NVP-AEW541,IGF-1 inhibitor,BR00122247,D22,9,3333,3333,3333,3333,2023_05_17_Batch2,9.999000099990002e-05,0.7166666666666667
94,S-C-7314-04-CMP-001,,BRD-K54759182-003-09-8,1.6595,5.0,DMSO,K54759182,BRD-K54759182-003-08-0,dosulepin,tricyclic antidepressant,BR00122247,D23,9,3861,3861,3861,3861,2023_05_17_Batch2,0.8882111788821118,0.007606763210818407
95,S-C-7314-04-CMP-001,,BRD-K99092662-001-02-9,1.5286,5.0,DMSO,K99092662,BRD-K99092662-001-01-1,PS178990,androgen receptor modulator,BR00122247,D24,9,4027,4027,4027,4027,2023_05_17_Batch2,0.0163983601639836,0.17179959512227883
96,S-C-7314-04-CMP-001,,BRD-K00818915-001-02-9,1.7613,5.0,DMSO,K00818915,BRD-K00818915-003-01-8,SHP099,protein tyrosine kinase inhibitor,BR00122247,E01,9,3997,3997,3997,3997,2023_05_17_Batch2,0.06229377062293771,0.05911597015998363
97,S-C-7314-04-CMP-001,,BRD-K39974922-001-05-9,2.1343,5.0,DMSO,K39974922,BRD-K39974922-001-04-3,lenvatinib,FGFR inhibitor,BR00122247,E02,9,3057,3057,3057,3057,2023_05_17_Batch2,9.999000099990002e-05,1.0
98,S-C-7314-04-CMP-001,,BRD-K19871656-001-01-3,1.8291,5.0,DMSO,K19871656,BRD-K19871656-001-01-3,CPI-0610,bromodomain inhibitor,BR00122247,E03,9,3202,3202,3202,3202,2023_05_17_Batch2,9.999000099990002e-05,1.0
99,S-C-7314-04-CMP-001,,BRD-K98203492-001-06-9,2.0875,5.0,DMSO,K98203492,BRD-K98203492-003-04-1,GSK-J4,histone lysine demethylase inhibitor,BR00122247,E04,9,1486,1486,1486,1486,2023_05_17_Batch2,9.999000099990002e-05,1.0
100,S-C-7314-04-CMP-001,,BRD-K28936863-051-14-0,2.1275,5.0,DMSO,K28936863,BRD-K28936863-051-32-2,ketotifen,phosphodiesterase inhibitor,BR00122247,E05,9,4249,4249,4249,4249,2023_05_17_Batch2,0.8813118688131187,0.007811271345041511
101,S-C-7314-04-CMP-001,,BRD-K04923131-001-17-9,1.7809,5.0,DMSO,K04923131,BRD-K04923131-001-15-4,GSK-3-inhibitor-IX,glycogen synthase kinase inhibitor,BR00122247,E06,9,1720,1720,1720,1720,2023_05_17_Batch2,9.999000099990002e-05,0.7333333333333334
102,S-C-7314-04-CMP-001,,BRD-K36234266-001-10-6,1.0702,5.0,DMSO,K36234266,BRD-K36234266-001-09-8,carmustine,DNA inhibitor,BR00122247,E07,9,4194,4194,4194,4194,2023_05_17_Batch2,0.35276472352764726,0.01655002412154616
103,S-C-7314-04-CMP-001,,BRD-K44227013-001-15-9,2.6628,5.0,DMSO,K44227013,BRD-K44227013-001-08-0,ponatinib,Bcr-Abl kinase inhibitor,BR00122247,E08,9,340,340,340,340,2023_05_17_Batch2,9.999000099990002e-05,0.7916666666666666
104,S-C-7314-04-CMP-001,,BRD-K85606544-001-07-5,2.7852,5.0,DMSO,K85606544,BRD-K85606544-001-09-1,neratinib,EGFR inhibitor,BR00122247,E09,9,1792,1792,1792,1792,2023_05_17_Batch2,9.999000099990002e-05,1.0
105,S-C-7314-04-CMP-001,,BRD-K13094524-001-10-9,1.7369,5.0,DMSO,K13094524,BRD-K13094524-001-04-2,PFI-1,bromodomain inhibitor,BR00122247,E10,9,3961,3961,3961,3961,2023_05_17_Batch2,0.009099090090990901,0.3206349206349206
106,S-C-7314-04-CMP-001,,BRD-K83607951-001-04-9,2.1271,5.0,DMSO,K83607951,BRD-K83607951-001-02-2,skepinone-l,p38 MAPK inhibitor,BR00122247,E11,9,3307,3307,3307,3307,2023_05_17_Batch2,9.999000099990002e-05,0.7777777777777777
107,S-C-7314-04-CMP-001,,BRD-M87138257-003-01-1,2.3499,5.0,DMSO,M87138257,BRD-M87138257-003-01-1,acriflavine,hypoxia inducible factor inhibitor,BR00122247,E12,9,48,48,48,48,2023_05_17_Batch2,9.999000099990002e-05,0.7192982456140351
108,S-C-7314-04-CMP-001,negcon,,,,DMSO,,,,,BR00122247,E13,9,4234,4234,4234,4234,2023_05_17_Batch2,,
109,S-C-7314-04-CMP-001,,BRD-K76908866-001-08-9,2.3477,5.0,DMSO,K76908866,BRD-K76908866-001-07-6,CP-724714,EGFR inhibitor,BR00122247,E14,9,3923,3923,3923,3923,2023_05_17_Batch2,0.051994800519948,0.06585266585266585
110,S-C-7314-04-CMP-001,,BRD-K24696047-001-03-9,2.1978,5.0,DMSO,K24696047,BRD-K24696047-001-02-3,NVP-AEW541,IGF-1 inhibitor,BR00122247,E15,9,2925,2925,2925,2925,2023_05_17_Batch2,0.07579242075792421,0.049846524304728634
111,S-C-7314-04-CMP-001,,BRD-K54759182-003-09-8,1.6595,5.0,DMSO,K54759182,BRD-K54759182-003-08-0,dosulepin,tricyclic antidepressant,BR00122247,E16,9,4296,4296,4296,4296,2023_05_17_Batch2,0.044495550444955505,0.0756157358075387
112,S-C-7314-04-CMP-001,,BRD-K84937637-001-21-9,4.5709,5.0,DMSO,K84937637,BRD-K84937637-001-11-5,sirolimus,mTOR inhibitor,BR00122247,E17,9,3005,3005,3005,3005,2023_05_17_Batch2,9.999000099990002e-05,1.0
113,S-C-7314-04-CMP-001,,BRD-K88677950-001-04-9,2.3812,5.0,DMSO,K88677950,BRD-K88677950-001-03-9,PD-198306,MAP kinase inhibitor,BR00122247,E18,9,3843,3843,3843,3843,2023_05_17_Batch2,9.999000099990002e-05,0.9166666666666666
114,S-C-7314-04-CMP-001,,BRD-K03063480-001-08-9,2.0974,5.0,DMSO,K03063480,BRD-K03063480-001-06-6,PF-477736,CHK inhibitor,BR00122247,E19,9,305,305,305,305,2023_05_17_Batch2,0.0004999500049995,0.40277777777777773
115,S-C-7314-04-CMP-001,,BRD-K09372874-001-02-9,2.2623,5.0,DMSO,K09372874,BRD-K09372874-001-01-0,merimepodib,inosine monophosphate dehydrogenase inhibitor,BR00122247,E20,9,1607,1607,1607,1607,2023_05_17_Batch2,9.999000099990002e-05,1.0
116,S-C-7314-04-CMP-001,,BRD-K69023402-001-03-3,0.2167,0.333,DMSO,K69023402,BRD-K69023402-001-07-4,Thapsigargin,ER stressor (SERCA inhibitor),BR00122247,E21,9,88,88,88,88,2023_05_17_Batch2,9.999000099990002e-05,1.0
117,S-C-7314-04-CMP-001,,BRD-K56932272-001-02-9,2.4378,5.0,DMSO,K56932272,BRD-K56932272-001-02-9,BMS-566419,inosine monophosphate dehydrogenase inhibitor,BR00122247,E22,9,2651,2651,2651,2651,2023_05_17_Batch2,0.0030996900309969004,0.3508603594959381
118,S-C-7314-04-CMP-001,,BRD-K32730239-001-03-9,1.3065,5.0,DMSO,K32730239,BRD-K32730239-001-01-0,SU3327,JNK inhibitor,BR00122247,E23,9,1008,1008,1008,1008,2023_05_17_Batch2,0.8398160183981602,0.008228127822293959
119,S-C-7314-04-CMP-001,negcon,,,,DMSO,,,,,BR00122247,E24,9,4237,4237,4237,4237,2023_05_17_Batch2,,
120,S-C-7314-04-CMP-001,,BRD-K16189898-001-26-9,2.3267,5.0,DMSO,K16189898,BRD-K16189898-003-03-3,CHIR-99021,glycogen synthase kinase inhibitor,BR00122247,F01,9,3434,3434,3434,3434,2023_05_17_Batch2,9.999000099990002e-05,1.0
121,S-C-7314-04-CMP-001,,BRD-K73982490-001-04-9,1.8969,5.0,DMSO,K73982490,BRD-K73982490-001-02-9,BI-78D3,JNK inhibitor,BR00122247,F02,9,4370,4370,4370,4370,2023_05_17_Batch2,0.40545945405459455,0.014993348013579225
122,S-C-7314-04-CMP-001,,BRD-K86718786-001-03-9,1.4917,5.0,DMSO,K86718786,BRD-K86718786-001-03-9,SGC-707,protein arginine N-methyltransferase inhibitor,BR00122247,F03,9,4609,4609,4609,4609,2023_05_17_Batch2,0.11858814118588142,0.03642934862245168
123,S-C-7314-04-CMP-001,,BRD-K61397605-001-04-2,2.7035,5.0,DMSO,K61397605,BRD-K61397605-001-07-5,romidepsin,HDAC inhibitor,BR00122247,F04,9,270,270,270,270,2023_05_17_Batch2,0.0004999500049995,0.40277777777777773
124,S-C-7314-04-CMP-001,,BRD-K56301217-001-02-5,4.0671,5.0,DMSO,K56301217,BRD-K56301217-001-07-4,ABT-737,BCL inhibitor,BR00122247,F05,9,3230,3230,3230,3230,2023_05_17_Batch2,9.999000099990002e-05,1.0
125,S-C-7314-04-CMP-001,,BRD-K70642949-001-06-9,2.313,5.0,DMSO,K70642949,BRD-K70642949-001-04-5,GSK2334470,phosphoinositide dependent kinase inhibitor,BR00122247,F06,9,3140,3140,3140,3140,2023_05_17_Batch2,9.999000099990002e-05,0.7555555555555555
126,S-C-7314-04-CMP-001,,BRD-K91900765-001-09-9,2.1813,5.0,DMSO,K91900765,BRD-K91900765-001-08-4,VX-745,p38 MAPK inhibitor,BR00122247,F07,9,4201,4201,4201,4201,2023_05_17_Batch2,0.0007999200079992001,0.37566844919786097
127,S-C-7314-04-CMP-001,,BRD-A22769835-300-05-7,1.9389,5.0,DMSO,A22769835,BRD-A22769835-300-05-7,homochlorcyclizine,antihistamine,BR00122247,F08,9,4071,4071,4071,4071,2023_05_17_Batch2,0.5969403059694031,0.011199226501717605
128,S-C-7314-04-CMP-001,,BRD-K94455792-001-01-8,2.7432,5.0,DMSO,K94455792,BRD-K94455792-001-01-8,ICG-001,beta-catenin inhibitor,BR00122247,F09,9,2975,2975,2975,2975,2023_05_17_Batch2,0.0785921407859214,0.04884004884004884
129,S-C-7314-04-CMP-001,,BRD-K12737986-001-01-4,1.2215,5.0,DMSO,K12737986,BRD-K12737986-001-01-4,veliparib,PARP inhibitor,BR00122247,F10,9,3953,3953,3953,3953,2023_05_17_Batch2,0.11348865113488651,0.03765263681230068
130,S-C-7314-04-CMP-001,,BRD-K64881305-001-07-9,2.5853,5.0,DMSO,K64881305,BRD-K64881305-001-05-2,ispinesib,kinesin inhibitor,BR00122247,F11,9,524,524,524,524,2023_05_17_Batch2,0.010298970102989701,0.20337301587301584
131,S-C-7314-04-CMP-001,,BRD-K66401437-001-03-3,2.8303,5.0,DMSO,K66401437,BRD-K66401437-001-03-3,THZ1,CDK inhibitor,BR00122247,F12,9,131,131,131,131,2023_05_17_Batch2,9.999000099990002e-05,0.7666666666666666
132,S-C-7314-04-CMP-001,,BRD-K21728777-001-03-9,2.5179,5.0,DMSO,K21728777,BRD-K21728777-001-02-3,AMG900,Aurora kinase inhibitor,BR00122247,F13,9,733,733,733,733,2023_05_17_Batch2,9.999000099990002e-05,1.0
133,S-C-7314-04-CMP-001,,BRD-K85606544-001-07-5,2.7852,5.0,DMSO,K85606544,BRD-K85606544-001-09-1,neratinib,EGFR inhibitor,BR00122247,F14,9,1672,1672,1672,1672,2023_05_17_Batch2,9.999000099990002e-05,1.0
134,S-C-7314-04-CMP-001,,BRD-K13606314-001-02-9,1.7411,5.0,DMSO,K13606314,BRD-K13606314-001-01-3,P5091,ubiquitin specific protease inhibitor,BR00122247,F15,9,3835,3835,3835,3835,2023_05_17_Batch2,0.0756924307569243,0.04996960462933037
135,S-C-7314-04-CMP-001,,BRD-K82164249-001-03-5,2.2068,5.0,DMSO,K82164249,BRD-K82164249-001-03-5,andarine,androgen receptor modulator,BR00122247,F16,9,4245,4245,4245,4245,2023_05_17_Batch2,0.5366463353664633,0.012159804522787454
136,S-C-7314-04-CMP-001,,BRD-K23383398-001-08-1,2.4067,5.0,DMSO,K23383398,BRD-K23383398-001-09-9,T-0901317,LXR agonist,BR00122247,F17,9,4004,4004,4004,4004,2023_05_17_Batch2,9.999000099990002e-05,1.0
137,S-C-7314-04-CMP-001,,BRD-K37379014-001-02-0,2.1024,5.0,DMSO,K37379014,BRD-K37379014-001-01-2,filanesib,kinesin inhibitor,BR00122247,F18,9,549,549,549,549,2023_05_17_Batch2,9.999000099990002e-05,0.7916666666666666
138,S-C-7314-04-CMP-001,,BRD-K83607951-001-04-9,2.1271,5.0,DMSO,K83607951,BRD-K83607951-001-02-2,skepinone-l,p38 MAPK inhibitor,BR00122247,F19,9,3463,3463,3463,3463,2023_05_17_Batch2,9.999000099990002e-05,0.5277777777777778
139,S-C-7314-04-CMP-001,,BRD-K88677950-001-04-9,2.3812,5.0,DMSO,K88677950,BRD-K88677950-001-03-9,PD-198306,MAP kinase inhibitor,BR00122247,F20,9,3917,3917,3917,3917,2023_05_17_Batch2,9.999000099990002e-05,0.75
140,S-C-7314-04-CMP-001,negcon,,,,DMSO,,,,,BR00122247,F21,9,4154,4154,4154,4154,2023_05_17_Batch2,,
141,S-C-7314-04-CMP-001,,BRD-K17953061-001-05-1,0.012596,0.027,DMSO,K17953061,BRD-K17953061-001-14-3,Staurosporine,Apoptosis inducer (ATP-competitive kinase inhibitor),BR00122247,F22,9,989,989,989,989,2023_05_17_Batch2,9.999000099990002e-05,0.7435897435897436
142,S-C-7314-04-CMP-001,,BRD-K19871656-001-01-3,1.8291,5.0,DMSO,K19871656,BRD-K19871656-001-01-3,CPI-0610,bromodomain inhibitor,BR00122247,F23,9,3417,3417,3417,3417,2023_05_17_Batch2,9.999000099990002e-05,1.0
143,S-C-7314-04-CMP-001,,BRD-K23383398-001-08-1,2.4067,5.0,DMSO,K23383398,BRD-K23383398-001-09-9,T-0901317,LXR agonist,BR00122247,F24,9,4131,4131,4131,4131,2023_05_17_Batch2,9.999000099990002e-05,1.0
144,S-C-7314-04-CMP-001,,BRD-K86718786-001-03-9,1.4917,5.0,DMSO,K86718786,BRD-K86718786-001-03-9,SGC-707,protein arginine N-methyltransferase inhibitor,BR00122247,G01,9,4014,4014,4014,4014,2023_05_17_Batch2,0.4096590340965903,0.014888652607950853
145,S-C-7314-04-CMP-001,,BRD-K20290250-001-03-9,2.0624,5.0,DMSO,K20290250,BRD-K20290250-001-02-1,BIX-02188,MEK inhibitor,BR00122247,G02,9,4157,4157,4157,4157,2023_05_17_Batch2,9.999000099990002e-05,0.5142857142857143
146,S-C-7314-04-CMP-001,negcon,,,,DMSO,,,,,BR00122247,G03,9,4226,4226,4226,4226,2023_05_17_Batch2,,
147,S-C-7314-04-CMP-001,,BRD-K72951360-001-02-9,3.6182,5.0,DMSO,K72951360,BRD-K72951360-001-01-4,valrubicin,DNA inhibitor,BR00122247,G04,9,197,197,197,197,2023_05_17_Batch2,0.0004999500049995,0.4023188405797102
148,S-C-7314-04-CMP-001,,BRD-K53665955-001-05-9,2.3097,5.0,DMSO,K53665955,BRD-K53665955-001-03-0,MK-5108,Aurora kinase inhibitor,BR00122247,G05,9,2705,2705,2705,2705,2023_05_17_Batch2,9.999000099990002e-05,0.7166666666666667
149,S-C-7314-04-CMP-001,,BRD-K82164249-001-03-5,2.2068,5.0,DMSO,K82164249,BRD-K82164249-001-03-5,andarine,androgen receptor modulator,BR00122247,G06,9,4260,4260,4260,4260,2023_05_17_Batch2,0.0654934506549345,0.05619460075765934
150,S-C-7314-04-CMP-001,,BRD-K06182768-001-02-3,1.6472,5.0,DMSO,K06182768,BRD-K06182768-001-06-4,A-366,histone lysine methyltransferase inhibitor,BR00122247,G07,9,4060,4060,4060,4060,2023_05_17_Batch2,0.2662733726627337,0.020419719694198417
151,S-C-7314-04-CMP-001,,BRD-K62391742-001-19-9,4.3422,5.0,DMSO,K62391742,BRD-K62391742-001-03-0,venetoclax,BCL inhibitor,BR00122247,G08,9,3670,3670,3670,3670,2023_05_17_Batch2,0.00039996000399960006,0.4232323232323232
152,S-C-7314-04-CMP-001,,BRD-K60130390-001-02-1,2.7335,5.0,DMSO,K60130390,BRD-K60130390-001-02-1,UNC0642,histone lysine methyltransferase inhibitor,BR00122247,G09,9,3734,3734,3734,3734,2023_05_17_Batch2,0.05579442055794421,0.06279272842740335
153,S-C-7314-04-CMP-001,,BRD-K00818915-001-02-9,1.7613,5.0,DMSO,K00818915,BRD-K00818915-003-01-8,SHP099,protein tyrosine kinase inhibitor,BR00122247,G10,9,4129,4129,4129,4129,2023_05_17_Batch2,0.5027497250274973,0.012814633239575046
154,S-C-7314-04-CMP-001,,BRD-K61397605-001-04-2,2.7035,5.0,DMSO,K61397605,BRD-K61397605-001-07-5,romidepsin,HDAC inhibitor,BR00122247,G11,9,239,239,239,239,2023_05_17_Batch2,9.999000099990002e-05,0.6333333333333333
155,S-C-7314-04-CMP-001,,BRD-K73982490-001-04-9,1.8969,5.0,DMSO,K73982490,BRD-K73982490-001-02-9,BI-78D3,JNK inhibitor,BR00122247,G12,9,3840,3840,3840,3840,2023_05_17_Batch2,0.35626437356264373,0.016429160708021258
156,S-C-7314-04-CMP-001,,BRD-K98251413-001-07-9,1.7617,5.0,DMSO,K98251413,BRD-K98251413-001-04-0,IOX2,hypoxia inducible factor inhibitor,BR00122247,G13,9,4246,4246,4246,4246,2023_05_17_Batch2,9.999000099990002e-05,0.5111111111111111
157,S-C-7314-04-CMP-001,,BRD-K61688984-001-04-5,1.812,5.0,DMSO,K61688984,BRD-K61688984-001-02-9,RGFP966,HDAC inhibitor,BR00122247,G14,9,2651,2651,2651,2651,2023_05_17_Batch2,9.999000099990002e-05,0.7916666666666666
158,S-C-7314-04-CMP-001,,BRD-K16189898-001-26-9,2.3267,5.0,DMSO,K16189898,BRD-K16189898-003-03-3,CHIR-99021,glycogen synthase kinase inhibitor,BR00122247,G15,9,3274,3274,3274,3274,2023_05_17_Batch2,9.999000099990002e-05,1.0
159,S-C-7314-04-CMP-001,,BRD-K66430217-001-05-9,1.6909,5.0,DMSO,K66430217,BRD-K66430217-001-03-8,KH-CB19,CDC inhibitor,BR00122247,G16,9,4020,4020,4020,4020,2023_05_17_Batch2,0.5700429957004299,0.011608187134502923
160,S-C-7314-04-CMP-001,,BRD-K75009076-001-04-9,1.8813,5.0,DMSO,K75009076,BRD-K75009076-001-02-1,SCH-900776,CHK inhibitor,BR00122247,G17,9,561,561,561,561,2023_05_17_Batch2,0.018198180181981802,0.15833333333333333
161,S-C-7314-04-CMP-001,,BRD-K38627885-001-01-9,2.0674,5.0,DMSO,K38627885,BRD-K38627885-001-01-9,APY0201,phosphoinositide dependent kinase inhibitor,BR00122247,G18,9,2280,2280,2280,2280,2023_05_17_Batch2,9.999000099990002e-05,1.0
162,S-C-7314-04-CMP-001,,BRD-A12994259-001-11-9,1.3662,5.0,DMSO,A12994259,BRD-A12994259-001-02-1,pomalidomide,tumor necrosis factor production inhibitor,BR00122247,G19,9,3966,3966,3966,3966,2023_05_17_Batch2,0.9989001099890011,0.005811491813731456
163,S-C-7314-04-CMP-001,,BRD-K87632963-001-05-9,2.0918,5.0,DMSO,K87632963,BRD-K87632963-001-05-9,GNF-5,Bcr-Abl kinase inhibitor,BR00122247,G20,9,4146,4146,4146,4146,2023_05_17_Batch2,9.999000099990002e-05,1.0
164,S-C-7314-04-CMP-001,,BRD-K49669041-001-10-9,2.3568,5.0,DMSO,K49669041,BRD-K49669041-001-08-4,BX-912,pyruvate dehydrogenase kinase inhibitor,BR00122247,G21,9,1245,1245,1245,1245,2023_05_17_Batch2,9.999000099990002e-05,0.712121212121212
165,S-C-7314-04-CMP-001,,BRD-A22769835-300-05-7,1.9389,5.0,DMSO,A22769835,BRD-A22769835-300-05-7,homochlorcyclizine,antihistamine,BR00122247,G22,9,4302,4302,4302,4302,2023_05_17_Batch2,0.418958104189581,0.014677054792773212
166,S-C-7314-04-CMP-001,,BRD-K86118762-001-05-9,2.1075,5.0,DMSO,K86118762,BRD-K86118762-001-08-9,linsitinib,IGF-1 inhibitor,BR00122247,G23,9,3197,3197,3197,3197,2023_05_17_Batch2,0.0010998900109989002,0.36507936507936506
167,S-C-7314-04-CMP-001,,BRD-K39520573-001-01-2,2.6047,5.0,DMSO,K39520573,BRD-K39520573-001-03-8,GW-5074,RAF inhibitor,BR00122247,G24,9,4296,4296,4296,4296,2023_05_17_Batch2,0.1792820717928207,0.02699096225412015
168,S-C-7314-04-CMP-001,,BRD-K50055394-001-04-9,2.0844,5.0,DMSO,K50055394,BRD-K50055394-001-03-6,halopemide,phospholipase inhibitor,BR00122247,H01,9,4127,4127,4127,4127,2023_05_17_Batch2,9.999000099990002e-05,0.9166666666666666
169,S-C-7314-04-CMP-001,,BRD-K25433859-003-03-1,1.5693,5.0,DMSO,K25433859,BRD-K25433859-003-23-9,maprotiline,tricyclic antidepressant,BR00122247,H02,9,4291,4291,4291,4291,2023_05_17_Batch2,0.7809219078092191,0.008877507469056765
170,S-C-7314-04-CMP-001,,BRD-K53972329-001-12-9,1.5318,5.0,DMSO,K53972329,BRD-K53972329-001-07-0,ruxolitinib,JAK inhibitor,BR00122247,H03,9,4259,4259,4259,4259,2023_05_17_Batch2,0.009299070092990702,0.2556179775280899
171,S-C-7314-04-CMP-001,,BRD-K91900765-001-09-9,2.1813,5.0,DMSO,K91900765,BRD-K91900765-001-08-4,VX-745,p38 MAPK inhibitor,BR00122247,H04,9,4231,4231,4231,4231,2023_05_17_Batch2,0.0091990800919908,0.2032032032032032
172,S-C-7314-04-CMP-001,,BRD-K39974922-001-05-9,2.1343,5.0,DMSO,K39974922,BRD-K39974922-001-04-3,lenvatinib,FGFR inhibitor,BR00122247,H05,9,3073,3073,3073,3073,2023_05_17_Batch2,9.999000099990002e-05,1.0
173,S-C-7314-04-CMP-001,negcon,,,,DMSO,,,,,BR00122247,H06,9,4264,4264,4264,4264,2023_05_17_Batch2,,
174,S-C-7314-04-CMP-001,,BRD-K39520573-001-01-2,2.6047,5.0,DMSO,K39520573,BRD-K39520573-001-03-8,GW-5074,RAF inhibitor,BR00122247,H07,9,4402,4402,4402,4402,2023_05_17_Batch2,0.053394660533946606,0.0665038618809632
175,S-C-7314-04-CMP-001,,BRD-K73397362-001-09-9,2.6031,5.0,DMSO,K73397362,BRD-K73397362-001-06-6,purmorphamine,smoothened receptor agonist,BR00122247,H08,9,4054,4054,4054,4054,2023_05_17_Batch2,0.0866913308669133,0.04672972754466812
176,S-C-7314-04-CMP-001,,BRD-K45909031-001-03-9,2.4849,5.0,DMSO,K45909031,BRD-K45909031-001-01-5,WZ4003,AMPK inhibitor,BR00122247,H09,9,3439,3439,3439,3439,2023_05_17_Batch2,0.09979002099790021,0.042136685897987886
177,S-C-7314-04-CMP-001,,BRD-K53972329-001-12-9,1.5318,5.0,DMSO,K53972329,BRD-K53972329-001-07-0,ruxolitinib,JAK inhibitor,BR00122247,H10,9,4178,4178,4178,4178,2023_05_17_Batch2,0.038196180381961806,0.08563038742066875
178,S-C-7314-04-CMP-001,,BRD-K70446295-001-04-9,1.9172,5.0,DMSO,K70446295,BRD-K70446295-001-01-7,EPZ015666,protein arginine N-methyltransferase inhibitor,BR00122247,H11,9,3824,3824,3824,3824,2023_05_17_Batch2,9.999000099990002e-05,0.9166666666666666
179,S-C-7314-04-CMP-001,,BRD-K16189898-001-26-9,2.3267,5.0,DMSO,K16189898,BRD-K16189898-003-03-3,CHIR-99021,glycogen synthase kinase inhibitor,BR00122247,H12,9,3599,3599,3599,3599,2023_05_17_Batch2,9.999000099990002e-05,1.0
180,S-C-7314-04-CMP-001,,BRD-K16803204-001-02-9,2.1275,5.0,DMSO,K16803204,BRD-K16803204-001-01-6,filgotinib,JAK inhibitor,BR00122247,H13,9,3943,3943,3943,3943,2023_05_17_Batch2,0.42225777422257776,0.0145403417694138
181,S-C-7314-04-CMP-001,,BRD-K06182768-001-02-3,1.6472,5.0,DMSO,K06182768,BRD-K06182768-001-06-4,A-366,histone lysine methyltransferase inhibitor,BR00122247,H14,9,3976,3976,3976,3976,2023_05_17_Batch2,0.28687131286871315,0.019512292464878674
182,S-C-7314-04-CMP-001,,BRD-K99092662-001-02-9,1.5286,5.0,DMSO,K99092662,BRD-K99092662-001-01-1,PS178990,androgen receptor modulator,BR00122247,H15,9,3979,3979,3979,3979,2023_05_17_Batch2,0.9987001299870013,0.0059091491721916314
183,S-C-7314-04-CMP-001,,BRD-K87632963-001-05-9,2.0918,5.0,DMSO,K87632963,BRD-K87632963-001-05-9,GNF-5,Bcr-Abl kinase inhibitor,BR00122247,H16,9,3969,3969,3969,3969,2023_05_17_Batch2,9.999000099990002e-05,1.0
184,S-C-7314-04-CMP-001,,BRD-K86118762-001-05-9,2.1075,5.0,DMSO,K86118762,BRD-K86118762-001-08-9,linsitinib,IGF-1 inhibitor,BR00122247,H17,9,3356,3356,3356,3356,2023_05_17_Batch2,9.999000099990002e-05,0.7101449275362319
185,S-C-7314-04-CMP-001,,BRD-K13094524-001-10-9,1.7369,5.0,DMSO,K13094524,BRD-K13094524-001-04-2,PFI-1,bromodomain inhibitor,BR00122247,H18,9,4018,4018,4018,4018,2023_05_17_Batch2,0.00019998000199980003,0.5916666666666667
186,S-C-7314-04-CMP-001,,BRD-K04923131-001-17-9,1.7809,5.0,DMSO,K04923131,BRD-K04923131-001-15-4,GSK-3-inhibitor-IX,glycogen synthase kinase inhibitor,BR00122247,H19,9,1549,1549,1549,1549,2023_05_17_Batch2,9.999000099990002e-05,0.7380952380952381
187,S-C-7314-04-CMP-001,,BRD-K86118762-001-05-9,2.1075,5.0,DMSO,K86118762,BRD-K86118762-001-08-9,linsitinib,IGF-1 inhibitor,BR00122247,H20,9,3126,3126,3126,3126,2023_05_17_Batch2,9.999000099990002e-05,0.6979166666666666
188,S-C-7314-04-CMP-001,,BRD-K72898849-001-03-9,2.5469,5.0,DMSO,K72898849,BRD-K72898849-001-01-8,BLU9931,FGFR inhibitor,BR00122247,H21,9,2723,2723,2723,2723,2023_05_17_Batch2,9.999000099990002e-05,0.8333333333333334
189,S-C-7314-04-CMP-001,,BRD-K16803204-001-02-9,2.1275,5.0,DMSO,K16803204,BRD-K16803204-001-01-6,filgotinib,JAK inhibitor,BR00122247,H22,9,4457,4457,4457,4457,2023_05_17_Batch2,0.24227577242275772,0.021933621933621934
190,S-C-7314-04-CMP-001,,BRD-K83192048-050-01-9,2.0425,5.0,DMSO,K83192048,BRD-K83192048-050-03-5,dimethindene-(S)-(+),acetylcholine receptor antagonist,BR00122247,H23,9,4336,4336,4336,4336,2023_05_17_Batch2,0.0476952304769523,0.07295788939624555
191,S-C-7314-04-CMP-001,,BRD-K03063480-001-08-9,2.0974,5.0,DMSO,K03063480,BRD-K03063480-001-06-6,PF-477736,CHK inhibitor,BR00122247,H24,9,224,224,224,224,2023_05_17_Batch2,9.999000099990002e-05,0.8333333333333334
192,S-C-7314-04-CMP-001,,BRD-K99092662-001-02-9,1.5286,5.0,DMSO,K99092662,BRD-K99092662-001-01-1,PS178990,androgen receptor modulator,BR00122247,I01,9,3785,3785,3785,3785,2023_05_17_Batch2,0.9855014498550145,0.006283947065592634
193,S-C-7314-04-CMP-001,,BRD-K33818169-003-04-6,3.0926,5.0,DMSO,K33818169,BRD-K33818169-003-04-6,GW-3965,LXR agonist,BR00122247,I02,9,4107,4107,4107,4107,2023_05_17_Batch2,0.011998800119988001,0.18062678062678064
194,S-C-7314-04-CMP-001,,BRD-K20290250-001-03-9,2.0624,5.0,DMSO,K20290250,BRD-K20290250-001-02-1,BIX-02188,MEK inhibitor,BR00122247,I03,9,3812,3812,3812,3812,2023_05_17_Batch2,0.0011998800119988001,0.3726729891113452
195,S-C-7314-04-CMP-001,,BRD-K53972329-001-12-9,1.5318,5.0,DMSO,K53972329,BRD-K53972329-001-07-0,ruxolitinib,JAK inhibitor,BR00122247,I04,9,4188,4188,4188,4188,2023_05_17_Batch2,0.06869313068693131,0.05405310971348707
196,S-C-7314-04-CMP-001,,BRD-K70642949-001-06-9,2.313,5.0,DMSO,K70642949,BRD-K70642949-001-04-5,GSK2334470,phosphoinositide dependent kinase inhibitor,BR00122247,I05,9,2897,2897,2897,2897,2023_05_17_Batch2,0.00039996000399960006,0.4227920227920228
197,S-C-7314-04-CMP-001,,BRD-K19871656-001-01-3,1.8291,5.0,DMSO,K19871656,BRD-K19871656-001-01-3,CPI-0610,bromodomain inhibitor,BR00122247,I06,9,3324,3324,3324,3324,2023_05_17_Batch2,9.999000099990002e-05,1.0
198,S-C-7314-04-CMP-001,,BRD-K12511835-003-03-9,1.6309,5.0,DMSO,K12511835,BRD-K12511835-003-01-2,BMS-863233,CDC inhibitor,BR00122247,I07,9,3454,3454,3454,3454,2023_05_17_Batch2,9.999000099990002e-05,1.0
199,S-C-7314-04-CMP-001,,BRD-K69023402-001-03-3,0.2167,0.333,DMSO,K69023402,BRD-K69023402-001-07-4,Thapsigargin,ER stressor (SERCA inhibitor),BR00122247,I08,9,88,88,88,88,2023_05_17_Batch2,9.999000099990002e-05,1.0
200,S-C-7314-04-CMP-001,,BRD-K57080016-001-19-1,2.2884,5.0,DMSO,K57080016,BRD-K57080016-001-01-9,selumetinib,MEK inhibitor,BR00122247,I09,9,3529,3529,3529,3529,2023_05_17_Batch2,9.999000099990002e-05,1.0
201,S-C-7314-04-CMP-001,,BRD-K02965346-001-01-8,2.8404,5.0,DMSO,K02965346,BRD-K02965346-001-07-5,SU-11274,hepatocyte growth factor receptor inhibitor,BR00122247,I10,9,1917,1917,1917,1917,2023_05_17_Batch2,9.999000099990002e-05,1.0
202,S-C-7314-04-CMP-001,,BRD-K13606314-001-02-9,1.7411,5.0,DMSO,K13606314,BRD-K13606314-001-01-3,P5091,ubiquitin specific protease inhibitor,BR00122247,I11,9,3815,3815,3815,3815,2023_05_17_Batch2,0.5295470452954705,0.01230029325616483
203,S-C-7314-04-CMP-001,,BRD-K67578145-001-13-9,1.6719,5.0,DMSO,K67578145,BRD-K67578145-001-09-7,GDC-0879,RAF inhibitor,BR00122247,I12,9,4371,4371,4371,4371,2023_05_17_Batch2,0.0751924807519248,0.050341250341250345
204,S-C-7314-04-CMP-001,,BRD-K66430217-001-05-9,1.6909,5.0,DMSO,K66430217,BRD-K66430217-001-03-8,KH-CB19,CDC inhibitor,BR00122247,I13,9,4230,4230,4230,4230,2023_05_17_Batch2,0.2628737126287371,0.020630081300813008
205,S-C-7314-04-CMP-001,,BRD-K53665955-001-05-9,2.3097,5.0,DMSO,K53665955,BRD-K53665955-001-03-0,MK-5108,Aurora kinase inhibitor,BR00122247,I14,9,2559,2559,2559,2559,2023_05_17_Batch2,0.009099090090990901,0.3166666666666667
206,S-C-7314-04-CMP-001,,BRD-K39974922-001-05-9,2.1343,5.0,DMSO,K39974922,BRD-K39974922-001-04-3,lenvatinib,FGFR inhibitor,BR00122247,I15,9,2930,2930,2930,2930,2023_05_17_Batch2,0.009299070092990702,0.25
207,S-C-7314-04-CMP-001,,BRD-K85776940-001-01-9,1.983,5.0,DMSO,K85776940,BRD-K85776940-001-01-9,delta-Tocotrienol,HMGCR inhibitor,BR00122247,I16,9,3926,3926,3926,3926,2023_05_17_Batch2,0.0933906609339066,0.04325281896508407
208,S-C-7314-04-CMP-001,,BRD-K37379014-001-02-0,2.1024,5.0,DMSO,K37379014,BRD-K37379014-001-01-2,filanesib,kinesin inhibitor,BR00122247,I17,9,520,520,520,520,2023_05_17_Batch2,9.999000099990002e-05,0.7575757575757575
209,S-C-7314-04-CMP-001,,BRD-K83192048-050-01-9,2.0425,5.0,DMSO,K83192048,BRD-K83192048-050-03-5,dimethindene-(S)-(+),acetylcholine receptor antagonist,BR00122247,I18,9,4148,4148,4148,4148,2023_05_17_Batch2,0.1321867813218678,0.03369204555645233
210,S-C-7314-04-CMP-001,negcon,,,,DMSO,,,,,BR00122247,I19,9,4078,4078,4078,4078,2023_05_17_Batch2,,
211,S-C-7314-04-CMP-001,,BRD-K82941592-238-06-9,2.6182,5.0,DMSO,K82941592,BRD-K82941592-238-03-7,rosuvastatin,HMGCR inhibitor,BR00122247,I20,9,4321,4321,4321,4321,2023_05_17_Batch2,0.3701629837016298,0.015991295127959368
212,S-C-7314-04-CMP-001,,BRD-K54955827-001-03-9,1.6019,5.0,DMSO,K54955827,BRD-K54955827-001-02-2,niraparib,PARP inhibitor,BR00122247,I21,9,2299,2299,2299,2299,2023_05_17_Batch2,9.999000099990002e-05,0.8666666666666667
213,S-C-7314-04-CMP-001,,BRD-K66401437-001-03-3,2.8303,5.0,DMSO,K66401437,BRD-K66401437-001-03-3,THZ1,CDK inhibitor,BR00122247,I22,9,112,112,112,112,2023_05_17_Batch2,0.011898810118988102,0.18560606060606064
214,S-C-7314-04-CMP-001,,BRD-K45909031-001-03-9,2.4849,5.0,DMSO,K45909031,BRD-K45909031-001-01-5,WZ4003,AMPK inhibitor,BR00122247,I23,9,3858,3858,3858,3858,2023_05_17_Batch2,0.017998200179982,0.1638888888888889
215,S-C-7314-04-CMP-001,,BRD-K93942811-001-03-9,1.9224,5.0,DMSO,K93942811,BRD-K93942811-001-01-3,ML-323,ubiquitin specific protease inhibitor,BR00122247,I24,9,3585,3585,3585,3585,2023_05_17_Batch2,0.0766923307669233,0.04947839230845475
216,S-C-7314-04-CMP-001,negcon,,,,DMSO,,,,,BR00122247,J01,9,4102,4102,4102,4102,2023_05_17_Batch2,,
217,S-C-7314-04-CMP-001,,BRD-K69023402-001-03-3,0.2167,0.333,DMSO,K69023402,BRD-K69023402-001-07-4,Thapsigargin,ER stressor (SERCA inhibitor),BR00122247,J02,9,74,74,74,74,2023_05_17_Batch2,9.999000099990002e-05,1.0
218,S-C-7314-04-CMP-001,,BRD-K12511835-003-03-9,1.6309,5.0,DMSO,K12511835,BRD-K12511835-003-01-2,BMS-863233,CDC inhibitor,BR00122247,J03,9,3387,3387,3387,3387,2023_05_17_Batch2,9.999000099990002e-05,1.0
219,S-C-7314-04-CMP-001,,BRD-K06883221-001-02-9,2.0725,5.0,DMSO,K06883221,BRD-K06883221-001-01-9,apratastat,tumor necrosis factor production inhibitor,BR00122247,J04,9,4192,4192,4192,4192,2023_05_17_Batch2,0.3671632836716328,0.01606116293625674
220,S-C-7314-04-CMP-001,,BRD-K12737986-001-01-4,1.2215,5.0,DMSO,K12737986,BRD-K12737986-001-01-4,veliparib,PARP inhibitor,BR00122247,J05,9,3951,3951,3951,3951,2023_05_17_Batch2,0.23027697230276972,0.02282565175337967
221,S-C-7314-04-CMP-001,,BRD-K19477839-001-10-9,1.797,5.0,DMSO,K19477839,BRD-K19477839-001-07-6,SGX523,hepatocyte growth factor receptor inhibitor,BR00122247,J06,9,4118,4118,4118,4118,2023_05_17_Batch2,0.8097190280971903,0.00854441839360903
222,S-C-7314-04-CMP-001,,BRD-A12994259-001-11-9,1.3662,5.0,DMSO,A12994259,BRD-A12994259-001-02-1,pomalidomide,tumor necrosis factor production inhibitor,BR00122247,J07,9,4265,4265,4265,4265,2023_05_17_Batch2,0.0023997600239976003,0.35255207581661613
223,S-C-7314-04-CMP-001,,BRD-K60130390-001-02-1,2.7335,5.0,DMSO,K60130390,BRD-K60130390-001-02-1,UNC0642,histone lysine methyltransferase inhibitor,BR00122247,J08,9,4104,4104,4104,4104,2023_05_17_Batch2,9.999000099990002e-05,0.8666666666666667
224,S-C-7314-04-CMP-001,,BRD-K98203492-001-06-9,2.0875,5.0,DMSO,K98203492,BRD-K98203492-003-04-1,GSK-J4,histone lysine demethylase inhibitor,BR00122247,J09,9,1307,1307,1307,1307,2023_05_17_Batch2,9.999000099990002e-05,1.0
225,S-C-7314-04-CMP-001,,BRD-K83192048-050-01-9,2.0425,5.0,DMSO,K83192048,BRD-K83192048-050-03-5,dimethindene-(S)-(+),acetylcholine receptor antagonist,BR00122247,J10,9,4184,4184,4184,4184,2023_05_17_Batch2,0.009499050094990502,0.19340649769183868
226,S-C-7314-04-CMP-001,,BRD-K36234266-001-10-6,1.0702,5.0,DMSO,K36234266,BRD-K36234266-001-09-8,carmustine,DNA inhibitor,BR00122247,J11,9,4325,4325,4325,4325,2023_05_17_Batch2,0.8468153184681532,0.008120325246201866
227,S-C-7314-04-CMP-001,,BRD-K57080016-001-19-1,2.2884,5.0,DMSO,K57080016,BRD-K57080016-001-01-9,selumetinib,MEK inhibitor,BR00122247,J12,9,3513,3513,3513,3513,2023_05_17_Batch2,9.999000099990002e-05,1.0
228,S-C-7314-04-CMP-001,,BRD-K93942811-001-03-9,1.9224,5.0,DMSO,K93942811,BRD-K93942811-001-01-3,ML-323,ubiquitin specific protease inhibitor,BR00122247,J13,9,3734,3734,3734,3734,2023_05_17_Batch2,0.0978902109789021,0.04271005148198131
229,S-C-7314-04-CMP-001,negcon,,,,DMSO,,,,,BR00122247,J14,9,3974,3974,3974,3974,2023_05_17_Batch2,,
230,S-C-7314-04-CMP-001,,BRD-K67772619-001-06-9,1.4213,5.0,DMSO,K67772619,BRD-K67772619-001-05-1,rheochrysidin,protein tyrosine kinase inhibitor,BR00122247,J15,9,3939,3939,3939,3939,2023_05_17_Batch2,0.8522147785221478,0.008052231504478062
231,S-C-7314-04-CMP-001,,BRD-K25611237-001-09-9,1.7471,5.0,DMSO,K25611237,BRD-K25611237-001-02-1,ML324,histone lysine demethylase inhibitor,BR00122247,J16,9,3604,3604,3604,3604,2023_05_17_Batch2,0.06319368063193681,0.05822423894713052
232,S-C-7314-04-CMP-001,,BRD-K33818169-003-04-6,3.0926,5.0,DMSO,K33818169,BRD-K33818169-003-04-6,GW-3965,LXR agonist,BR00122247,J17,9,4184,4184,4184,4184,2023_05_17_Batch2,0.05579442055794421,0.06432246998284734
233,S-C-7314-04-CMP-001,,BRD-A53576514-048-02-8,2.3075,5.0,DMSO,A53576514,BRD-A53576514-048-14-3,orphenadrine,acetylcholine receptor antagonist,BR00122247,J18,9,3942,3942,3942,3942,2023_05_17_Batch2,0.9617038296170383,0.006746456659056339
234,S-C-7314-04-CMP-001,,BRD-K25433859-003-03-1,1.5693,5.0,DMSO,K25433859,BRD-K25433859-003-23-9,maprotiline,tricyclic antidepressant,BR00122247,J19,9,3838,3838,3838,3838,2023_05_17_Batch2,0.016698330166983303,0.17258985320988626
235,S-C-7314-04-CMP-001,,BRD-K76908866-001-08-9,2.3477,5.0,DMSO,K76908866,BRD-K76908866-001-07-6,CP-724714,EGFR inhibitor,BR00122247,J20,9,4072,4072,4072,4072,2023_05_17_Batch2,0.0004999500049995,0.41072966654362003
236,S-C-7314-04-CMP-001,,BRD-K54955827-001-03-9,1.6019,5.0,DMSO,K54955827,BRD-K54955827-001-02-2,niraparib,PARP inhibitor,BR00122247,J21,9,2324,2324,2324,2324,2023_05_17_Batch2,9.999000099990002e-05,0.8666666666666667
237,S-C-7314-04-CMP-001,,BRD-K72951360-001-02-9,3.6182,5.0,DMSO,K72951360,BRD-K72951360-001-01-4,valrubicin,DNA inhibitor,BR00122247,J22,9,181,181,181,181,2023_05_17_Batch2,0.00029997000299970003,0.5277777777777778
238,S-C-7314-04-CMP-001,,BRD-K38627885-001-01-9,2.0674,5.0,DMSO,K38627885,BRD-K38627885-001-01-9,APY0201,phosphoinositide dependent kinase inhibitor,BR00122247,J23,9,1922,1922,1922,1922,2023_05_17_Batch2,9.999000099990002e-05,1.0
239,S-C-7314-04-CMP-001,,BRD-K61688984-001-04-5,1.812,5.0,DMSO,K61688984,BRD-K61688984-001-02-9,RGFP966,HDAC inhibitor,BR00122247,J24,9,2601,2601,2601,2601,2023_05_17_Batch2,9.999000099990002e-05,1.0
240,S-C-7314-04-CMP-001,,BRD-K64881305-001-07-9,2.5853,5.0,DMSO,K64881305,BRD-K64881305-001-05-2,ispinesib,kinesin inhibitor,BR00122247,K01,9,401,401,401,401,2023_05_17_Batch2,0.0082991700829917,0.3194444444444444
241,S-C-7314-04-CMP-001,,BRD-K83607951-001-04-9,2.1271,5.0,DMSO,K83607951,BRD-K83607951-001-02-2,skepinone-l,p38 MAPK inhibitor,BR00122247,K02,9,3151,3151,3151,3151,2023_05_17_Batch2,0.00029997000299970003,0.5142857142857143
242,S-C-7314-04-CMP-001,,BRD-K97452254-001-02-9,2.3578,5.0,DMSO,K97452254,BRD-K97452254-001-01-3,AMG-925,CDK inhibitor,BR00122247,K03,9,2063,2063,2063,2063,2023_05_17_Batch2,9.999000099990002e-05,1.0
243,S-C-7314-04-CMP-001,negcon,,,,DMSO,,,,,BR00122247,K04,9,4087,4087,4087,4087,2023_05_17_Batch2,,
244,S-C-7314-04-CMP-001,,BRD-K82164249-001-03-5,2.2068,5.0,DMSO,K82164249,BRD-K82164249-001-03-5,andarine,androgen receptor modulator,BR00122247,K05,9,4147,4147,4147,4147,2023_05_17_Batch2,0.12378762123787622,0.03555771074019249
245,S-C-7314-04-CMP-001,,BRD-K54955827-001-03-9,1.6019,5.0,DMSO,K54955827,BRD-K54955827-001-02-2,niraparib,PARP inhibitor,BR00122247,K06,9,2289,2289,2289,2289,2023_05_17_Batch2,9.999000099990002e-05,0.8055555555555555
246,S-C-7314-04-CMP-001,,BRD-K99113996-001-02-0,2.3127,5.0,DMSO,K99113996,BRD-K99113996-001-02-0,AZD2014,mTOR inhibitor,BR00122247,K07,9,1345,1345,1345,1345,2023_05_17_Batch2,9.999000099990002e-05,0.7666666666666666
247,S-C-7314-04-CMP-001,negcon,,,,DMSO,,,,,BR00122247,K09,9,3719,3719,3719,3719,2023_05_17_Batch2,,
248,S-C-7314-04-CMP-001,,BRD-K91900765-001-09-9,2.1813,5.0,DMSO,K91900765,BRD-K91900765-001-08-4,VX-745,p38 MAPK inhibitor,BR00122247,K08,9,3786,3786,3786,3786,2023_05_17_Batch2,0.45235476452354767,0.013953961752948899
249,S-C-7314-04-CMP-001,,BRD-K32730239-001-03-9,1.3065,5.0,DMSO,K32730239,BRD-K32730239-001-01-0,SU3327,JNK inhibitor,BR00122247,K10,9,3790,3790,3790,3790,2023_05_17_Batch2,0.7228277172282772,0.009558995754647928
250,S-C-7314-04-CMP-001,,BRD-K63631219-001-01-6,1.1784,5.0,DMSO,K63631219,BRD-K63631219-001-01-6,quazinone,phosphodiesterase inhibitor,BR00122247,K11,9,3815,3815,3815,3815,2023_05_17_Batch2,0.9497050294970503,0.006956267036043839
251,S-C-7314-04-CMP-001,,BRD-K73397362-001-09-9,2.6031,5.0,DMSO,K73397362,BRD-K73397362-001-06-6,purmorphamine,smoothened receptor agonist,BR00122247,K12,9,3969,3969,3969,3969,2023_05_17_Batch2,0.46525347465253475,0.013632306222457702
252,S-C-7314-04-CMP-001,,BRD-K88677950-001-04-9,2.3812,5.0,DMSO,K88677950,BRD-K88677950-001-03-9,PD-198306,MAP kinase inhibitor,BR00122247,K13,9,3426,3426,3426,3426,2023_05_17_Batch2,0.46405359464053597,0.01365928757233105
253,S-C-7314-04-CMP-001,,BRD-K24600306-003-02-9,2.3445,5.0,DMSO,K24600306,BRD-K24600306-003-02-9,ML-298,phospholipase inhibitor,BR00122247,K14,9,3945,3945,3945,3945,2023_05_17_Batch2,0.054394560543945605,0.06380385487528345
254,S-C-7314-04-CMP-001,,BRD-K01826510-001-09-9,1.8745,5.0,DMSO,K01826510,BRD-K01826510-300-06-9,hydroxyzine,antihistamine,BR00122247,K15,9,3674,3674,3674,3674,2023_05_17_Batch2,0.1227877212278772,0.0353956667825281
255,S-C-7314-04-CMP-001,,BRD-K25611237-001-09-9,1.7471,5.0,DMSO,K25611237,BRD-K25611237-001-02-1,ML324,histone lysine demethylase inhibitor,BR00122247,K16,9,3548,3548,3548,3548,2023_05_17_Batch2,0.2682731726827317,0.02029876741693462
256,S-C-7314-04-CMP-001,,BRD-K66401437-001-03-3,2.8303,5.0,DMSO,K66401437,BRD-K66401437-001-03-3,THZ1,CDK inhibitor,BR00122247,K17,9,124,124,124,124,2023_05_17_Batch2,0.032396760323967606,0.09440559440559441
257,S-C-7314-04-CMP-001,,BRD-K30707190-001-06-9,1.6017,5.0,DMSO,K30707190,BRD-K30707190-001-04-1,PNU-74654,beta-catenin inhibitor,BR00122247,K18,9,3742,3742,3742,3742,2023_05_17_Batch2,0.7076292370762923,0.009741055043546146
258,S-C-7314-04-CMP-001,,BRD-K04923131-001-17-9,1.7809,5.0,DMSO,K04923131,BRD-K04923131-001-15-4,GSK-3-inhibitor-IX,glycogen synthase kinase inhibitor,BR00122247,K19,9,1426,1426,1426,1426,2023_05_17_Batch2,9.999000099990002e-05,0.7435897435897436
259,S-C-7314-04-CMP-001,,BRD-K84937637-001-21-9,4.5709,5.0,DMSO,K84937637,BRD-K84937637-001-11-5,sirolimus,mTOR inhibitor,BR00122247,K20,9,2575,2575,2575,2575,2023_05_17_Batch2,9.999000099990002e-05,1.0
260,S-C-7314-04-CMP-001,,BRD-K50055394-001-04-9,2.0844,5.0,DMSO,K50055394,BRD-K50055394-001-03-6,halopemide,phospholipase inhibitor,BR00122247,K21,9,4147,4147,4147,4147,2023_05_17_Batch2,9.999000099990002e-05,1.0
261,S-C-7314-04-CMP-001,,BRD-K03063480-001-08-9,2.0974,5.0,DMSO,K03063480,BRD-K03063480-001-06-6,PF-477736,CHK inhibitor,BR00122247,K22,9,268,268,268,268,2023_05_17_Batch2,9.999000099990002e-05,0.8095238095238094
262,S-C-7314-04-CMP-001,,BRD-K16803204-001-02-9,2.1275,5.0,DMSO,K16803204,BRD-K16803204-001-01-6,filgotinib,JAK inhibitor,BR00122247,K23,9,4052,4052,4052,4052,2023_05_17_Batch2,0.0741925807419258,0.0508354609570515
263,S-C-7314-04-CMP-001,,BRD-K23383398-001-08-1,2.4067,5.0,DMSO,K23383398,BRD-K23383398-001-09-9,T-0901317,LXR agonist,BR00122247,K24,9,3833,3833,3833,3833,2023_05_17_Batch2,9.999000099990002e-05,0.8333333333333334
264,S-C-7314-04-CMP-001,,BRD-K73397362-001-09-9,2.6031,5.0,DMSO,K73397362,BRD-K73397362-001-06-6,purmorphamine,smoothened receptor agonist,BR00122247,L01,9,4026,4026,4026,4026,2023_05_17_Batch2,0.0005999400059994001,0.38342749529190207
265,S-C-7314-04-CMP-001,,BRD-K39520573-001-01-2,2.6047,5.0,DMSO,K39520573,BRD-K39520573-001-03-8,GW-5074,RAF inhibitor,BR00122247,L02,9,4175,4175,4175,4175,2023_05_17_Batch2,0.6120387961203879,0.01098473770436646
266,S-C-7314-04-CMP-001,,BRD-K60130390-001-02-1,2.7335,5.0,DMSO,K60130390,BRD-K60130390-001-02-1,UNC0642,histone lysine methyltransferase inhibitor,BR00122247,L03,9,3763,3763,3763,3763,2023_05_17_Batch2,9.999000099990002e-05,0.9166666666666666
267,S-C-7314-04-CMP-001,,BRD-K86718786-001-03-9,1.4917,5.0,DMSO,K86718786,BRD-K86718786-001-03-9,SGC-707,protein arginine N-methyltransferase inhibitor,BR00122247,L04,9,3960,3960,3960,3960,2023_05_17_Batch2,0.9692030796920308,0.006673636644306605
268,S-C-7314-04-CMP-001,,BRD-K97452254-001-02-9,2.3578,5.0,DMSO,K97452254,BRD-K97452254-001-01-3,AMG-925,CDK inhibitor,BR00122247,L05,9,2166,2166,2166,2166,2023_05_17_Batch2,9.999000099990002e-05,1.0
269,S-C-7314-04-CMP-001,,BRD-K70578146-001-13-9,0.16697,0.133,DMSO,K70578146,BRD-K70578146-001-09-1,DACTINOMYCIN,Apoptosis inducer (transcription inhibitor),BR00122247,L06,9,169,169,169,169,2023_05_17_Batch2,0.00019998000199980003,0.6095238095238095
270,S-C-7314-04-CMP-001,negcon,,,,DMSO,,,,,BR00122247,L07,9,4210,4210,4210,4210,2023_05_17_Batch2,,
271,S-C-7314-04-CMP-001,,BRD-K32730239-001-03-9,1.3065,5.0,DMSO,K32730239,BRD-K32730239-001-01-0,SU3327,JNK inhibitor,BR00122247,L08,9,3994,3994,3994,3994,2023_05_17_Batch2,0.23447655234476553,0.02246468081533262
272,S-C-7314-04-CMP-001,,BRD-K20290250-001-03-9,2.0624,5.0,DMSO,K20290250,BRD-K20290250-001-02-1,BIX-02188,MEK inhibitor,BR00122247,L09,9,3915,3915,3915,3915,2023_05_17_Batch2,0.14778522147785222,0.03129135712255917
273,S-C-7314-04-CMP-001,,BRD-K38627885-001-01-9,2.0674,5.0,DMSO,K38627885,BRD-K38627885-001-01-9,APY0201,phosphoinositide dependent kinase inhibitor,BR00122247,L10,9,2254,2254,2254,2254,2023_05_17_Batch2,9.999000099990002e-05,1.0
274,S-C-7314-04-CMP-001,,BRD-K24600306-003-02-9,2.3445,5.0,DMSO,K24600306,BRD-K24600306-003-02-9,ML-298,phospholipase inhibitor,BR00122247,L11,9,3908,3908,3908,3908,2023_05_17_Batch2,0.0341965803419658,0.09186779734724941
275,S-C-7314-04-CMP-001,,BRD-K84937637-001-21-9,4.5709,5.0,DMSO,K84937637,BRD-K84937637-001-11-5,sirolimus,mTOR inhibitor,BR00122247,L12,9,2669,2669,2669,2669,2023_05_17_Batch2,9.999000099990002e-05,1.0
276,S-C-7314-04-CMP-001,,BRD-K72951360-001-02-9,3.6182,5.0,DMSO,K72951360,BRD-K72951360-001-01-4,valrubicin,DNA inhibitor,BR00122247,L13,9,193,193,193,193,2023_05_17_Batch2,0.00029997000299970003,0.48333333333333334
277,S-C-7314-04-CMP-001,,BRD-K75009076-001-04-9,1.8813,5.0,DMSO,K75009076,BRD-K75009076-001-02-1,SCH-900776,CHK inhibitor,BR00122247,L14,9,563,563,563,563,2023_05_17_Batch2,9.999000099990002e-05,0.7666666666666666
278,S-C-7314-04-CMP-001,,BRD-A87435144-001-01-6,2.3944,5.0,DMSO,A87435144,BRD-A87435144-001-01-6,AZD7545,pyruvate dehydrogenase kinase inhibitor,BR00122247,L15,9,3281,3281,3281,3281,2023_05_17_Batch2,0.12788721127887212,0.034728461615254065
279,S-C-7314-04-CMP-001,,BRD-K56932272-001-02-9,2.4378,5.0,DMSO,K56932272,BRD-K56932272-001-02-9,BMS-566419,inosine monophosphate dehydrogenase inhibitor,BR00122247,L16,9,2442,2442,2442,2442,2023_05_17_Batch2,0.06009399060093991,0.061422682389032694
280,S-C-7314-04-CMP-001,,BRD-K85776940-001-01-9,1.983,5.0,DMSO,K85776940,BRD-K85776940-001-01-9,delta-Tocotrienol,HMGCR inhibitor,BR00122247,L17,9,4195,4195,4195,4195,2023_05_17_Batch2,0.22457754224577542,0.0232781619819233
281,S-C-7314-04-CMP-001,,BRD-K30707190-001-06-9,1.6017,5.0,DMSO,K30707190,BRD-K30707190-001-04-1,PNU-74654,beta-catenin inhibitor,BR00122247,L18,9,4139,4139,4139,4139,2023_05_17_Batch2,0.8485151484851515,0.008100697906281156
282,S-C-7314-04-CMP-001,,BRD-K61688984-001-04-5,1.812,5.0,DMSO,K61688984,BRD-K61688984-001-02-9,RGFP966,HDAC inhibitor,BR00122247,L19,9,2511,2511,2511,2511,2023_05_17_Batch2,9.999000099990002e-05,0.8095238095238094
283,S-C-7314-04-CMP-001,,BRD-K44227013-001-15-9,2.6628,5.0,DMSO,K44227013,BRD-K44227013-001-08-0,ponatinib,Bcr-Abl kinase inhibitor,BR00122247,L20,9,298,298,298,298,2023_05_17_Batch2,0.027697230276972302,0.10711462450592886
284,S-C-7314-04-CMP-001,,BRD-K87632963-001-05-9,2.0918,5.0,DMSO,K87632963,BRD-K87632963-001-05-9,GNF-5,Bcr-Abl kinase inhibitor,BR00122247,L21,9,3937,3937,3937,3937,2023_05_17_Batch2,9.999000099990002e-05,1.0
285,S-C-7314-04-CMP-001,negcon,,,,DMSO,,,,,BR00122247,L22,9,4198,4198,4198,4198,2023_05_17_Batch2,,
286,S-C-7314-04-CMP-001,,BRD-K98251413-001-07-9,1.7617,5.0,DMSO,K98251413,BRD-K98251413-001-04-0,IOX2,hypoxia inducible factor inhibitor,BR00122247,L23,9,4478,4478,4478,4478,2023_05_17_Batch2,0.0178982101789821,0.15079365079365079
287,S-C-7314-04-CMP-001,,BRD-K83607951-001-04-9,2.1271,5.0,DMSO,K83607951,BRD-K83607951-001-02-2,skepinone-l,p38 MAPK inhibitor,BR00122247,L24,9,3169,3169,3169,3169,2023_05_17_Batch2,0.0017998200179982,0.35882352941176476
288,S-C-7314-04-CMP-001,,BRD-K76908866-001-08-9,2.3477,5.0,DMSO,K76908866,BRD-K76908866-001-07-6,CP-724714,EGFR inhibitor,BR00122247,M01,9,3854,3854,3854,3854,2023_05_17_Batch2,0.8717128287171283,0.00788394086291887
289,S-C-7314-04-CMP-001,,BRD-K67772619-001-06-9,1.4213,5.0,DMSO,K67772619,BRD-K67772619-001-05-1,rheochrysidin,protein tyrosine kinase inhibitor,BR00122247,M02,9,4121,4121,4121,4121,2023_05_17_Batch2,0.7735226477352265,0.008955110030497144
290,S-C-7314-04-CMP-001,,BRD-K99433989-001-02-9,2.4503,5.0,DMSO,K99433989,BRD-K99433989-001-02-9,SAG,smoothened receptor agonist,BR00122247,M03,9,4209,4209,4209,4209,2023_05_17_Batch2,0.00039996000399960006,0.4685714285714286
291,S-C-7314-04-CMP-001,,BRD-K12511835-003-03-9,1.6309,5.0,DMSO,K12511835,BRD-K12511835-003-01-2,BMS-863233,CDC inhibitor,BR00122247,M04,9,3233,3233,3233,3233,2023_05_17_Batch2,0.00029997000299970003,0.4777777777777777
292,S-C-7314-04-CMP-001,,BRD-K17953061-001-05-1,0.012596,0.027,DMSO,K17953061,BRD-K17953061-001-14-3,Staurosporine,Apoptosis inducer (ATP-competitive kinase inhibitor),BR00122247,M05,9,1225,1225,1225,1225,2023_05_17_Batch2,9.999000099990002e-05,0.7380952380952381
293,S-C-7314-04-CMP-001,,BRD-K94455792-001-01-8,2.7432,5.0,DMSO,K94455792,BRD-K94455792-001-01-8,ICG-001,beta-catenin inhibitor,BR00122247,M06,9,3052,3052,3052,3052,2023_05_17_Batch2,9.999000099990002e-05,0.6755162241887905
294,S-C-7314-04-CMP-001,,BRD-K44227013-001-15-9,2.6628,5.0,DMSO,K44227013,BRD-K44227013-001-08-0,ponatinib,Bcr-Abl kinase inhibitor,BR00122247,M07,9,381,381,381,381,2023_05_17_Batch2,9.999000099990002e-05,0.7916666666666666
295,S-C-7314-04-CMP-001,,BRD-K63631219-001-01-6,1.1784,5.0,DMSO,K63631219,BRD-K63631219-001-01-6,quazinone,phosphodiesterase inhibitor,BR00122247,M08,9,4217,4217,4217,4217,2023_05_17_Batch2,0.5793420657934206,0.011478947465385955
296,S-C-7314-04-CMP-001,,BRD-K56301217-001-02-5,4.0671,5.0,DMSO,K56301217,BRD-K56301217-001-07-4,ABT-737,BCL inhibitor,BR00122247,M09,9,2898,2898,2898,2898,2023_05_17_Batch2,9.999000099990002e-05,0.8333333333333334
297,S-C-7314-04-CMP-001,,BRD-K21728777-001-03-9,2.5179,5.0,DMSO,K21728777,BRD-K21728777-001-02-3,AMG900,Aurora kinase inhibitor,BR00122247,M10,9,741,741,741,741,2023_05_17_Batch2,9.999000099990002e-05,1.0
298,S-C-7314-04-CMP-001,,BRD-K25433859-003-03-1,1.5693,5.0,DMSO,K25433859,BRD-K25433859-003-23-9,maprotiline,tricyclic antidepressant,BR00122247,M11,9,4113,4113,4113,4113,2023_05_17_Batch2,0.2832716728327167,0.019392271528494442
299,S-C-7314-04-CMP-001,,BRD-K50055394-001-04-9,2.0844,5.0,DMSO,K50055394,BRD-K50055394-001-03-6,halopemide,phospholipase inhibitor,BR00122247,M12,9,4236,4236,4236,4236,2023_05_17_Batch2,9.999000099990002e-05,1.0
300,S-C-7314-04-CMP-001,,BRD-K67578145-001-13-9,1.6719,5.0,DMSO,K67578145,BRD-K67578145-001-09-7,GDC-0879,RAF inhibitor,BR00122247,M13,9,4624,4624,4624,4624,2023_05_17_Batch2,9.999000099990002e-05,0.7023809523809524
301,S-C-7314-04-CMP-001,,BRD-K06883221-001-02-9,2.0725,5.0,DMSO,K06883221,BRD-K06883221-001-01-9,apratastat,tumor necrosis factor production inhibitor,BR00122247,M14,9,4484,4484,4484,4484,2023_05_17_Batch2,0.7811218878112188,0.008872126914344044
302,S-C-7314-04-CMP-001,,BRD-K12737986-001-01-4,1.2215,5.0,DMSO,K12737986,BRD-K12737986-001-01-4,veliparib,PARP inhibitor,BR00122247,M15,9,3752,3752,3752,3752,2023_05_17_Batch2,0.6355364463553644,0.01069118254065951
303,S-C-7314-04-CMP-001,negcon,,,,DMSO,,,,,BR00122247,M16,9,4197,4197,4197,4197,2023_05_17_Batch2,,
304,S-C-7314-04-CMP-001,,BRD-K83192048-050-01-9,2.0425,5.0,DMSO,K83192048,BRD-K83192048-050-03-5,dimethindene-(S)-(+),acetylcholine receptor antagonist,BR00122247,M17,9,4262,4262,4262,4262,2023_05_17_Batch2,0.009599040095990401,0.23040935672514617
305,S-C-7314-04-CMP-001,,BRD-K98251413-001-07-9,1.7617,5.0,DMSO,K98251413,BRD-K98251413-001-04-0,IOX2,hypoxia inducible factor inhibitor,BR00122247,M18,9,4338,4338,4338,4338,2023_05_17_Batch2,0.009099090090990901,0.273015873015873
306,S-C-7314-04-CMP-001,,BRD-A53576514-048-02-8,2.3075,5.0,DMSO,A53576514,BRD-A53576514-048-14-3,orphenadrine,acetylcholine receptor antagonist,BR00122247,M19,9,4262,4262,4262,4262,2023_05_17_Batch2,0.043495650434956505,0.07672491039426522
307,S-C-7314-04-CMP-001,,BRD-K25433859-003-03-1,1.5693,5.0,DMSO,K25433859,BRD-K25433859-003-23-9,maprotiline,tricyclic antidepressant,BR00122247,M20,9,3995,3995,3995,3995,2023_05_17_Batch2,0.005499450054994501,0.3427932960893855
308,S-C-7314-04-CMP-001,,BRD-K93942811-001-03-9,1.9224,5.0,DMSO,K93942811,BRD-K93942811-001-01-3,ML-323,ubiquitin specific protease inhibitor,BR00122247,M21,9,3672,3672,3672,3672,2023_05_17_Batch2,0.03799620037996201,0.0864568049441999
309,S-C-7314-04-CMP-001,,BRD-K85606544-001-07-5,2.7852,5.0,DMSO,K85606544,BRD-K85606544-001-09-1,neratinib,EGFR inhibitor,BR00122247,M22,9,1829,1829,1829,1829,2023_05_17_Batch2,9.999000099990002e-05,1.0
310,S-C-7314-04-CMP-001,,BRD-K70446295-001-04-9,1.9172,5.0,DMSO,K70446295,BRD-K70446295-001-01-7,EPZ015666,protein arginine N-methyltransferase inhibitor,BR00122247,M23,9,4055,4055,4055,4055,2023_05_17_Batch2,9.999000099990002e-05,0.9166666666666666
311,S-C-7314-04-CMP-001,,BRD-K72898849-001-03-9,2.5469,5.0,DMSO,K72898849,BRD-K72898849-001-01-8,BLU9931,FGFR inhibitor,BR00122247,M24,9,2802,2802,2802,2802,2023_05_17_Batch2,9.999000099990002e-05,0.8095238095238094
312,S-C-7314-04-CMP-001,,BRD-K70578146-001-13-9,0.16697,0.133,DMSO,K70578146,BRD-K70578146-001-09-1,DACTINOMYCIN,Apoptosis inducer (transcription inhibitor),BR00122247,N01,9,219,219,219,219,2023_05_17_Batch2,0.011398860113988602,0.18888888888888888
313,S-C-7314-04-CMP-001,,BRD-K12511835-003-03-9,1.6309,5.0,DMSO,K12511835,BRD-K12511835-003-01-2,BMS-863233,CDC inhibitor,BR00122247,N02,9,3524,3524,3524,3524,2023_05_17_Batch2,9.999000099990002e-05,1.0
314,S-C-7314-04-CMP-001,,BRD-K57080016-001-19-1,2.2884,5.0,DMSO,K57080016,BRD-K57080016-001-01-9,selumetinib,MEK inhibitor,BR00122247,N03,9,3642,3642,3642,3642,2023_05_17_Batch2,9.999000099990002e-05,0.9166666666666666
315,S-C-7314-04-CMP-001,,BRD-K33818169-003-04-6,3.0926,5.0,DMSO,K33818169,BRD-K33818169-003-04-6,GW-3965,LXR agonist,BR00122247,N04,9,4243,4243,4243,4243,2023_05_17_Batch2,0.0007999200079992001,0.37566844919786097
316,S-C-7314-04-CMP-001,,BRD-K53665955-001-05-9,2.3097,5.0,DMSO,K53665955,BRD-K53665955-001-03-0,MK-5108,Aurora kinase inhibitor,BR00122247,N05,9,2664,2664,2664,2664,2023_05_17_Batch2,9.999000099990002e-05,0.6666666666666666
317,S-C-7314-04-CMP-001,,BRD-K94455792-001-01-8,2.7432,5.0,DMSO,K94455792,BRD-K94455792-001-01-8,ICG-001,beta-catenin inhibitor,BR00122247,N06,9,2973,2973,2973,2973,2023_05_17_Batch2,9.999000099990002e-05,0.5636200716845877
318,S-C-7314-04-CMP-001,,BRD-K30707190-001-06-9,1.6017,5.0,DMSO,K30707190,BRD-K30707190-001-04-1,PNU-74654,beta-catenin inhibitor,BR00122247,N07,9,4037,4037,4037,4037,2023_05_17_Batch2,0.36426357364263573,0.016301052256108433
319,S-C-7314-04-CMP-001,,BRD-K02965346-001-01-8,2.8404,5.0,DMSO,K02965346,BRD-K02965346-001-07-5,SU-11274,hepatocyte growth factor receptor inhibitor,BR00122247,N08,9,2023,2023,2023,2023,2023_05_17_Batch2,9.999000099990002e-05,1.0
320,S-C-7314-04-CMP-001,,BRD-K28936863-051-14-0,2.1275,5.0,DMSO,K28936863,BRD-K28936863-051-32-2,ketotifen,phosphodiesterase inhibitor,BR00122247,N09,9,3991,3991,3991,3991,2023_05_17_Batch2,0.7046295370462954,0.009734498042955755
321,S-C-7314-04-CMP-001,,BRD-K04923131-001-17-9,1.7809,5.0,DMSO,K04923131,BRD-K04923131-001-15-4,GSK-3-inhibitor-IX,glycogen synthase kinase inhibitor,BR00122247,N10,9,1645,1645,1645,1645,2023_05_17_Batch2,0.00029997000299970003,0.5333333333333333
322,S-C-7314-04-CMP-001,,BRD-K09372874-001-02-9,2.2623,5.0,DMSO,K09372874,BRD-K09372874-001-01-0,merimepodib,inosine monophosphate dehydrogenase inhibitor,BR00122247,N11,9,1458,1458,1458,1458,2023_05_17_Batch2,9.999000099990002e-05,1.0
323,S-C-7314-04-CMP-001,,BRD-K97452254-001-02-9,2.3578,5.0,DMSO,K97452254,BRD-K97452254-001-01-3,AMG-925,CDK inhibitor,BR00122247,N12,9,2345,2345,2345,2345,2023_05_17_Batch2,9.999000099990002e-05,1.0
324,S-C-7314-04-CMP-001,,BRD-K66430217-001-05-9,1.6909,5.0,DMSO,K66430217,BRD-K66430217-001-03-8,KH-CB19,CDC inhibitor,BR00122247,N13,9,4022,4022,4022,4022,2023_05_17_Batch2,0.4186581341865813,0.014638890538694542
325,S-C-7314-04-CMP-001,,BRD-M87138257-003-01-1,2.3499,5.0,DMSO,M87138257,BRD-M87138257-003-01-1,acriflavine,hypoxia inducible factor inhibitor,BR00122247,N14,9,70,70,70,70,2023_05_17_Batch2,0.0004999500049995,0.4305555555555555
326,S-C-7314-04-CMP-001,,BRD-K01826510-001-09-9,1.8745,5.0,DMSO,K01826510,BRD-K01826510-300-06-9,hydroxyzine,antihistamine,BR00122247,N15,9,3831,3831,3831,3831,2023_05_17_Batch2,0.1414858514148585,0.032286112312052646
327,S-C-7314-04-CMP-001,,BRD-K62391742-001-19-9,4.3422,5.0,DMSO,K62391742,BRD-K62391742-001-03-0,venetoclax,BCL inhibitor,BR00122247,N16,9,3873,3873,3873,3873,2023_05_17_Batch2,0.00029997000299970003,0.49892473118279573
328,S-C-7314-04-CMP-001,,BRD-K82164249-001-03-5,2.2068,5.0,DMSO,K82164249,BRD-K82164249-001-03-5,andarine,androgen receptor modulator,BR00122247,N17,9,4105,4105,4105,4105,2023_05_17_Batch2,0.6307369263073692,0.010691249467315797
329,S-C-7314-04-CMP-001,,BRD-K68756823-001-12-9,1.6367,5.0,DMSO,K68756823,BRD-K68756823-001-07-1,FR-180204,MAP kinase inhibitor,BR00122247,N18,9,4364,4364,4364,4364,2023_05_17_Batch2,0.0397960203979602,0.08220679576178297
330,S-C-7314-04-CMP-001,,BRD-K06182768-001-02-3,1.6472,5.0,DMSO,K06182768,BRD-K06182768-001-06-4,A-366,histone lysine methyltransferase inhibitor,BR00122247,N19,9,3884,3884,3884,3884,2023_05_17_Batch2,0.6375362463753624,0.010598730869727511
331,S-C-7314-04-CMP-001,,BRD-K67772619-001-06-9,1.4213,5.0,DMSO,K67772619,BRD-K67772619-001-05-1,rheochrysidin,protein tyrosine kinase inhibitor,BR00122247,N20,9,4180,4180,4180,4180,2023_05_17_Batch2,0.1292870712928707,0.0344357515410147
332,S-C-7314-04-CMP-001,,BRD-K88677950-001-04-9,2.3812,5.0,DMSO,K88677950,BRD-K88677950-001-03-9,PD-198306,MAP kinase inhibitor,BR00122247,N21,9,3950,3950,3950,3950,2023_05_17_Batch2,9.999000099990002e-05,0.7666666666666666
333,S-C-7314-04-CMP-001,,BRD-K70446295-001-04-9,1.9172,5.0,DMSO,K70446295,BRD-K70446295-001-01-7,EPZ015666,protein arginine N-methyltransferase inhibitor,BR00122247,N22,9,3715,3715,3715,3715,2023_05_17_Batch2,9.999000099990002e-05,1.0
334,S-C-7314-04-CMP-001,,BRD-K25611237-001-09-9,1.7471,5.0,DMSO,K25611237,BRD-K25611237-001-02-1,ML324,histone lysine demethylase inhibitor,BR00122247,N23,9,3864,3864,3864,3864,2023_05_17_Batch2,0.22667733226677333,0.02308834100755765
335,S-C-7314-04-CMP-001,,BRD-A87435144-001-01-6,2.3944,5.0,DMSO,A87435144,BRD-A87435144-001-01-6,AZD7545,pyruvate dehydrogenase kinase inhibitor,BR00122247,N24,9,3836,3836,3836,3836,2023_05_17_Batch2,0.018198180181981802,0.1417797888386124
336,S-C-7314-04-CMP-001,negcon,,,,DMSO,,,,,BR00122247,O01,9,4047,4047,4047,4047,2023_05_17_Batch2,,
337,S-C-7314-04-CMP-001,,BRD-K70578146-001-13-9,0.16697,0.133,DMSO,K70578146,BRD-K70578146-001-09-1,DACTINOMYCIN,Apoptosis inducer (transcription inhibitor),BR00122247,O02,9,202,202,202,202,2023_05_17_Batch2,0.0004999500049995,0.4246031746031746
338,S-C-7314-04-CMP-001,,BRD-K24600306-003-02-9,2.3445,5.0,DMSO,K24600306,BRD-K24600306-003-02-9,ML-298,phospholipase inhibitor,BR00122247,O03,9,3909,3909,3909,3909,2023_05_17_Batch2,0.8519148085191481,0.008056505336924353
339,S-C-7314-04-CMP-001,,BRD-A12994259-001-11-9,1.3662,5.0,DMSO,A12994259,BRD-A12994259-001-02-1,pomalidomide,tumor necrosis factor production inhibitor,BR00122247,O04,9,4270,4270,4270,4270,2023_05_17_Batch2,0.43675632436756323,0.014190661862996614
340,S-C-7314-04-CMP-001,,BRD-K87632963-001-05-9,2.0918,5.0,DMSO,K87632963,BRD-K87632963-001-05-9,GNF-5,Bcr-Abl kinase inhibitor,BR00122247,O05,9,3782,3782,3782,3782,2023_05_17_Batch2,0.017998200179982,0.1492374727668845
341,S-C-7314-04-CMP-001,,BRD-K64881305-001-07-9,2.5853,5.0,DMSO,K64881305,BRD-K64881305-001-05-2,ispinesib,kinesin inhibitor,BR00122247,O06,9,474,474,474,474,2023_05_17_Batch2,0.00029997000299970003,0.4774193548387096
342,S-C-7314-04-CMP-001,,BRD-K25611237-001-09-9,1.7471,5.0,DMSO,K25611237,BRD-K25611237-001-02-1,ML324,histone lysine demethylase inhibitor,BR00122247,O07,9,3489,3489,3489,3489,2023_05_17_Batch2,0.47355264473552644,0.013442861832360547
343,S-C-7314-04-CMP-001,,BRD-K17953061-001-05-1,0.012596,0.027,DMSO,K17953061,BRD-K17953061-001-14-3,Staurosporine,Apoptosis inducer (ATP-competitive kinase inhibitor),BR00122247,O08,9,816,816,816,816,2023_05_17_Batch2,9.999000099990002e-05,0.7777777777777777
344,S-C-7314-04-CMP-001,,BRD-K30707190-001-06-9,1.6017,5.0,DMSO,K30707190,BRD-K30707190-001-04-1,PNU-74654,beta-catenin inhibitor,BR00122247,O09,9,3875,3875,3875,3875,2023_05_17_Batch2,0.36206379362063795,0.016228938908219467
345,S-C-7314-04-CMP-001,,BRD-K70446295-001-04-9,1.9172,5.0,DMSO,K70446295,BRD-K70446295-001-01-7,EPZ015666,protein arginine N-methyltransferase inhibitor,BR00122247,O10,9,3726,3726,3726,3726,2023_05_17_Batch2,9.999000099990002e-05,0.7222222222222223
346,S-C-7314-04-CMP-001,,BRD-K06883221-001-02-9,2.0725,5.0,DMSO,K06883221,BRD-K06883221-001-01-9,apratastat,tumor necrosis factor production inhibitor,BR00122247,O11,9,3999,3999,3999,3999,2023_05_17_Batch2,0.7762223777622238,0.008919390957963578
347,S-C-7314-04-CMP-001,negcon,,,,DMSO,,,,,BR00122247,O12,9,4019,4019,4019,4019,2023_05_17_Batch2,,
348,S-C-7314-04-CMP-001,,BRD-A22769835-300-05-7,1.9389,5.0,DMSO,A22769835,BRD-A22769835-300-05-7,homochlorcyclizine,antihistamine,BR00122247,O13,9,3964,3964,3964,3964,2023_05_17_Batch2,0.9498050194980502,0.0069538766270515
349,S-C-7314-04-CMP-001,,BRD-K12737986-001-01-4,1.2215,5.0,DMSO,K12737986,BRD-K12737986-001-01-4,veliparib,PARP inhibitor,BR00122247,O14,9,3992,3992,3992,3992,2023_05_17_Batch2,0.08789121087891211,0.045066385139914546
350,S-C-7314-04-CMP-001,,BRD-K33818169-003-04-6,3.0926,5.0,DMSO,K33818169,BRD-K33818169-003-04-6,GW-3965,LXR agonist,BR00122247,O15,9,3528,3528,3528,3528,2023_05_17_Batch2,0.6708329167083291,0.010203525675119618
351,S-C-7314-04-CMP-001,,BRD-K68756823-001-12-9,1.6367,5.0,DMSO,K68756823,BRD-K68756823-001-07-1,FR-180204,MAP kinase inhibitor,BR00122247,O16,9,3800,3800,3800,3800,2023_05_17_Batch2,0.9872012798720128,0.006311898558668881
352,S-C-7314-04-CMP-001,,BRD-K56932272-001-02-9,2.4378,5.0,DMSO,K56932272,BRD-K56932272-001-02-9,BMS-566419,inosine monophosphate dehydrogenase inhibitor,BR00122247,O17,9,2398,2398,2398,2398,2023_05_17_Batch2,0.009099090090990901,0.2847222222222222
353,S-C-7314-04-CMP-001,negcon,,,,DMSO,,,,,BR00122247,O18,9,3816,3816,3816,3816,2023_05_17_Batch2,,
354,S-C-7314-04-CMP-001,,BRD-A87435144-001-01-6,2.3944,5.0,DMSO,A87435144,BRD-A87435144-001-01-6,AZD7545,pyruvate dehydrogenase kinase inhibitor,BR00122247,O19,9,3485,3485,3485,3485,2023_05_17_Batch2,0.0613938606139386,0.059058293469796415
355,S-C-7314-04-CMP-001,,BRD-K16803204-001-02-9,2.1275,5.0,DMSO,K16803204,BRD-K16803204-001-01-6,filgotinib,JAK inhibitor,BR00122247,O20,9,3872,3872,3872,3872,2023_05_17_Batch2,0.6544345565443456,0.010423391734752185
356,S-C-7314-04-CMP-001,,BRD-K13094524-001-10-9,1.7369,5.0,DMSO,K13094524,BRD-K13094524-001-04-2,PFI-1,bromodomain inhibitor,BR00122247,O21,9,3696,3696,3696,3696,2023_05_17_Batch2,0.0096990300969903,0.21841269841269842
357,S-C-7314-04-CMP-001,,BRD-K86118762-001-05-9,2.1075,5.0,DMSO,K86118762,BRD-K86118762-001-08-9,linsitinib,IGF-1 inhibitor,BR00122247,O22,9,3129,3129,3129,3129,2023_05_17_Batch2,9.999000099990002e-05,0.5972222222222222
358,S-C-7314-04-CMP-001,,BRD-K73982490-001-04-9,1.8969,5.0,DMSO,K73982490,BRD-K73982490-001-02-9,BI-78D3,JNK inhibitor,BR00122247,O23,9,3658,3658,3658,3658,2023_05_17_Batch2,0.9761023897610239,0.006534506534506535
359,S-C-7314-04-CMP-001,,BRD-K99113996-001-02-0,2.3127,5.0,DMSO,K99113996,BRD-K99113996-001-02-0,AZD2014,mTOR inhibitor,BR00122247,O24,9,1484,1484,1484,1484,2023_05_17_Batch2,9.999000099990002e-05,1.0
360,S-C-7314-04-CMP-001,,BRD-K32730239-001-03-9,1.3065,5.0,DMSO,K32730239,BRD-K32730239-001-01-0,SU3327,JNK inhibitor,BR00122247,P01,9,3437,3437,3437,3437,2023_05_17_Batch2,0.8839116088391161,0.007780683642276611
361,S-C-7314-04-CMP-001,,BRD-K54955827-001-03-9,1.6019,5.0,DMSO,K54955827,BRD-K54955827-001-02-2,niraparib,PARP inhibitor,BR00122247,P02,9,1650,1650,1650,1650,2023_05_17_Batch2,0.009099090090990901,0.27777777777777773
362,S-C-7314-04-CMP-001,,BRD-K19477839-001-10-9,1.797,5.0,DMSO,K19477839,BRD-K19477839-001-07-6,SGX523,hepatocyte growth factor receptor inhibitor,BR00122247,P03,9,4037,4037,4037,4037,2023_05_17_Batch2,0.40545945405459455,0.014996258222064676
363,S-C-7314-04-CMP-001,,BRD-K99433989-001-02-9,2.4503,5.0,DMSO,K99433989,BRD-K99433989-001-02-9,SAG,smoothened receptor agonist,BR00122247,P04,9,3665,3665,3665,3665,2023_05_17_Batch2,0.2692730726927307,0.02023393742723831
364,S-C-7314-04-CMP-001,,BRD-K66401437-001-03-3,2.8303,5.0,DMSO,K66401437,BRD-K66401437-001-03-3,THZ1,CDK inhibitor,BR00122247,P05,9,88,88,88,88,2023_05_17_Batch2,9.999000099990002e-05,0.8095238095238094
365,S-C-7314-04-CMP-001,negcon,,,,DMSO,,,,,BR00122247,P06,9,3811,3811,3811,3811,2023_05_17_Batch2,,
366,S-C-7314-04-CMP-001,,BRD-K82941592-238-06-9,2.6182,5.0,DMSO,K82941592,BRD-K82941592-238-03-7,rosuvastatin,HMGCR inhibitor,BR00122247,P07,9,4091,4091,4091,4091,2023_05_17_Batch2,9.999000099990002e-05,0.5618448637316561
367,S-C-7314-04-CMP-001,,BRD-K72898849-001-03-9,2.5469,5.0,DMSO,K72898849,BRD-K72898849-001-01-8,BLU9931,FGFR inhibitor,BR00122247,P08,9,2394,2394,2394,2394,2023_05_17_Batch2,9.999000099990002e-05,0.7037037037037037
368,S-C-7314-04-CMP-001,,BRD-K69023402-001-03-3,0.2167,0.333,DMSO,K69023402,BRD-K69023402-001-07-4,Thapsigargin,ER stressor (SERCA inhibitor),BR00122247,P09,9,88,88,88,88,2023_05_17_Batch2,9.999000099990002e-05,1.0
369,S-C-7314-04-CMP-001,,BRD-K28936863-051-14-0,2.1275,5.0,DMSO,K28936863,BRD-K28936863-051-32-2,ketotifen,phosphodiesterase inhibitor,BR00122247,P10,9,3700,3700,3700,3700,2023_05_17_Batch2,0.728027197280272,0.009432182607055273
370,S-C-7314-04-CMP-001,,BRD-K70642949-001-06-9,2.313,5.0,DMSO,K70642949,BRD-K70642949-001-04-5,GSK2334470,phosphoinositide dependent kinase inhibitor,BR00122247,P11,9,2678,2678,2678,2678,2023_05_17_Batch2,0.008599140085991401,0.2371323529411765
371,S-C-7314-04-CMP-001,,BRD-K85776940-001-01-9,1.983,5.0,DMSO,K85776940,BRD-K85776940-001-01-9,delta-Tocotrienol,HMGCR inhibitor,BR00122247,P12,9,3546,3546,3546,3546,2023_05_17_Batch2,0.8895110488951105,0.0076650552385533035
372,S-C-7314-04-CMP-001,,BRD-K75009076-001-04-9,1.8813,5.0,DMSO,K75009076,BRD-K75009076-001-02-1,SCH-900776,CHK inhibitor,BR00122247,P13,9,518,518,518,518,2023_05_17_Batch2,9.999000099990002e-05,0.8333333333333334
373,S-C-7314-04-CMP-001,,BRD-K53665955-001-05-9,2.3097,5.0,DMSO,K53665955,BRD-K53665955-001-03-0,MK-5108,Aurora kinase inhibitor,BR00122247,P14,9,2476,2476,2476,2476,2023_05_17_Batch2,0.018598140185981403,0.13808760683760682
374,S-C-7314-04-CMP-001,,BRD-K62391742-001-19-9,4.3422,5.0,DMSO,K62391742,BRD-K62391742-001-03-0,venetoclax,BCL inhibitor,BR00122247,P15,9,3284,3284,3284,3284,2023_05_17_Batch2,0.049295070492950704,0.07188805346700083
375,S-C-7314-04-CMP-001,,BRD-K13606314-001-02-9,1.7411,5.0,DMSO,K13606314,BRD-K13606314-001-01-3,P5091,ubiquitin specific protease inhibitor,BR00122247,P16,9,3632,3632,3632,3632,2023_05_17_Batch2,0.5803419658034197,0.011377922708665786
376,S-C-7314-04-CMP-001,,BRD-K17953061-001-05-1,0.012596,0.027,DMSO,K17953061,BRD-K17953061-001-14-3,Staurosporine,Apoptosis inducer (ATP-competitive kinase inhibitor),BR00122247,P17,9,769,769,769,769,2023_05_17_Batch2,0.00029997000299970003,0.5
377,S-C-7314-04-CMP-001,,BRD-K21728777-001-03-9,2.5179,5.0,DMSO,K21728777,BRD-K21728777-001-02-3,AMG900,Aurora kinase inhibitor,BR00122247,P18,9,712,712,712,712,2023_05_17_Batch2,9.999000099990002e-05,1.0
378,S-C-7314-04-CMP-001,,BRD-K85606544-001-07-5,2.7852,5.0,DMSO,K85606544,BRD-K85606544-001-09-1,neratinib,EGFR inhibitor,BR00122247,P19,9,1633,1633,1633,1633,2023_05_17_Batch2,9.999000099990002e-05,1.0
379,S-C-7314-04-CMP-001,,BRD-K63631219-001-01-6,1.1784,5.0,DMSO,K63631219,BRD-K63631219-001-01-6,quazinone,phosphodiesterase inhibitor,BR00122247,P20,9,3836,3836,3836,3836,2023_05_17_Batch2,0.8725127487251275,0.007875299209130425
380,S-C-7314-04-CMP-001,,BRD-K13094524-001-10-9,1.7369,5.0,DMSO,K13094524,BRD-K13094524-001-04-2,PFI-1,bromodomain inhibitor,BR00122247,P21,9,3505,3505,3505,3505,2023_05_17_Batch2,0.017998200179982,0.14835989835989835
381,S-C-7314-04-CMP-001,,BRD-K82941592-238-06-9,2.6182,5.0,DMSO,K82941592,BRD-K82941592-238-03-7,rosuvastatin,HMGCR inhibitor,BR00122247,P22,9,3974,3974,3974,3974,2023_05_17_Batch2,0.06779322067793221,0.055003138731952284
382,S-C-7314-04-CMP-001,negcon,,,,DMSO,,,,,BR00122247,P23,9,4048,4048,4048,4048,2023_05_17_Batch2,,
383,S-C-7314-04-CMP-001,,BRD-K36234266-001-10-6,1.0702,5.0,DMSO,K36234266,BRD-K36234266-001-09-8,carmustine,DNA inhibitor,BR00122247,P24,9,3407,3407,3407,3407,2023_05_17_Batch2,0.9636036396360363,0.006711435890485277
