,Metadata_plate_map_name,Metadata_control_type,Metadata_broad_sample,Metadata_mg_per_ml,Metadata_mmoles_per_liter,Metadata_solvent,Metadata_broad_sample.1,Metadata_BRD with batch,Metadata_Common Name,Metadata_MoA,Metadata_Plate,Metadata_Well,Metadata_Site_Count,Metadata_Count_Cells,Metadata_Count_Cytoplasm,Metadata_Count_Nuclei,Metadata_Object_Count,p_value,average_precision
0,S-C-7314-04-CMP-001,trt,BRD-K62391742-001-19-9,4.3422,5.0,DMSO,K62391742,BRD-K62391742-001-03-0,venetoclax,BCL inhibitor,BR00122249,A01,9,3219,3219,3219,3219,9.999000099990002e-05,0.9166666666666666
1,S-C-7314-04-CMP-001,trt,BRD-K19477839-001-10-9,1.797,5.0,DMSO,K19477839,BRD-K19477839-001-07-6,SGX523,hepatocyte growth factor receptor inhibitor,BR00122249,A02,9,3824,3824,3824,3824,0.055394460553944605,0.06749851455733809
2,S-C-7314-04-CMP-001,trt,BRD-K54759182-003-09-8,1.6595,5.0,DMSO,K54759182,BRD-K54759182-003-08-0,dosulepin,tricyclic antidepressant,BR00122249,A03,9,3838,3838,3838,3838,0.10588941105889411,0.04078282828282828
3,S-C-7314-04-CMP-001,trt,BRD-K70642949-001-06-9,2.313,5.0,DMSO,K70642949,BRD-K70642949-001-04-5,GSK2334470,phosphoinositide dependent kinase inhibitor,BR00122249,A04,9,2768,2768,2768,2768,9.999000099990002e-05,1.0
4,S-C-7314-04-CMP-001,trt,BRD-K73397362-001-09-9,2.6031,5.0,DMSO,K73397362,BRD-K73397362-001-06-6,purmorphamine,smoothened receptor agonist,BR00122249,A05,9,3722,3722,3722,3722,0.0005999400059994001,0.4222222222222222
5,S-C-7314-04-CMP-001,trt,BRD-K13606314-001-02-9,1.7411,5.0,DMSO,K13606314,BRD-K13606314-001-01-3,P5091,ubiquitin specific protease inhibitor,BR00122249,A06,9,3753,3753,3753,3753,0.24327567243275672,0.022047781188323633
6,S-C-7314-04-CMP-001,trt,BRD-K82941592-238-06-9,2.6182,5.0,DMSO,K82941592,BRD-K82941592-238-03-7,rosuvastatin,HMGCR inhibitor,BR00122249,A07,9,3915,3915,3915,3915,0.047595240475952406,0.07565711248198974
7,S-C-7314-04-CMP-001,trt,BRD-K86718786-001-03-9,1.4917,5.0,DMSO,K86718786,BRD-K86718786-001-03-9,SGC-707,protein arginine N-methyltransferase inhibitor,BR00122249,A08,9,4082,4082,4082,4082,0.07929207079292071,0.05102453102453103
8,S-C-7314-04-CMP-001,trt,BRD-K02965346-001-01-8,2.8404,5.0,DMSO,K02965346,BRD-K02965346-001-07-5,SU-11274,hepatocyte growth factor receptor inhibitor,BR00122249,A09,9,1770,1770,1770,1770,9.999000099990002e-05,1.0
9,S-C-7314-04-CMP-001,trt,BRD-K36234266-001-10-6,1.0702,5.0,DMSO,K36234266,BRD-K36234266-001-09-8,carmustine,DNA inhibitor,BR00122249,A10,9,3720,3720,3720,3720,0.2004799520047995,0.02509138588684043
10,S-C-7314-04-CMP-001,trt,BRD-K72898849-001-03-9,2.5469,5.0,DMSO,K72898849,BRD-K72898849-001-01-8,BLU9931,FGFR inhibitor,BR00122249,A11,9,2286,2286,2286,2286,0.0004999500049995,0.4555555555555555
11,S-C-7314-04-CMP-001,trt,BRD-A87435144-001-01-6,2.3944,5.0,DMSO,A87435144,BRD-A87435144-001-01-6,AZD7545,pyruvate dehydrogenase kinase inhibitor,BR00122249,A12,9,3048,3048,3048,3048,0.07069293070692931,0.05543061589573217
12,S-C-7314-04-CMP-001,trt,BRD-K94455792-001-01-8,2.7432,5.0,DMSO,K94455792,BRD-K94455792-001-01-8,ICG-001,beta-catenin inhibitor,BR00122249,A13,9,2691,2691,2691,2691,0.06129387061293871,0.06237286809575967
13,S-C-7314-04-CMP-001,trt,BRD-K01826510-001-09-9,1.8745,5.0,DMSO,K01826510,BRD-K01826510-300-06-9,hydroxyzine,antihistamine,BR00122249,A14,9,4009,4009,4009,4009,0.11358864113588642,0.03868893011750155
14,S-C-7314-04-CMP-001,trt,BRD-K09372874-001-02-9,2.2623,5.0,DMSO,K09372874,BRD-K09372874-001-01-0,merimepodib,inosine monophosphate dehydrogenase inhibitor,BR00122249,A15,9,1508,1508,1508,1508,9.999000099990002e-05,0.8055555555555555
15,S-C-7314-04-CMP-001,trt,BRD-K06182768-001-02-3,1.6472,5.0,DMSO,K06182768,BRD-K06182768-001-06-4,A-366,histone lysine methyltransferase inhibitor,BR00122249,A16,9,3829,3829,3829,3829,0.05299470052994701,0.07167277167277168
16,S-C-7314-04-CMP-001,trt,BRD-K53972329-001-12-9,1.5318,5.0,DMSO,K53972329,BRD-K53972329-001-07-0,ruxolitinib,JAK inhibitor,BR00122249,A17,9,3855,3855,3855,3855,0.5034496550344966,0.012848339999349657
17,S-C-7314-04-CMP-001,trt,BRD-K49669041-001-10-9,2.3568,5.0,DMSO,K49669041,BRD-K49669041-001-08-4,BX-912,pyruvate dehydrogenase kinase inhibitor,BR00122249,A18,9,1444,1444,1444,1444,9.999000099990002e-05,0.7916666666666666
18,S-C-7314-04-CMP-001,negcon,,,,DMSO,,,,,BR00122249,A19,9,3911,3911,3911,3911,,
19,S-C-7314-04-CMP-001,trt,BRD-K45909031-001-03-9,2.4849,5.0,DMSO,K45909031,BRD-K45909031-001-01-5,WZ4003,AMPK inhibitor,BR00122249,A20,9,3136,3136,3136,3136,9.999000099990002e-05,1.0
20,S-C-7314-04-CMP-001,trt,BRD-K38627885-001-01-9,2.0674,5.0,DMSO,K38627885,BRD-K38627885-001-01-9,APY0201,phosphoinositide dependent kinase inhibitor,BR00122249,A21,9,2301,2301,2301,2301,9.999000099990002e-05,1.0
21,S-C-7314-04-CMP-001,trt,BRD-K99092662-001-02-9,1.5286,5.0,DMSO,K99092662,BRD-K99092662-001-01-1,PS178990,androgen receptor modulator,BR00122249,A22,9,3999,3999,3999,3999,0.034596540345965404,0.09518512118201063
22,S-C-7314-04-CMP-001,trt,BRD-K21728777-001-03-9,2.5179,5.0,DMSO,K21728777,BRD-K21728777-001-02-3,AMG900,Aurora kinase inhibitor,BR00122249,A23,9,932,932,932,932,9.999000099990002e-05,0.9166666666666666
23,S-C-7314-04-CMP-001,trt,BRD-K75009076-001-04-9,1.8813,5.0,DMSO,K75009076,BRD-K75009076-001-02-1,SCH-900776,CHK inhibitor,BR00122249,A24,9,815,815,815,815,9.999000099990002e-05,1.0
24,S-C-7314-04-CMP-001,negcon,,,,DMSO,,,,,BR00122249,B01,9,4050,4050,4050,4050,,
25,S-C-7314-04-CMP-001,trt,BRD-K67578145-001-13-9,1.6719,5.0,DMSO,K67578145,BRD-K67578145-001-09-7,GDC-0879,RAF inhibitor,BR00122249,B02,9,3867,3867,3867,3867,0.007999200079992,0.25443937087772706
26,S-C-7314-04-CMP-001,trt,BRD-K67578145-001-13-9,1.6719,5.0,DMSO,K67578145,BRD-K67578145-001-09-7,GDC-0879,RAF inhibitor,BR00122249,B03,9,4555,4555,4555,4555,9.999000099990002e-05,0.54
27,S-C-7314-04-CMP-001,trt,BRD-K56301217-001-02-5,4.0671,5.0,DMSO,K56301217,BRD-K56301217-001-07-4,ABT-737,BCL inhibitor,BR00122249,B04,9,3036,3036,3036,3036,9.999000099990002e-05,1.0
28,S-C-7314-04-CMP-001,trt,BRD-K02965346-001-01-8,2.8404,5.0,DMSO,K02965346,BRD-K02965346-001-07-5,SU-11274,hepatocyte growth factor receptor inhibitor,BR00122249,B05,9,2090,2090,2090,2090,9.999000099990002e-05,1.0
29,S-C-7314-04-CMP-001,trt,BRD-K54759182-003-09-8,1.6595,5.0,DMSO,K54759182,BRD-K54759182-003-08-0,dosulepin,tricyclic antidepressant,BR00122249,B06,9,3727,3727,3727,3727,0.0188981101889811,0.13206349206349208
30,S-C-7314-04-CMP-001,trt,BRD-K99433989-001-02-9,2.4503,5.0,DMSO,K99433989,BRD-K99433989-001-02-9,SAG,smoothened receptor agonist,BR00122249,B07,9,3600,3600,3600,3600,9.999000099990002e-05,1.0
31,S-C-7314-04-CMP-001,trt,BRD-K45909031-001-03-9,2.4849,5.0,DMSO,K45909031,BRD-K45909031-001-01-5,WZ4003,AMPK inhibitor,BR00122249,B08,9,3579,3579,3579,3579,9.999000099990002e-05,1.0
32,S-C-7314-04-CMP-001,trt,BRD-A22769835-300-05-7,1.9389,5.0,DMSO,A22769835,BRD-A22769835-300-05-7,homochlorcyclizine,antihistamine,BR00122249,B09,9,3951,3951,3951,3951,0.007999200079992,0.255050505050505
33,S-C-7314-04-CMP-001,trt,BRD-K98203492-001-06-9,2.0875,5.0,DMSO,K98203492,BRD-K98203492-003-04-1,GSK-J4,histone lysine demethylase inhibitor,BR00122249,B10,9,1421,1421,1421,1421,9.999000099990002e-05,1.0
34,S-C-7314-04-CMP-001,trt,BRD-K06883221-001-02-9,2.0725,5.0,DMSO,K06883221,BRD-K06883221-001-01-9,apratastat,tumor necrosis factor production inhibitor,BR00122249,B11,9,3918,3918,3918,3918,0.16268373162683733,0.02932098765432099
35,S-C-7314-04-CMP-001,trt,BRD-K66430217-001-05-9,1.6909,5.0,DMSO,K66430217,BRD-K66430217-001-03-8,KH-CB19,CDC inhibitor,BR00122249,B12,9,4227,4227,4227,4227,0.024997500249975,0.11641414141414141
36,S-C-7314-04-CMP-001,trt,BRD-K84937637-001-21-9,4.5709,5.0,DMSO,K84937637,BRD-K84937637-001-11-5,sirolimus,mTOR inhibitor,BR00122249,B13,9,2744,2744,2744,2744,9.999000099990002e-05,1.0
37,S-C-7314-04-CMP-001,trt,BRD-K93942811-001-03-9,1.9224,5.0,DMSO,K93942811,BRD-K93942811-001-01-3,ML-323,ubiquitin specific protease inhibitor,BR00122249,B14,9,3701,3701,3701,3701,0.035996400359964,0.08811802232854864
38,S-C-7314-04-CMP-001,trt,BRD-A53576514-048-02-8,2.3075,5.0,DMSO,A53576514,BRD-A53576514-048-14-3,orphenadrine,acetylcholine receptor antagonist,BR00122249,B15,9,3994,3994,3994,3994,0.103989601039896,0.03993976569407604
39,S-C-7314-04-CMP-001,negcon,,,,DMSO,,,,,BR00122249,B16,9,4168,4168,4168,4168,,
40,S-C-7314-04-CMP-001,trt,BRD-K56932272-001-02-9,2.4378,5.0,DMSO,K56932272,BRD-K56932272-001-02-9,BMS-566419,inosine monophosphate dehydrogenase inhibitor,BR00122249,B17,9,2427,2427,2427,2427,9.999000099990002e-05,1.0
41,S-C-7314-04-CMP-001,trt,BRD-K24600306-003-02-9,2.3445,5.0,DMSO,K24600306,BRD-K24600306-003-02-9,ML-298,phospholipase inhibitor,BR00122249,B18,9,4026,4026,4026,4026,0.007999200079992,0.265625
42,S-C-7314-04-CMP-001,trt,BRD-M87138257-003-01-1,2.3499,5.0,DMSO,M87138257,BRD-M87138257-003-01-1,acriflavine,hypoxia inducible factor inhibitor,BR00122249,B19,9,412,412,412,412,9.999000099990002e-05,1.0
43,S-C-7314-04-CMP-001,trt,BRD-K09372874-001-02-9,2.2623,5.0,DMSO,K09372874,BRD-K09372874-001-01-0,merimepodib,inosine monophosphate dehydrogenase inhibitor,BR00122249,B20,9,1616,1616,1616,1616,9.999000099990002e-05,1.0
44,S-C-7314-04-CMP-001,trt,BRD-K76908866-001-08-9,2.3477,5.0,DMSO,K76908866,BRD-K76908866-001-07-6,CP-724714,EGFR inhibitor,BR00122249,B21,9,3853,3853,3853,3853,9.999000099990002e-05,0.47521367521367514
45,S-C-7314-04-CMP-001,trt,BRD-K64881305-001-07-9,2.5853,5.0,DMSO,K64881305,BRD-K64881305-001-05-2,ispinesib,kinesin inhibitor,BR00122249,B22,9,610,610,610,610,9.999000099990002e-05,1.0
46,S-C-7314-04-CMP-001,negcon,,,,DMSO,,,,,BR00122249,B23,9,4273,4273,4273,4273,,
47,S-C-7314-04-CMP-001,trt,BRD-K49669041-001-10-9,2.3568,5.0,DMSO,K49669041,BRD-K49669041-001-08-4,BX-912,pyruvate dehydrogenase kinase inhibitor,BR00122249,B24,9,1180,1180,1180,1180,9.999000099990002e-05,0.8095238095238094
48,S-C-7314-04-CMP-001,trt,BRD-K72951360-001-02-9,3.6182,5.0,DMSO,K72951360,BRD-K72951360-001-01-4,valrubicin,DNA inhibitor,BR00122249,C01,9,236,236,236,236,0.007899210078992101,0.3055555555555555
49,S-C-7314-04-CMP-001,trt,BRD-K16189898-001-26-9,2.3267,5.0,DMSO,K16189898,BRD-K16189898-003-03-3,CHIR-99021,glycogen synthase kinase inhibitor,BR00122249,C02,9,3388,3388,3388,3388,0.030096990300969902,0.09581320450885666
50,S-C-7314-04-CMP-001,trt,BRD-M87138257-003-01-1,2.3499,5.0,DMSO,M87138257,BRD-M87138257-003-01-1,acriflavine,hypoxia inducible factor inhibitor,BR00122249,C03,9,348,348,348,348,9.999000099990002e-05,1.0
51,S-C-7314-04-CMP-001,trt,BRD-K99433989-001-02-9,2.4503,5.0,DMSO,K99433989,BRD-K99433989-001-02-9,SAG,smoothened receptor agonist,BR00122249,C04,9,3721,3721,3721,3721,9.999000099990002e-05,1.0
52,S-C-7314-04-CMP-001,trt,BRD-K85776940-001-01-9,1.983,5.0,DMSO,K85776940,BRD-K85776940-001-01-9,delta-Tocotrienol,HMGCR inhibitor,BR00122249,C05,9,4178,4178,4178,4178,0.06469353064693531,0.05745920745920746
53,S-C-7314-04-CMP-001,negcon,,,,DMSO,,,,,BR00122249,C06,9,4080,4080,4080,4080,,
54,S-C-7314-04-CMP-001,trt,BRD-K70578146-001-13-9,0.16697,0.133,DMSO,K70578146,BRD-K70578146-001-09-1,DACTINOMYCIN,Apoptosis inducer (transcription inhibitor),BR00122249,C07,9,489,489,489,489,9.999000099990002e-05,0.8666666666666667
55,S-C-7314-04-CMP-001,trt,BRD-K97452254-001-02-9,2.3578,5.0,DMSO,K97452254,BRD-K97452254-001-01-3,AMG-925,CDK inhibitor,BR00122249,C08,9,2337,2337,2337,2337,9.999000099990002e-05,1.0
56,S-C-7314-04-CMP-001,trt,BRD-K68756823-001-12-9,1.6367,5.0,DMSO,K68756823,BRD-K68756823-001-07-1,FR-180204,MAP kinase inhibitor,BR00122249,C09,9,4170,4170,4170,4170,0.021897810218978103,0.12681159420289856
57,S-C-7314-04-CMP-001,trt,BRD-K60130390-001-02-1,2.7335,5.0,DMSO,K60130390,BRD-K60130390-001-02-1,UNC0642,histone lysine methyltransferase inhibitor,BR00122249,C10,9,3639,3639,3639,3639,9.999000099990002e-05,0.7777777777777777
58,S-C-7314-04-CMP-001,trt,BRD-K98203492-001-06-9,2.0875,5.0,DMSO,K98203492,BRD-K98203492-003-04-1,GSK-J4,histone lysine demethylase inhibitor,BR00122249,C11,9,1439,1439,1439,1439,9.999000099990002e-05,1.0
59,S-C-7314-04-CMP-001,trt,BRD-K57080016-001-19-1,2.2884,5.0,DMSO,K57080016,BRD-K57080016-001-01-9,selumetinib,MEK inhibitor,BR00122249,C12,9,3545,3545,3545,3545,0.0017998200179982,0.3550248067382023
60,S-C-7314-04-CMP-001,trt,BRD-K39520573-001-01-2,2.6047,5.0,DMSO,K39520573,BRD-K39520573-001-03-8,GW-5074,RAF inhibitor,BR00122249,C13,9,3991,3991,3991,3991,0.06329367063293671,0.059021175380127716
61,S-C-7314-04-CMP-001,trt,BRD-K61397605-001-04-2,2.7035,5.0,DMSO,K61397605,BRD-K61397605-001-07-5,romidepsin,HDAC inhibitor,BR00122249,C14,9,620,620,620,620,9.999000099990002e-05,1.0
62,S-C-7314-04-CMP-001,trt,BRD-K61688984-001-04-5,1.812,5.0,DMSO,K61688984,BRD-K61688984-001-02-9,RGFP966,HDAC inhibitor,BR00122249,C15,9,2840,2840,2840,2840,9.999000099990002e-05,0.7916666666666666
63,S-C-7314-04-CMP-001,trt,BRD-K37379014-001-02-0,2.1024,5.0,DMSO,K37379014,BRD-K37379014-001-01-2,filanesib,kinesin inhibitor,BR00122249,C16,9,674,674,674,674,9.999000099990002e-05,1.0
64,S-C-7314-04-CMP-001,trt,BRD-K19477839-001-10-9,1.797,5.0,DMSO,K19477839,BRD-K19477839-001-07-6,SGX523,hepatocyte growth factor receptor inhibitor,BR00122249,C17,9,3962,3962,3962,3962,0.28777122287771223,0.019505322427631765
65,S-C-7314-04-CMP-001,trt,BRD-K28936863-051-14-0,2.1275,5.0,DMSO,K28936863,BRD-K28936863-051-32-2,ketotifen,phosphodiesterase inhibitor,BR00122249,C18,9,4035,4035,4035,4035,0.12988701129887012,0.03478601486256603
66,S-C-7314-04-CMP-001,trt,BRD-K67772619-001-06-9,1.4213,5.0,DMSO,K67772619,BRD-K67772619-001-05-1,rheochrysidin,protein tyrosine kinase inhibitor,BR00122249,C19,9,3780,3780,3780,3780,0.09869013098690131,0.042430607034016965
67,S-C-7314-04-CMP-001,trt,BRD-A53576514-048-02-8,2.3075,5.0,DMSO,A53576514,BRD-A53576514-048-14-3,orphenadrine,acetylcholine receptor antagonist,BR00122249,C20,9,4085,4085,4085,4085,0.1354864513548645,0.03377425044091711
68,S-C-7314-04-CMP-001,trt,BRD-K91900765-001-09-9,2.1813,5.0,DMSO,K91900765,BRD-K91900765-001-08-4,VX-745,p38 MAPK inhibitor,BR00122249,C21,9,3889,3889,3889,3889,0.23347665233476653,0.022744372216203203
69,S-C-7314-04-CMP-001,trt,BRD-K56301217-001-02-5,4.0671,5.0,DMSO,K56301217,BRD-K56301217-001-07-4,ABT-737,BCL inhibitor,BR00122249,C22,9,3030,3030,3030,3030,9.999000099990002e-05,1.0
70,S-C-7314-04-CMP-001,trt,BRD-K23383398-001-08-1,2.4067,5.0,DMSO,K23383398,BRD-K23383398-001-09-9,T-0901317,LXR agonist,BR00122249,C23,9,3771,3771,3771,3771,0.00019998000199980003,0.48888888888888893
71,S-C-7314-04-CMP-001,trt,BRD-K24696047-001-03-9,2.1978,5.0,DMSO,K24696047,BRD-K24696047-001-02-3,NVP-AEW541,IGF-1 inhibitor,BR00122249,C24,9,2829,2829,2829,2829,9.999000099990002e-05,1.0
72,S-C-7314-04-CMP-001,trt,BRD-K00818915-001-02-9,1.7613,5.0,DMSO,K00818915,BRD-K00818915-003-01-8,SHP099,protein tyrosine kinase inhibitor,BR00122249,D01,9,3828,3828,3828,3828,0.0016998300169983002,0.3554474182211409
73,S-C-7314-04-CMP-001,trt,BRD-K39974922-001-05-9,2.1343,5.0,DMSO,K39974922,BRD-K39974922-001-04-3,lenvatinib,FGFR inhibitor,BR00122249,D02,9,2995,2995,2995,2995,9.999000099990002e-05,0.7435897435897436
74,S-C-7314-04-CMP-001,trt,BRD-K61397605-001-04-2,2.7035,5.0,DMSO,K61397605,BRD-K61397605-001-07-5,romidepsin,HDAC inhibitor,BR00122249,D03,9,671,671,671,671,9.999000099990002e-05,1.0
75,S-C-7314-04-CMP-001,trt,BRD-K50055394-001-04-9,2.0844,5.0,DMSO,K50055394,BRD-K50055394-001-03-6,halopemide,phospholipase inhibitor,BR00122249,D04,9,4166,4166,4166,4166,0.035996400359964,0.0817094017094017
76,S-C-7314-04-CMP-001,trt,BRD-K49669041-001-10-9,2.3568,5.0,DMSO,K49669041,BRD-K49669041-001-08-4,BX-912,pyruvate dehydrogenase kinase inhibitor,BR00122249,D05,9,1634,1634,1634,1634,9.999000099990002e-05,0.8666666666666667
77,S-C-7314-04-CMP-001,trt,BRD-A12994259-001-11-9,1.3662,5.0,DMSO,A12994259,BRD-A12994259-001-02-1,pomalidomide,tumor necrosis factor production inhibitor,BR00122249,D06,9,4055,4055,4055,4055,0.025197480251974803,0.10735544217687075
78,S-C-7314-04-CMP-001,trt,BRD-K73982490-001-04-9,1.8969,5.0,DMSO,K73982490,BRD-K73982490-001-02-9,BI-78D3,JNK inhibitor,BR00122249,D07,9,4121,4121,4121,4121,0.20087991200879912,0.025137687371729927
79,S-C-7314-04-CMP-001,trt,BRD-K19871656-001-01-3,1.8291,5.0,DMSO,K19871656,BRD-K19871656-001-01-3,CPI-0610,bromodomain inhibitor,BR00122249,D08,9,3115,3115,3115,3115,9.999000099990002e-05,0.8666666666666667
80,S-C-7314-04-CMP-001,trt,BRD-K68756823-001-12-9,1.6367,5.0,DMSO,K68756823,BRD-K68756823-001-07-1,FR-180204,MAP kinase inhibitor,BR00122249,D09,9,4192,4192,4192,4192,0.008099190080991902,0.29951690821256033
81,S-C-7314-04-CMP-001,negcon,,,,DMSO,,,,,BR00122249,D10,9,3934,3934,3934,3934,,
82,S-C-7314-04-CMP-001,trt,BRD-K63631219-001-01-6,1.1784,5.0,DMSO,K63631219,BRD-K63631219-001-01-6,quazinone,phosphodiesterase inhibitor,BR00122249,D11,9,3980,3980,3980,3980,0.1541845815418458,0.03027632571584984
83,S-C-7314-04-CMP-001,trt,BRD-K99113996-001-02-0,2.3127,5.0,DMSO,K99113996,BRD-K99113996-001-02-0,AZD2014,mTOR inhibitor,BR00122249,D12,9,1441,1441,1441,1441,9.999000099990002e-05,1.0
84,S-C-7314-04-CMP-001,trt,BRD-K99113996-001-02-0,2.3127,5.0,DMSO,K99113996,BRD-K99113996-001-02-0,AZD2014,mTOR inhibitor,BR00122249,D13,9,1537,1537,1537,1537,9.999000099990002e-05,1.0
85,S-C-7314-04-CMP-001,trt,BRD-K01826510-001-09-9,1.8745,5.0,DMSO,K01826510,BRD-K01826510-300-06-9,hydroxyzine,antihistamine,BR00122249,D14,9,4097,4097,4097,4097,0.0105989401059894,0.1847442680776014
86,S-C-7314-04-CMP-001,trt,BRD-K37379014-001-02-0,2.1024,5.0,DMSO,K37379014,BRD-K37379014-001-01-2,filanesib,kinesin inhibitor,BR00122249,D15,9,774,774,774,774,9.999000099990002e-05,1.0
87,S-C-7314-04-CMP-001,trt,BRD-K98251413-001-07-9,1.7617,5.0,DMSO,K98251413,BRD-K98251413-001-04-0,IOX2,hypoxia inducible factor inhibitor,BR00122249,D16,9,3936,3936,3936,3936,0.0096990300969903,0.1934782608695652
88,S-C-7314-04-CMP-001,trt,BRD-K44227013-001-15-9,2.6628,5.0,DMSO,K44227013,BRD-K44227013-001-08-0,ponatinib,Bcr-Abl kinase inhibitor,BR00122249,D17,9,604,604,604,604,9.999000099990002e-05,1.0
89,S-C-7314-04-CMP-001,trt,BRD-K20290250-001-03-9,2.0624,5.0,DMSO,K20290250,BRD-K20290250-001-02-1,BIX-02188,MEK inhibitor,BR00122249,D18,9,3918,3918,3918,3918,0.20137986201379862,0.025012531328320802
90,S-C-7314-04-CMP-001,trt,BRD-K24696047-001-03-9,2.1978,5.0,DMSO,K24696047,BRD-K24696047-001-02-3,NVP-AEW541,IGF-1 inhibitor,BR00122249,D19,9,3024,3024,3024,3024,9.999000099990002e-05,1.0
91,S-C-7314-04-CMP-001,trt,BRD-K00818915-001-02-9,1.7613,5.0,DMSO,K00818915,BRD-K00818915-003-01-8,SHP099,protein tyrosine kinase inhibitor,BR00122249,D20,9,3937,3937,3937,3937,0.6046395360463953,0.010993408562469336
92,S-C-7314-04-CMP-001,trt,BRD-K03063480-001-08-9,2.0974,5.0,DMSO,K03063480,BRD-K03063480-001-06-6,PF-477736,CHK inhibitor,BR00122249,D21,9,392,392,392,392,9.999000099990002e-05,1.0
93,S-C-7314-04-CMP-001,trt,BRD-K24696047-001-03-9,2.1978,5.0,DMSO,K24696047,BRD-K24696047-001-02-3,NVP-AEW541,IGF-1 inhibitor,BR00122249,D22,9,2955,2955,2955,2955,9.999000099990002e-05,1.0
94,S-C-7314-04-CMP-001,trt,BRD-K54759182-003-09-8,1.6595,5.0,DMSO,K54759182,BRD-K54759182-003-08-0,dosulepin,tricyclic antidepressant,BR00122249,D23,9,3889,3889,3889,3889,0.074992500749925,0.04916142557651992
95,S-C-7314-04-CMP-001,trt,BRD-K99092662-001-02-9,1.5286,5.0,DMSO,K99092662,BRD-K99092662-001-01-1,PS178990,androgen receptor modulator,BR00122249,D24,9,3978,3978,3978,3978,0.046995300469953004,0.06702521008403362
96,S-C-7314-04-CMP-001,trt,BRD-K00818915-001-02-9,1.7613,5.0,DMSO,K00818915,BRD-K00818915-003-01-8,SHP099,protein tyrosine kinase inhibitor,BR00122249,E01,9,3951,3951,3951,3951,0.0033996600339966003,0.34785238959467635
97,S-C-7314-04-CMP-001,trt,BRD-K39974922-001-05-9,2.1343,5.0,DMSO,K39974922,BRD-K39974922-001-04-3,lenvatinib,FGFR inhibitor,BR00122249,E02,9,3315,3315,3315,3315,0.00029997000299970003,0.40204678362573104
98,S-C-7314-04-CMP-001,trt,BRD-K19871656-001-01-3,1.8291,5.0,DMSO,K19871656,BRD-K19871656-001-01-3,CPI-0610,bromodomain inhibitor,BR00122249,E03,9,3189,3189,3189,3189,9.999000099990002e-05,0.7777777777777777
99,S-C-7314-04-CMP-001,trt,BRD-K98203492-001-06-9,2.0875,5.0,DMSO,K98203492,BRD-K98203492-003-04-1,GSK-J4,histone lysine demethylase inhibitor,BR00122249,E04,9,1484,1484,1484,1484,9.999000099990002e-05,1.0
100,S-C-7314-04-CMP-001,trt,BRD-K28936863-051-14-0,2.1275,5.0,DMSO,K28936863,BRD-K28936863-051-32-2,ketotifen,phosphodiesterase inhibitor,BR00122249,E05,9,4094,4094,4094,4094,0.0192980701929807,0.1292989417989418
101,S-C-7314-04-CMP-001,trt,BRD-K04923131-001-17-9,1.7809,5.0,DMSO,K04923131,BRD-K04923131-001-15-4,GSK-3-inhibitor-IX,glycogen synthase kinase inhibitor,BR00122249,E06,9,1806,1806,1806,1806,9.999000099990002e-05,1.0
102,S-C-7314-04-CMP-001,trt,BRD-K36234266-001-10-6,1.0702,5.0,DMSO,K36234266,BRD-K36234266-001-09-8,carmustine,DNA inhibitor,BR00122249,E07,9,4021,4021,4021,4021,0.0746925307469253,0.05064677577449728
103,S-C-7314-04-CMP-001,trt,BRD-K44227013-001-15-9,2.6628,5.0,DMSO,K44227013,BRD-K44227013-001-08-0,ponatinib,Bcr-Abl kinase inhibitor,BR00122249,E08,9,709,709,709,709,9.999000099990002e-05,1.0
104,S-C-7314-04-CMP-001,trt,BRD-K85606544-001-07-5,2.7852,5.0,DMSO,K85606544,BRD-K85606544-001-09-1,neratinib,EGFR inhibitor,BR00122249,E09,9,1878,1878,1878,1878,9.999000099990002e-05,1.0
105,S-C-7314-04-CMP-001,trt,BRD-K13094524-001-10-9,1.7369,5.0,DMSO,K13094524,BRD-K13094524-001-04-2,PFI-1,bromodomain inhibitor,BR00122249,E10,9,3541,3541,3541,3541,9.999000099990002e-05,0.8095238095238094
106,S-C-7314-04-CMP-001,trt,BRD-K83607951-001-04-9,2.1271,5.0,DMSO,K83607951,BRD-K83607951-001-02-2,skepinone-l,p38 MAPK inhibitor,BR00122249,E11,9,3192,3192,3192,3192,0.0016998300169983002,0.3583860759493671
107,S-C-7314-04-CMP-001,trt,BRD-M87138257-003-01-1,2.3499,5.0,DMSO,M87138257,BRD-M87138257-003-01-1,acriflavine,hypoxia inducible factor inhibitor,BR00122249,E12,9,344,344,344,344,9.999000099990002e-05,1.0
108,S-C-7314-04-CMP-001,negcon,,,,DMSO,,,,,BR00122249,E13,9,3883,3883,3883,3883,,
109,S-C-7314-04-CMP-001,trt,BRD-K76908866-001-08-9,2.3477,5.0,DMSO,K76908866,BRD-K76908866-001-07-6,CP-724714,EGFR inhibitor,BR00122249,E14,9,3766,3766,3766,3766,9.999000099990002e-05,0.5082644628099173
110,S-C-7314-04-CMP-001,trt,BRD-K24696047-001-03-9,2.1978,5.0,DMSO,K24696047,BRD-K24696047-001-02-3,NVP-AEW541,IGF-1 inhibitor,BR00122249,E15,9,2830,2830,2830,2830,9.999000099990002e-05,1.0
111,S-C-7314-04-CMP-001,trt,BRD-K54759182-003-09-8,1.6595,5.0,DMSO,K54759182,BRD-K54759182-003-08-0,dosulepin,tricyclic antidepressant,BR00122249,E16,9,3922,3922,3922,3922,0.001999800019998,0.35620769724815965
112,S-C-7314-04-CMP-001,trt,BRD-K84937637-001-21-9,4.5709,5.0,DMSO,K84937637,BRD-K84937637-001-11-5,sirolimus,mTOR inhibitor,BR00122249,E17,9,2577,2577,2577,2577,9.999000099990002e-05,1.0
113,S-C-7314-04-CMP-001,trt,BRD-K88677950-001-04-9,2.3812,5.0,DMSO,K88677950,BRD-K88677950-001-03-9,PD-198306,MAP kinase inhibitor,BR00122249,E18,9,3762,3762,3762,3762,0.10528947105289471,0.03957326892109501
114,S-C-7314-04-CMP-001,trt,BRD-K03063480-001-08-9,2.0974,5.0,DMSO,K03063480,BRD-K03063480-001-06-6,PF-477736,CHK inhibitor,BR00122249,E19,9,432,432,432,432,9.999000099990002e-05,1.0
115,S-C-7314-04-CMP-001,trt,BRD-K09372874-001-02-9,2.2623,5.0,DMSO,K09372874,BRD-K09372874-001-01-0,merimepodib,inosine monophosphate dehydrogenase inhibitor,BR00122249,E20,9,1448,1448,1448,1448,9.999000099990002e-05,0.8666666666666667
116,S-C-7314-04-CMP-001,trt,BRD-K69023402-001-03-3,0.2167,0.333,DMSO,K69023402,BRD-K69023402-001-07-4,Thapsigargin,ER stressor (SERCA inhibitor),BR00122249,E21,9,265,265,265,265,9.999000099990002e-05,0.5888888888888889
117,S-C-7314-04-CMP-001,trt,BRD-K56932272-001-02-9,2.4378,5.0,DMSO,K56932272,BRD-K56932272-001-02-9,BMS-566419,inosine monophosphate dehydrogenase inhibitor,BR00122249,E22,9,2498,2498,2498,2498,9.999000099990002e-05,1.0
118,S-C-7314-04-CMP-001,trt,BRD-K32730239-001-03-9,1.3065,5.0,DMSO,K32730239,BRD-K32730239-001-01-0,SU3327,JNK inhibitor,BR00122249,E23,9,3046,3046,3046,3046,0.5588441155884412,0.011668967103749713
119,S-C-7314-04-CMP-001,negcon,,,,DMSO,,,,,BR00122249,E24,9,4136,4136,4136,4136,,
120,S-C-7314-04-CMP-001,trt,BRD-K16189898-001-26-9,2.3267,5.0,DMSO,K16189898,BRD-K16189898-003-03-3,CHIR-99021,glycogen synthase kinase inhibitor,BR00122249,F01,9,3351,3351,3351,3351,9.999000099990002e-05,1.0
121,S-C-7314-04-CMP-001,trt,BRD-K73982490-001-04-9,1.8969,5.0,DMSO,K73982490,BRD-K73982490-001-02-9,BI-78D3,JNK inhibitor,BR00122249,F02,9,4129,4129,4129,4129,0.17118288171182883,0.02809088186446677
122,S-C-7314-04-CMP-001,trt,BRD-K86718786-001-03-9,1.4917,5.0,DMSO,K86718786,BRD-K86718786-001-03-9,SGC-707,protein arginine N-methyltransferase inhibitor,BR00122249,F03,9,4038,4038,4038,4038,0.04939506049395061,0.06799768518518519
123,S-C-7314-04-CMP-001,trt,BRD-K61397605-001-04-2,2.7035,5.0,DMSO,K61397605,BRD-K61397605-001-07-5,romidepsin,HDAC inhibitor,BR00122249,F04,9,531,531,531,531,9.999000099990002e-05,1.0
124,S-C-7314-04-CMP-001,trt,BRD-K56301217-001-02-5,4.0671,5.0,DMSO,K56301217,BRD-K56301217-001-07-4,ABT-737,BCL inhibitor,BR00122249,F05,9,2937,2937,2937,2937,9.999000099990002e-05,0.9166666666666666
125,S-C-7314-04-CMP-001,trt,BRD-K70642949-001-06-9,2.313,5.0,DMSO,K70642949,BRD-K70642949-001-04-5,GSK2334470,phosphoinositide dependent kinase inhibitor,BR00122249,F06,9,2891,2891,2891,2891,9.999000099990002e-05,1.0
126,S-C-7314-04-CMP-001,trt,BRD-K91900765-001-09-9,2.1813,5.0,DMSO,K91900765,BRD-K91900765-001-08-4,VX-745,p38 MAPK inhibitor,BR00122249,F07,9,3868,3868,3868,3868,0.0184981501849815,0.13816267247639796
127,S-C-7314-04-CMP-001,trt,BRD-A22769835-300-05-7,1.9389,5.0,DMSO,A22769835,BRD-A22769835-300-05-7,homochlorcyclizine,antihistamine,BR00122249,F08,9,4039,4039,4039,4039,0.0110988901109889,0.18125
128,S-C-7314-04-CMP-001,trt,BRD-K94455792-001-01-8,2.7432,5.0,DMSO,K94455792,BRD-K94455792-001-01-8,ICG-001,beta-catenin inhibitor,BR00122249,F09,9,2698,2698,2698,2698,0.033096690330966905,0.0910594315245478
129,S-C-7314-04-CMP-001,trt,BRD-K12737986-001-01-4,1.2215,5.0,DMSO,K12737986,BRD-K12737986-001-01-4,veliparib,PARP inhibitor,BR00122249,F10,9,3775,3775,3775,3775,0.44245575442455753,0.013908266816192802
130,S-C-7314-04-CMP-001,trt,BRD-K64881305-001-07-9,2.5853,5.0,DMSO,K64881305,BRD-K64881305-001-05-2,ispinesib,kinesin inhibitor,BR00122249,F11,9,653,653,653,653,9.999000099990002e-05,1.0
131,S-C-7314-04-CMP-001,trt,BRD-K66401437-001-03-3,2.8303,5.0,DMSO,K66401437,BRD-K66401437-001-03-3,THZ1,CDK inhibitor,BR00122249,F12,9,285,285,285,285,9.999000099990002e-05,0.6936936936936937
132,S-C-7314-04-CMP-001,trt,BRD-K21728777-001-03-9,2.5179,5.0,DMSO,K21728777,BRD-K21728777-001-02-3,AMG900,Aurora kinase inhibitor,BR00122249,F13,9,935,935,935,935,9.999000099990002e-05,1.0
133,S-C-7314-04-CMP-001,trt,BRD-K85606544-001-07-5,2.7852,5.0,DMSO,K85606544,BRD-K85606544-001-09-1,neratinib,EGFR inhibitor,BR00122249,F14,9,1825,1825,1825,1825,9.999000099990002e-05,1.0
134,S-C-7314-04-CMP-001,trt,BRD-K13606314-001-02-9,1.7411,5.0,DMSO,K13606314,BRD-K13606314-001-01-3,P5091,ubiquitin specific protease inhibitor,BR00122249,F15,9,3939,3939,3939,3939,0.058694130586941305,0.060903768095118355
135,S-C-7314-04-CMP-001,trt,BRD-K82164249-001-03-5,2.2068,5.0,DMSO,K82164249,BRD-K82164249-001-03-5,andarine,androgen receptor modulator,BR00122249,F16,9,4129,4129,4129,4129,0.202979702029797,0.024777558173947056
136,S-C-7314-04-CMP-001,trt,BRD-K23383398-001-08-1,2.4067,5.0,DMSO,K23383398,BRD-K23383398-001-09-9,T-0901317,LXR agonist,BR00122249,F17,9,3590,3590,3590,3590,0.00019998000199980003,0.43333333333333335
137,S-C-7314-04-CMP-001,trt,BRD-K37379014-001-02-0,2.1024,5.0,DMSO,K37379014,BRD-K37379014-001-01-2,filanesib,kinesin inhibitor,BR00122249,F18,9,644,644,644,644,9.999000099990002e-05,1.0
138,S-C-7314-04-CMP-001,trt,BRD-K83607951-001-04-9,2.1271,5.0,DMSO,K83607951,BRD-K83607951-001-02-2,skepinone-l,p38 MAPK inhibitor,BR00122249,F19,9,3768,3768,3768,3768,0.10768923107689231,0.03899572649572649
139,S-C-7314-04-CMP-001,trt,BRD-K88677950-001-04-9,2.3812,5.0,DMSO,K88677950,BRD-K88677950-001-03-9,PD-198306,MAP kinase inhibitor,BR00122249,F20,9,3703,3703,3703,3703,0.026997300269973004,0.10732246007475366
140,S-C-7314-04-CMP-001,negcon,,,,DMSO,,,,,BR00122249,F21,9,4332,4332,4332,4332,,
141,S-C-7314-04-CMP-001,trt,BRD-K17953061-001-05-1,0.012596,0.027,DMSO,K17953061,BRD-K17953061-001-14-3,Staurosporine,Apoptosis inducer (ATP-competitive kinase inhibitor),BR00122249,F22,9,1049,1049,1049,1049,9.999000099990002e-05,0.75
142,S-C-7314-04-CMP-001,trt,BRD-K19871656-001-01-3,1.8291,5.0,DMSO,K19871656,BRD-K19871656-001-01-3,CPI-0610,bromodomain inhibitor,BR00122249,F23,9,3109,3109,3109,3109,9.999000099990002e-05,0.5909090909090909
143,S-C-7314-04-CMP-001,trt,BRD-K23383398-001-08-1,2.4067,5.0,DMSO,K23383398,BRD-K23383398-001-09-9,T-0901317,LXR agonist,BR00122249,F24,9,3536,3536,3536,3536,9.999000099990002e-05,0.9166666666666666
144,S-C-7314-04-CMP-001,trt,BRD-K86718786-001-03-9,1.4917,5.0,DMSO,K86718786,BRD-K86718786-001-03-9,SGC-707,protein arginine N-methyltransferase inhibitor,BR00122249,G01,9,3791,3791,3791,3791,0.0192980701929807,0.12941006362058993
145,S-C-7314-04-CMP-001,trt,BRD-K20290250-001-03-9,2.0624,5.0,DMSO,K20290250,BRD-K20290250-001-02-1,BIX-02188,MEK inhibitor,BR00122249,G02,9,4069,4069,4069,4069,0.0016998300169983002,0.35846560846560843
146,S-C-7314-04-CMP-001,negcon,,,,DMSO,,,,,BR00122249,G03,9,3868,3868,3868,3868,,
147,S-C-7314-04-CMP-001,trt,BRD-K72951360-001-02-9,3.6182,5.0,DMSO,K72951360,BRD-K72951360-001-01-4,valrubicin,DNA inhibitor,BR00122249,G04,9,545,545,545,545,9.999000099990002e-05,0.7666666666666666
148,S-C-7314-04-CMP-001,trt,BRD-K53665955-001-05-9,2.3097,5.0,DMSO,K53665955,BRD-K53665955-001-03-0,MK-5108,Aurora kinase inhibitor,BR00122249,G05,9,2865,2865,2865,2865,0.06579342065793421,0.05541686170489416
149,S-C-7314-04-CMP-001,trt,BRD-K82164249-001-03-5,2.2068,5.0,DMSO,K82164249,BRD-K82164249-001-03-5,andarine,androgen receptor modulator,BR00122249,G06,9,3776,3776,3776,3776,0.0183981601839816,0.14042898745519714
150,S-C-7314-04-CMP-001,trt,BRD-K06182768-001-02-3,1.6472,5.0,DMSO,K06182768,BRD-K06182768-001-06-4,A-366,histone lysine methyltransferase inhibitor,BR00122249,G07,9,3859,3859,3859,3859,0.1665833416658334,0.028712406015037592
151,S-C-7314-04-CMP-001,trt,BRD-K62391742-001-19-9,4.3422,5.0,DMSO,K62391742,BRD-K62391742-001-03-0,venetoclax,BCL inhibitor,BR00122249,G08,9,3936,3936,3936,3936,0.007899210078992101,0.3244047619047619
152,S-C-7314-04-CMP-001,trt,BRD-K60130390-001-02-1,2.7335,5.0,DMSO,K60130390,BRD-K60130390-001-02-1,UNC0642,histone lysine methyltransferase inhibitor,BR00122249,G09,9,3783,3783,3783,3783,9.999000099990002e-05,0.7916666666666666
153,S-C-7314-04-CMP-001,trt,BRD-K00818915-001-02-9,1.7613,5.0,DMSO,K00818915,BRD-K00818915-003-01-8,SHP099,protein tyrosine kinase inhibitor,BR00122249,G10,9,4791,4791,4791,4791,0.0254974502549745,0.11227272727272726
154,S-C-7314-04-CMP-001,trt,BRD-K61397605-001-04-2,2.7035,5.0,DMSO,K61397605,BRD-K61397605-001-07-5,romidepsin,HDAC inhibitor,BR00122249,G11,9,659,659,659,659,9.999000099990002e-05,1.0
155,S-C-7314-04-CMP-001,trt,BRD-K73982490-001-04-9,1.8969,5.0,DMSO,K73982490,BRD-K73982490-001-02-9,BI-78D3,JNK inhibitor,BR00122249,G12,9,4003,4003,4003,4003,0.2116788321167883,0.024025162621653853
156,S-C-7314-04-CMP-001,trt,BRD-K98251413-001-07-9,1.7617,5.0,DMSO,K98251413,BRD-K98251413-001-04-0,IOX2,hypoxia inducible factor inhibitor,BR00122249,G13,9,4172,4172,4172,4172,0.037396260373962605,0.0833464257659073
157,S-C-7314-04-CMP-001,trt,BRD-K61688984-001-04-5,1.812,5.0,DMSO,K61688984,BRD-K61688984-001-02-9,RGFP966,HDAC inhibitor,BR00122249,G14,9,2511,2511,2511,2511,9.999000099990002e-05,0.9166666666666666
158,S-C-7314-04-CMP-001,trt,BRD-K16189898-001-26-9,2.3267,5.0,DMSO,K16189898,BRD-K16189898-003-03-3,CHIR-99021,glycogen synthase kinase inhibitor,BR00122249,G15,9,3521,3521,3521,3521,9.999000099990002e-05,0.6771929824561403
159,S-C-7314-04-CMP-001,trt,BRD-K66430217-001-05-9,1.6909,5.0,DMSO,K66430217,BRD-K66430217-001-03-8,KH-CB19,CDC inhibitor,BR00122249,G16,9,4207,4207,4207,4207,0.0740925907409259,0.05095238095238095
160,S-C-7314-04-CMP-001,trt,BRD-K75009076-001-04-9,1.8813,5.0,DMSO,K75009076,BRD-K75009076-001-02-1,SCH-900776,CHK inhibitor,BR00122249,G17,9,785,785,785,785,9.999000099990002e-05,0.8666666666666667
161,S-C-7314-04-CMP-001,trt,BRD-K38627885-001-01-9,2.0674,5.0,DMSO,K38627885,BRD-K38627885-001-01-9,APY0201,phosphoinositide dependent kinase inhibitor,BR00122249,G18,9,1997,1997,1997,1997,9.999000099990002e-05,1.0
162,S-C-7314-04-CMP-001,trt,BRD-A12994259-001-11-9,1.3662,5.0,DMSO,A12994259,BRD-A12994259-001-02-1,pomalidomide,tumor necrosis factor production inhibitor,BR00122249,G19,9,3640,3640,3640,3640,0.267973202679732,0.020164922796501745
163,S-C-7314-04-CMP-001,trt,BRD-K87632963-001-05-9,2.0918,5.0,DMSO,K87632963,BRD-K87632963-001-05-9,GNF-5,Bcr-Abl kinase inhibitor,BR00122249,G20,9,3972,3972,3972,3972,0.00019998000199980003,0.4713615023474178
164,S-C-7314-04-CMP-001,trt,BRD-K49669041-001-10-9,2.3568,5.0,DMSO,K49669041,BRD-K49669041-001-08-4,BX-912,pyruvate dehydrogenase kinase inhibitor,BR00122249,G21,9,1460,1460,1460,1460,9.999000099990002e-05,0.8666666666666667
165,S-C-7314-04-CMP-001,trt,BRD-A22769835-300-05-7,1.9389,5.0,DMSO,A22769835,BRD-A22769835-300-05-7,homochlorcyclizine,antihistamine,BR00122249,G22,9,3979,3979,3979,3979,0.0370962903709629,0.08416538658474142
166,S-C-7314-04-CMP-001,trt,BRD-K86118762-001-05-9,2.1075,5.0,DMSO,K86118762,BRD-K86118762-001-08-9,linsitinib,IGF-1 inhibitor,BR00122249,G23,9,3129,3129,3129,3129,9.999000099990002e-05,1.0
167,S-C-7314-04-CMP-001,trt,BRD-K39520573-001-01-2,2.6047,5.0,DMSO,K39520573,BRD-K39520573-001-03-8,GW-5074,RAF inhibitor,BR00122249,G24,9,3822,3822,3822,3822,0.46655334466553344,0.013393832143832142
168,S-C-7314-04-CMP-001,trt,BRD-K50055394-001-04-9,2.0844,5.0,DMSO,K50055394,BRD-K50055394-001-03-6,halopemide,phospholipase inhibitor,BR00122249,H01,9,3769,3769,3769,3769,0.007999200079992,0.24763729246487867
169,S-C-7314-04-CMP-001,trt,BRD-K25433859-003-03-1,1.5693,5.0,DMSO,K25433859,BRD-K25433859-003-23-9,maprotiline,tricyclic antidepressant,BR00122249,H02,9,3659,3659,3659,3659,9.999000099990002e-05,0.6
170,S-C-7314-04-CMP-001,trt,BRD-K53972329-001-12-9,1.5318,5.0,DMSO,K53972329,BRD-K53972329-001-07-0,ruxolitinib,JAK inhibitor,BR00122249,H03,9,3874,3874,3874,3874,0.0020997900209979003,0.35575524176294393
171,S-C-7314-04-CMP-001,trt,BRD-K91900765-001-09-9,2.1813,5.0,DMSO,K91900765,BRD-K91900765-001-08-4,VX-745,p38 MAPK inhibitor,BR00122249,H04,9,3871,3871,3871,3871,0.10638936106389361,0.03924874494646586
172,S-C-7314-04-CMP-001,trt,BRD-K39974922-001-05-9,2.1343,5.0,DMSO,K39974922,BRD-K39974922-001-04-3,lenvatinib,FGFR inhibitor,BR00122249,H05,9,3215,3215,3215,3215,9.999000099990002e-05,0.6805555555555555
173,S-C-7314-04-CMP-001,negcon,,,,DMSO,,,,,BR00122249,H06,9,3892,3892,3892,3892,,
174,S-C-7314-04-CMP-001,trt,BRD-K39520573-001-01-2,2.6047,5.0,DMSO,K39520573,BRD-K39520573-001-03-8,GW-5074,RAF inhibitor,BR00122249,H07,9,4024,4024,4024,4024,0.1987801219878012,0.02523777008242696
175,S-C-7314-04-CMP-001,trt,BRD-K73397362-001-09-9,2.6031,5.0,DMSO,K73397362,BRD-K73397362-001-06-6,purmorphamine,smoothened receptor agonist,BR00122249,H08,9,3719,3719,3719,3719,9.999000099990002e-05,0.5768321513002364
176,S-C-7314-04-CMP-001,trt,BRD-K45909031-001-03-9,2.4849,5.0,DMSO,K45909031,BRD-K45909031-001-01-5,WZ4003,AMPK inhibitor,BR00122249,H09,9,3480,3480,3480,3480,9.999000099990002e-05,1.0
177,S-C-7314-04-CMP-001,trt,BRD-K53972329-001-12-9,1.5318,5.0,DMSO,K53972329,BRD-K53972329-001-07-0,ruxolitinib,JAK inhibitor,BR00122249,H10,9,3894,3894,3894,3894,0.130986901309869,0.03430458430458431
178,S-C-7314-04-CMP-001,trt,BRD-K70446295-001-04-9,1.9172,5.0,DMSO,K70446295,BRD-K70446295-001-01-7,EPZ015666,protein arginine N-methyltransferase inhibitor,BR00122249,H11,9,3684,3684,3684,3684,9.999000099990002e-05,0.563131313131313
179,S-C-7314-04-CMP-001,trt,BRD-K16189898-001-26-9,2.3267,5.0,DMSO,K16189898,BRD-K16189898-003-03-3,CHIR-99021,glycogen synthase kinase inhibitor,BR00122249,H12,9,3476,3476,3476,3476,9.999000099990002e-05,0.682051282051282
180,S-C-7314-04-CMP-001,trt,BRD-K16803204-001-02-9,2.1275,5.0,DMSO,K16803204,BRD-K16803204-001-01-6,filgotinib,JAK inhibitor,BR00122249,H13,9,3583,3583,3583,3583,0.09529047095290472,0.042547766509569755
181,S-C-7314-04-CMP-001,trt,BRD-K06182768-001-02-3,1.6472,5.0,DMSO,K06182768,BRD-K06182768-001-06-4,A-366,histone lysine methyltransferase inhibitor,BR00122249,H14,9,3769,3769,3769,3769,0.021497850214978503,0.12124887690925427
182,S-C-7314-04-CMP-001,trt,BRD-K99092662-001-02-9,1.5286,5.0,DMSO,K99092662,BRD-K99092662-001-01-1,PS178990,androgen receptor modulator,BR00122249,H15,9,4041,4041,4041,4041,0.3421657834216578,0.016681286549707602
183,S-C-7314-04-CMP-001,trt,BRD-K87632963-001-05-9,2.0918,5.0,DMSO,K87632963,BRD-K87632963-001-05-9,GNF-5,Bcr-Abl kinase inhibitor,BR00122249,H16,9,3883,3883,3883,3883,0.00039996000399960006,0.4051546391752577
184,S-C-7314-04-CMP-001,trt,BRD-K86118762-001-05-9,2.1075,5.0,DMSO,K86118762,BRD-K86118762-001-08-9,linsitinib,IGF-1 inhibitor,BR00122249,H17,9,2901,2901,2901,2901,9.999000099990002e-05,1.0
185,S-C-7314-04-CMP-001,trt,BRD-K13094524-001-10-9,1.7369,5.0,DMSO,K13094524,BRD-K13094524-001-04-2,PFI-1,bromodomain inhibitor,BR00122249,H18,9,3956,3956,3956,3956,9.999000099990002e-05,0.7916666666666666
186,S-C-7314-04-CMP-001,trt,BRD-K04923131-001-17-9,1.7809,5.0,DMSO,K04923131,BRD-K04923131-001-15-4,GSK-3-inhibitor-IX,glycogen synthase kinase inhibitor,BR00122249,H19,9,1599,1599,1599,1599,9.999000099990002e-05,1.0
187,S-C-7314-04-CMP-001,trt,BRD-K86118762-001-05-9,2.1075,5.0,DMSO,K86118762,BRD-K86118762-001-08-9,linsitinib,IGF-1 inhibitor,BR00122249,H20,9,3030,3030,3030,3030,9.999000099990002e-05,1.0
188,S-C-7314-04-CMP-001,trt,BRD-K72898849-001-03-9,2.5469,5.0,DMSO,K72898849,BRD-K72898849-001-01-8,BLU9931,FGFR inhibitor,BR00122249,H21,9,2480,2480,2480,2480,0.0010998900109989002,0.36433836433836436
189,S-C-7314-04-CMP-001,trt,BRD-K16803204-001-02-9,2.1275,5.0,DMSO,K16803204,BRD-K16803204-001-01-6,filgotinib,JAK inhibitor,BR00122249,H22,9,4022,4022,4022,4022,0.028497150284971504,0.1007236227824463
190,S-C-7314-04-CMP-001,trt,BRD-K83192048-050-01-9,2.0425,5.0,DMSO,K83192048,BRD-K83192048-050-03-5,dimethindene-(S)-(+),acetylcholine receptor antagonist,BR00122249,H23,9,3999,3999,3999,3999,0.036196380361963806,0.08678809774700186
191,S-C-7314-04-CMP-001,trt,BRD-K03063480-001-08-9,2.0974,5.0,DMSO,K03063480,BRD-K03063480-001-06-6,PF-477736,CHK inhibitor,BR00122249,H24,9,336,336,336,336,9.999000099990002e-05,1.0
192,S-C-7314-04-CMP-001,trt,BRD-K99092662-001-02-9,1.5286,5.0,DMSO,K99092662,BRD-K99092662-001-01-1,PS178990,androgen receptor modulator,BR00122249,I01,9,3721,3721,3721,3721,0.8003199680031997,0.008579094742949293
193,S-C-7314-04-CMP-001,trt,BRD-K33818169-003-04-6,3.0926,5.0,DMSO,K33818169,BRD-K33818169-003-04-6,GW-3965,LXR agonist,BR00122249,I02,9,3966,3966,3966,3966,0.0029997000299970002,0.3489430024083489
194,S-C-7314-04-CMP-001,trt,BRD-K20290250-001-03-9,2.0624,5.0,DMSO,K20290250,BRD-K20290250-001-02-1,BIX-02188,MEK inhibitor,BR00122249,I03,9,3933,3933,3933,3933,0.0010998900109989002,0.3655555555555556
195,S-C-7314-04-CMP-001,trt,BRD-K53972329-001-12-9,1.5318,5.0,DMSO,K53972329,BRD-K53972329-001-07-0,ruxolitinib,JAK inhibitor,BR00122249,I04,9,3894,3894,3894,3894,0.0016998300169983002,0.3580173186025679
196,S-C-7314-04-CMP-001,trt,BRD-K70642949-001-06-9,2.313,5.0,DMSO,K70642949,BRD-K70642949-001-04-5,GSK2334470,phosphoinositide dependent kinase inhibitor,BR00122249,I05,9,2909,2909,2909,2909,9.999000099990002e-05,1.0
197,S-C-7314-04-CMP-001,trt,BRD-K19871656-001-01-3,1.8291,5.0,DMSO,K19871656,BRD-K19871656-001-01-3,CPI-0610,bromodomain inhibitor,BR00122249,I06,9,3078,3078,3078,3078,9.999000099990002e-05,0.8666666666666667
198,S-C-7314-04-CMP-001,trt,BRD-K12511835-003-03-9,1.6309,5.0,DMSO,K12511835,BRD-K12511835-003-01-2,BMS-863233,CDC inhibitor,BR00122249,I07,9,3242,3242,3242,3242,0.0021997800219978004,0.3535768645357687
199,S-C-7314-04-CMP-001,trt,BRD-K69023402-001-03-3,0.2167,0.333,DMSO,K69023402,BRD-K69023402-001-07-4,Thapsigargin,ER stressor (SERCA inhibitor),BR00122249,I08,9,296,296,296,296,9.999000099990002e-05,1.0
200,S-C-7314-04-CMP-001,trt,BRD-K57080016-001-19-1,2.2884,5.0,DMSO,K57080016,BRD-K57080016-001-01-9,selumetinib,MEK inhibitor,BR00122249,I09,9,3685,3685,3685,3685,0.0012998700129987,0.3627514600908501
201,S-C-7314-04-CMP-001,trt,BRD-K02965346-001-01-8,2.8404,5.0,DMSO,K02965346,BRD-K02965346-001-07-5,SU-11274,hepatocyte growth factor receptor inhibitor,BR00122249,I10,9,1936,1936,1936,1936,9.999000099990002e-05,1.0
202,S-C-7314-04-CMP-001,trt,BRD-K13606314-001-02-9,1.7411,5.0,DMSO,K13606314,BRD-K13606314-001-01-3,P5091,ubiquitin specific protease inhibitor,BR00122249,I11,9,3993,3993,3993,3993,0.7493250674932507,0.009129477404120642
203,S-C-7314-04-CMP-001,trt,BRD-K67578145-001-13-9,1.6719,5.0,DMSO,K67578145,BRD-K67578145-001-09-7,GDC-0879,RAF inhibitor,BR00122249,I12,9,4267,4267,4267,4267,0.10748925107489252,0.03902745819911029
204,S-C-7314-04-CMP-001,trt,BRD-K66430217-001-05-9,1.6909,5.0,DMSO,K66430217,BRD-K66430217-001-03-8,KH-CB19,CDC inhibitor,BR00122249,I13,9,3856,3856,3856,3856,0.000999900009999,0.37657784011220197
205,S-C-7314-04-CMP-001,trt,BRD-K53665955-001-05-9,2.3097,5.0,DMSO,K53665955,BRD-K53665955-001-03-0,MK-5108,Aurora kinase inhibitor,BR00122249,I14,9,2653,2653,2653,2653,0.037396260373962605,0.08327084114485689
206,S-C-7314-04-CMP-001,trt,BRD-K39974922-001-05-9,2.1343,5.0,DMSO,K39974922,BRD-K39974922-001-04-3,lenvatinib,FGFR inhibitor,BR00122249,I15,9,3257,3257,3257,3257,0.0004999500049995,0.3972922502334267
207,S-C-7314-04-CMP-001,trt,BRD-K85776940-001-01-9,1.983,5.0,DMSO,K85776940,BRD-K85776940-001-01-9,delta-Tocotrienol,HMGCR inhibitor,BR00122249,I16,9,3989,3989,3989,3989,9.999000099990002e-05,0.5416666666666666
208,S-C-7314-04-CMP-001,trt,BRD-K37379014-001-02-0,2.1024,5.0,DMSO,K37379014,BRD-K37379014-001-01-2,filanesib,kinesin inhibitor,BR00122249,I17,9,615,615,615,615,9.999000099990002e-05,1.0
209,S-C-7314-04-CMP-001,trt,BRD-K83192048-050-01-9,2.0425,5.0,DMSO,K83192048,BRD-K83192048-050-03-5,dimethindene-(S)-(+),acetylcholine receptor antagonist,BR00122249,I18,9,3948,3948,3948,3948,0.025697430256974303,0.11133060189249828
210,S-C-7314-04-CMP-001,negcon,,,,DMSO,,,,,BR00122249,I19,9,3920,3920,3920,3920,,
211,S-C-7314-04-CMP-001,trt,BRD-K82941592-238-06-9,2.6182,5.0,DMSO,K82941592,BRD-K82941592-238-03-7,rosuvastatin,HMGCR inhibitor,BR00122249,I20,9,3911,3911,3911,3911,0.38366163383661633,0.015352096650903257
212,S-C-7314-04-CMP-001,trt,BRD-K54955827-001-03-9,1.6019,5.0,DMSO,K54955827,BRD-K54955827-001-02-2,niraparib,PARP inhibitor,BR00122249,I21,9,2413,2413,2413,2413,9.999000099990002e-05,0.5799457994579945
213,S-C-7314-04-CMP-001,trt,BRD-K66401437-001-03-3,2.8303,5.0,DMSO,K66401437,BRD-K66401437-001-03-3,THZ1,CDK inhibitor,BR00122249,I22,9,355,355,355,355,9.999000099990002e-05,0.712121212121212
214,S-C-7314-04-CMP-001,trt,BRD-K45909031-001-03-9,2.4849,5.0,DMSO,K45909031,BRD-K45909031-001-01-5,WZ4003,AMPK inhibitor,BR00122249,I23,9,3149,3149,3149,3149,9.999000099990002e-05,1.0
215,S-C-7314-04-CMP-001,trt,BRD-K93942811-001-03-9,1.9224,5.0,DMSO,K93942811,BRD-K93942811-001-01-3,ML-323,ubiquitin specific protease inhibitor,BR00122249,I24,9,3641,3641,3641,3641,0.16418358164183583,0.028930445597112265
216,S-C-7314-04-CMP-001,negcon,,,,DMSO,,,,,BR00122249,J01,9,3734,3734,3734,3734,,
217,S-C-7314-04-CMP-001,trt,BRD-K69023402-001-03-3,0.2167,0.333,DMSO,K69023402,BRD-K69023402-001-07-4,Thapsigargin,ER stressor (SERCA inhibitor),BR00122249,J02,9,458,458,458,458,9.999000099990002e-05,0.8333333333333334
218,S-C-7314-04-CMP-001,trt,BRD-K12511835-003-03-9,1.6309,5.0,DMSO,K12511835,BRD-K12511835-003-01-2,BMS-863233,CDC inhibitor,BR00122249,J03,9,3191,3191,3191,3191,0.0010998900109989002,0.3666666666666667
219,S-C-7314-04-CMP-001,trt,BRD-K06883221-001-02-9,2.0725,5.0,DMSO,K06883221,BRD-K06883221-001-01-9,apratastat,tumor necrosis factor production inhibitor,BR00122249,J04,9,4359,4359,4359,4359,0.1260873912608739,0.035336963843317235
220,S-C-7314-04-CMP-001,trt,BRD-K12737986-001-01-4,1.2215,5.0,DMSO,K12737986,BRD-K12737986-001-01-4,veliparib,PARP inhibitor,BR00122249,J05,9,3799,3799,3799,3799,0.0917908209179082,0.043892180528125234
221,S-C-7314-04-CMP-001,trt,BRD-K19477839-001-10-9,1.797,5.0,DMSO,K19477839,BRD-K19477839-001-07-6,SGX523,hepatocyte growth factor receptor inhibitor,BR00122249,J06,9,3838,3838,3838,3838,0.16328367163283672,0.029085377869740858
222,S-C-7314-04-CMP-001,trt,BRD-A12994259-001-11-9,1.3662,5.0,DMSO,A12994259,BRD-A12994259-001-02-1,pomalidomide,tumor necrosis factor production inhibitor,BR00122249,J07,9,3932,3932,3932,3932,0.009099090090990901,0.19072757308051425
223,S-C-7314-04-CMP-001,trt,BRD-K60130390-001-02-1,2.7335,5.0,DMSO,K60130390,BRD-K60130390-001-02-1,UNC0642,histone lysine methyltransferase inhibitor,BR00122249,J08,9,3579,3579,3579,3579,9.999000099990002e-05,0.7777777777777777
224,S-C-7314-04-CMP-001,trt,BRD-K98203492-001-06-9,2.0875,5.0,DMSO,K98203492,BRD-K98203492-003-04-1,GSK-J4,histone lysine demethylase inhibitor,BR00122249,J09,9,1440,1440,1440,1440,9.999000099990002e-05,1.0
225,S-C-7314-04-CMP-001,trt,BRD-K83192048-050-01-9,2.0425,5.0,DMSO,K83192048,BRD-K83192048-050-03-5,dimethindene-(S)-(+),acetylcholine receptor antagonist,BR00122249,J10,9,3823,3823,3823,3823,0.18898110188981102,0.02611040158932879
226,S-C-7314-04-CMP-001,trt,BRD-K36234266-001-10-6,1.0702,5.0,DMSO,K36234266,BRD-K36234266-001-09-8,carmustine,DNA inhibitor,BR00122249,J11,9,3832,3832,3832,3832,0.013798620137986202,0.17627007538511963
227,S-C-7314-04-CMP-001,trt,BRD-K57080016-001-19-1,2.2884,5.0,DMSO,K57080016,BRD-K57080016-001-01-9,selumetinib,MEK inhibitor,BR00122249,J12,9,3514,3514,3514,3514,0.25377462253774624,0.021032897919690374
228,S-C-7314-04-CMP-001,trt,BRD-K93942811-001-03-9,1.9224,5.0,DMSO,K93942811,BRD-K93942811-001-01-3,ML-323,ubiquitin specific protease inhibitor,BR00122249,J13,9,3389,3389,3389,3389,0.00029997000299970003,0.42701525054466233
229,S-C-7314-04-CMP-001,negcon,,,,DMSO,,,,,BR00122249,J14,9,3654,3654,3654,3654,,
230,S-C-7314-04-CMP-001,trt,BRD-K67772619-001-06-9,1.4213,5.0,DMSO,K67772619,BRD-K67772619-001-05-1,rheochrysidin,protein tyrosine kinase inhibitor,BR00122249,J15,9,3416,3416,3416,3416,0.0007999200079992001,0.38345959595959594
231,S-C-7314-04-CMP-001,trt,BRD-K25611237-001-09-9,1.7471,5.0,DMSO,K25611237,BRD-K25611237-001-02-1,ML324,histone lysine demethylase inhibitor,BR00122249,J16,9,3468,3468,3468,3468,9.999000099990002e-05,0.563189143341815
232,S-C-7314-04-CMP-001,trt,BRD-K33818169-003-04-6,3.0926,5.0,DMSO,K33818169,BRD-K33818169-003-04-6,GW-3965,LXR agonist,BR00122249,J17,9,3915,3915,3915,3915,0.28287171282871715,0.019328522369399737
233,S-C-7314-04-CMP-001,trt,BRD-A53576514-048-02-8,2.3075,5.0,DMSO,A53576514,BRD-A53576514-048-14-3,orphenadrine,acetylcholine receptor antagonist,BR00122249,J18,9,3659,3659,3659,3659,0.17248275172482752,0.02788750417269389
234,S-C-7314-04-CMP-001,trt,BRD-K25433859-003-03-1,1.5693,5.0,DMSO,K25433859,BRD-K25433859-003-23-9,maprotiline,tricyclic antidepressant,BR00122249,J19,9,3660,3660,3660,3660,0.00039996000399960006,0.4171952078928823
235,S-C-7314-04-CMP-001,trt,BRD-K76908866-001-08-9,2.3477,5.0,DMSO,K76908866,BRD-K76908866-001-07-6,CP-724714,EGFR inhibitor,BR00122249,J20,9,3726,3726,3726,3726,9.999000099990002e-05,0.673758865248227
236,S-C-7314-04-CMP-001,trt,BRD-K54955827-001-03-9,1.6019,5.0,DMSO,K54955827,BRD-K54955827-001-02-2,niraparib,PARP inhibitor,BR00122249,J21,9,2204,2204,2204,2204,9.999000099990002e-05,0.5925925925925926
237,S-C-7314-04-CMP-001,trt,BRD-K72951360-001-02-9,3.6182,5.0,DMSO,K72951360,BRD-K72951360-001-01-4,valrubicin,DNA inhibitor,BR00122249,J22,9,517,517,517,517,9.999000099990002e-05,0.6969696969696969
238,S-C-7314-04-CMP-001,trt,BRD-K38627885-001-01-9,2.0674,5.0,DMSO,K38627885,BRD-K38627885-001-01-9,APY0201,phosphoinositide dependent kinase inhibitor,BR00122249,J23,9,2225,2225,2225,2225,9.999000099990002e-05,1.0
239,S-C-7314-04-CMP-001,trt,BRD-K61688984-001-04-5,1.812,5.0,DMSO,K61688984,BRD-K61688984-001-02-9,RGFP966,HDAC inhibitor,BR00122249,J24,9,2744,2744,2744,2744,9.999000099990002e-05,0.6388888888888888
240,S-C-7314-04-CMP-001,trt,BRD-K64881305-001-07-9,2.5853,5.0,DMSO,K64881305,BRD-K64881305-001-05-2,ispinesib,kinesin inhibitor,BR00122249,K01,9,717,717,717,717,9.999000099990002e-05,1.0
241,S-C-7314-04-CMP-001,trt,BRD-K83607951-001-04-9,2.1271,5.0,DMSO,K83607951,BRD-K83607951-001-02-2,skepinone-l,p38 MAPK inhibitor,BR00122249,K02,9,3188,3188,3188,3188,0.8152184781521847,0.008423115599068666
242,S-C-7314-04-CMP-001,trt,BRD-K97452254-001-02-9,2.3578,5.0,DMSO,K97452254,BRD-K97452254-001-01-3,AMG-925,CDK inhibitor,BR00122249,K03,9,2193,2193,2193,2193,9.999000099990002e-05,0.5777777777777778
243,S-C-7314-04-CMP-001,negcon,,,,DMSO,,,,,BR00122249,K04,9,3985,3985,3985,3985,,
244,S-C-7314-04-CMP-001,trt,BRD-K82164249-001-03-5,2.2068,5.0,DMSO,K82164249,BRD-K82164249-001-03-5,andarine,androgen receptor modulator,BR00122249,K05,9,3763,3763,3763,3763,0.047495250474952504,0.07062937062937064
245,S-C-7314-04-CMP-001,trt,BRD-K54955827-001-03-9,1.6019,5.0,DMSO,K54955827,BRD-K54955827-001-02-2,niraparib,PARP inhibitor,BR00122249,K06,9,2146,2146,2146,2146,9.999000099990002e-05,0.8666666666666667
246,S-C-7314-04-CMP-001,trt,BRD-K99113996-001-02-0,2.3127,5.0,DMSO,K99113996,BRD-K99113996-001-02-0,AZD2014,mTOR inhibitor,BR00122249,K07,9,1374,1374,1374,1374,9.999000099990002e-05,1.0
247,S-C-7314-04-CMP-001,negcon,,,,DMSO,,,,,BR00122249,K09,9,3723,3723,3723,3723,,
248,S-C-7314-04-CMP-001,trt,BRD-K91900765-001-09-9,2.1813,5.0,DMSO,K91900765,BRD-K91900765-001-08-4,VX-745,p38 MAPK inhibitor,BR00122249,K08,9,3631,3631,3631,3631,0.0183981601839816,0.14244663382594416
249,S-C-7314-04-CMP-001,trt,BRD-K32730239-001-03-9,1.3065,5.0,DMSO,K32730239,BRD-K32730239-001-01-0,SU3327,JNK inhibitor,BR00122249,K10,9,3733,3733,3733,3733,0.22247775222477753,0.023199389866056533
250,S-C-7314-04-CMP-001,trt,BRD-K63631219-001-01-6,1.1784,5.0,DMSO,K63631219,BRD-K63631219-001-01-6,quazinone,phosphodiesterase inhibitor,BR00122249,K11,9,3735,3735,3735,3735,0.11798820117988201,0.036904200094384144
251,S-C-7314-04-CMP-001,trt,BRD-K73397362-001-09-9,2.6031,5.0,DMSO,K73397362,BRD-K73397362-001-06-6,purmorphamine,smoothened receptor agonist,BR00122249,K12,9,3699,3699,3699,3699,9.999000099990002e-05,0.5192307692307693
252,S-C-7314-04-CMP-001,trt,BRD-K88677950-001-04-9,2.3812,5.0,DMSO,K88677950,BRD-K88677950-001-03-9,PD-198306,MAP kinase inhibitor,BR00122249,K13,9,3125,3125,3125,3125,0.0030996900309969004,0.34846033773236845
253,S-C-7314-04-CMP-001,trt,BRD-K24600306-003-02-9,2.3445,5.0,DMSO,K24600306,BRD-K24600306-003-02-9,ML-298,phospholipase inhibitor,BR00122249,K14,9,3607,3607,3607,3607,0.0082991700829917,0.23202614379084965
254,S-C-7314-04-CMP-001,trt,BRD-K01826510-001-09-9,1.8745,5.0,DMSO,K01826510,BRD-K01826510-300-06-9,hydroxyzine,antihistamine,BR00122249,K15,9,3878,3878,3878,3878,0.00019998000199980003,0.43644544431946003
255,S-C-7314-04-CMP-001,trt,BRD-K25611237-001-09-9,1.7471,5.0,DMSO,K25611237,BRD-K25611237-001-02-1,ML324,histone lysine demethylase inhibitor,BR00122249,K16,9,3212,3212,3212,3212,9.999000099990002e-05,0.5645645645645645
256,S-C-7314-04-CMP-001,trt,BRD-K66401437-001-03-3,2.8303,5.0,DMSO,K66401437,BRD-K66401437-001-03-3,THZ1,CDK inhibitor,BR00122249,K17,9,319,319,319,319,9.999000099990002e-05,0.7254901960784315
257,S-C-7314-04-CMP-001,trt,BRD-K30707190-001-06-9,1.6017,5.0,DMSO,K30707190,BRD-K30707190-001-04-1,PNU-74654,beta-catenin inhibitor,BR00122249,K18,9,3766,3766,3766,3766,0.051594840515948405,0.06498660070088641
258,S-C-7314-04-CMP-001,trt,BRD-K04923131-001-17-9,1.7809,5.0,DMSO,K04923131,BRD-K04923131-001-15-4,GSK-3-inhibitor-IX,glycogen synthase kinase inhibitor,BR00122249,K19,9,1624,1624,1624,1624,9.999000099990002e-05,1.0
259,S-C-7314-04-CMP-001,trt,BRD-K84937637-001-21-9,4.5709,5.0,DMSO,K84937637,BRD-K84937637-001-11-5,sirolimus,mTOR inhibitor,BR00122249,K20,9,2583,2583,2583,2583,9.999000099990002e-05,1.0
260,S-C-7314-04-CMP-001,trt,BRD-K50055394-001-04-9,2.0844,5.0,DMSO,K50055394,BRD-K50055394-001-03-6,halopemide,phospholipase inhibitor,BR00122249,K21,9,3929,3929,3929,3929,0.3204679532046795,0.01758001470645149
261,S-C-7314-04-CMP-001,trt,BRD-K03063480-001-08-9,2.0974,5.0,DMSO,K03063480,BRD-K03063480-001-06-6,PF-477736,CHK inhibitor,BR00122249,K22,9,406,406,406,406,9.999000099990002e-05,1.0
262,S-C-7314-04-CMP-001,trt,BRD-K16803204-001-02-9,2.1275,5.0,DMSO,K16803204,BRD-K16803204-001-01-6,filgotinib,JAK inhibitor,BR00122249,K23,9,4017,4017,4017,4017,0.029397060293970604,0.09776334776334776
263,S-C-7314-04-CMP-001,trt,BRD-K23383398-001-08-1,2.4067,5.0,DMSO,K23383398,BRD-K23383398-001-09-9,T-0901317,LXR agonist,BR00122249,K24,9,3302,3302,3302,3302,9.999000099990002e-05,0.8055555555555555
264,S-C-7314-04-CMP-001,trt,BRD-K73397362-001-09-9,2.6031,5.0,DMSO,K73397362,BRD-K73397362-001-06-6,purmorphamine,smoothened receptor agonist,BR00122249,L01,9,3614,3614,3614,3614,0.047995200479952004,0.07015250544662309
265,S-C-7314-04-CMP-001,trt,BRD-K39520573-001-01-2,2.6047,5.0,DMSO,K39520573,BRD-K39520573-001-03-8,GW-5074,RAF inhibitor,BR00122249,L02,9,3828,3828,3828,3828,0.3304669533046695,0.01711423367161072
266,S-C-7314-04-CMP-001,trt,BRD-K60130390-001-02-1,2.7335,5.0,DMSO,K60130390,BRD-K60130390-001-02-1,UNC0642,histone lysine methyltransferase inhibitor,BR00122249,L03,9,3500,3500,3500,3500,0.0007999200079992001,0.3833333333333333
267,S-C-7314-04-CMP-001,trt,BRD-K86718786-001-03-9,1.4917,5.0,DMSO,K86718786,BRD-K86718786-001-03-9,SGC-707,protein arginine N-methyltransferase inhibitor,BR00122249,L04,9,3784,3784,3784,3784,0.040995900409959006,0.07633925844481095
268,S-C-7314-04-CMP-001,trt,BRD-K97452254-001-02-9,2.3578,5.0,DMSO,K97452254,BRD-K97452254-001-01-3,AMG-925,CDK inhibitor,BR00122249,L05,9,2298,2298,2298,2298,9.999000099990002e-05,0.7222222222222222
269,S-C-7314-04-CMP-001,trt,BRD-K70578146-001-13-9,0.16697,0.133,DMSO,K70578146,BRD-K70578146-001-09-1,DACTINOMYCIN,Apoptosis inducer (transcription inhibitor),BR00122249,L06,9,543,543,543,543,9.999000099990002e-05,0.8666666666666667
270,S-C-7314-04-CMP-001,negcon,,,,DMSO,,,,,BR00122249,L07,9,4085,4085,4085,4085,,
271,S-C-7314-04-CMP-001,trt,BRD-K32730239-001-03-9,1.3065,5.0,DMSO,K32730239,BRD-K32730239-001-01-0,SU3327,JNK inhibitor,BR00122249,L08,9,3826,3826,3826,3826,0.29747025297470253,0.018645471961890953
272,S-C-7314-04-CMP-001,trt,BRD-K20290250-001-03-9,2.0624,5.0,DMSO,K20290250,BRD-K20290250-001-02-1,BIX-02188,MEK inhibitor,BR00122249,L09,9,3765,3765,3765,3765,0.055194480551944806,0.06298089857411891
273,S-C-7314-04-CMP-001,trt,BRD-K38627885-001-01-9,2.0674,5.0,DMSO,K38627885,BRD-K38627885-001-01-9,APY0201,phosphoinositide dependent kinase inhibitor,BR00122249,L10,9,2291,2291,2291,2291,9.999000099990002e-05,1.0
274,S-C-7314-04-CMP-001,trt,BRD-K24600306-003-02-9,2.3445,5.0,DMSO,K24600306,BRD-K24600306-003-02-9,ML-298,phospholipase inhibitor,BR00122249,L11,9,3778,3778,3778,3778,0.00019998000199980003,0.4477124183006536
275,S-C-7314-04-CMP-001,trt,BRD-K84937637-001-21-9,4.5709,5.0,DMSO,K84937637,BRD-K84937637-001-11-5,sirolimus,mTOR inhibitor,BR00122249,L12,9,2443,2443,2443,2443,9.999000099990002e-05,1.0
276,S-C-7314-04-CMP-001,trt,BRD-K72951360-001-02-9,3.6182,5.0,DMSO,K72951360,BRD-K72951360-001-01-4,valrubicin,DNA inhibitor,BR00122249,L13,9,510,510,510,510,9.999000099990002e-05,0.7142857142857143
277,S-C-7314-04-CMP-001,trt,BRD-K75009076-001-04-9,1.8813,5.0,DMSO,K75009076,BRD-K75009076-001-02-1,SCH-900776,CHK inhibitor,BR00122249,L14,9,686,686,686,686,9.999000099990002e-05,0.7777777777777777
278,S-C-7314-04-CMP-001,trt,BRD-A87435144-001-01-6,2.3944,5.0,DMSO,A87435144,BRD-A87435144-001-01-6,AZD7545,pyruvate dehydrogenase kinase inhibitor,BR00122249,L15,9,3436,3436,3436,3436,0.007999200079992,0.2699047619047619
279,S-C-7314-04-CMP-001,trt,BRD-K56932272-001-02-9,2.4378,5.0,DMSO,K56932272,BRD-K56932272-001-02-9,BMS-566419,inosine monophosphate dehydrogenase inhibitor,BR00122249,L16,9,2454,2454,2454,2454,9.999000099990002e-05,1.0
280,S-C-7314-04-CMP-001,trt,BRD-K85776940-001-01-9,1.983,5.0,DMSO,K85776940,BRD-K85776940-001-01-9,delta-Tocotrienol,HMGCR inhibitor,BR00122249,L17,9,3711,3711,3711,3711,9.999000099990002e-05,0.7291666666666666
281,S-C-7314-04-CMP-001,trt,BRD-K30707190-001-06-9,1.6017,5.0,DMSO,K30707190,BRD-K30707190-001-04-1,PNU-74654,beta-catenin inhibitor,BR00122249,L18,9,3863,3863,3863,3863,0.011998800119988001,0.17832661290322582
282,S-C-7314-04-CMP-001,trt,BRD-K61688984-001-04-5,1.812,5.0,DMSO,K61688984,BRD-K61688984-001-02-9,RGFP966,HDAC inhibitor,BR00122249,L19,9,2607,2607,2607,2607,9.999000099990002e-05,0.8333333333333334
283,S-C-7314-04-CMP-001,trt,BRD-K44227013-001-15-9,2.6628,5.0,DMSO,K44227013,BRD-K44227013-001-08-0,ponatinib,Bcr-Abl kinase inhibitor,BR00122249,L20,9,610,610,610,610,9.999000099990002e-05,1.0
284,S-C-7314-04-CMP-001,trt,BRD-K87632963-001-05-9,2.0918,5.0,DMSO,K87632963,BRD-K87632963-001-05-9,GNF-5,Bcr-Abl kinase inhibitor,BR00122249,L21,9,3731,3731,3731,3731,0.0004999500049995,0.39409722222222227
285,S-C-7314-04-CMP-001,negcon,,,,DMSO,,,,,BR00122249,L22,9,4013,4013,4013,4013,,
286,S-C-7314-04-CMP-001,trt,BRD-K98251413-001-07-9,1.7617,5.0,DMSO,K98251413,BRD-K98251413-001-04-0,IOX2,hypoxia inducible factor inhibitor,BR00122249,L23,9,4254,4254,4254,4254,0.0183981601839816,0.1405597326649958
287,S-C-7314-04-CMP-001,trt,BRD-K83607951-001-04-9,2.1271,5.0,DMSO,K83607951,BRD-K83607951-001-02-2,skepinone-l,p38 MAPK inhibitor,BR00122249,L24,9,3006,3006,3006,3006,0.009099090090990901,0.18910411622276027
288,S-C-7314-04-CMP-001,trt,BRD-K76908866-001-08-9,2.3477,5.0,DMSO,K76908866,BRD-K76908866-001-07-6,CP-724714,EGFR inhibitor,BR00122249,M01,9,3959,3959,3959,3959,0.1964803519648035,0.025470833757507888
289,S-C-7314-04-CMP-001,trt,BRD-K67772619-001-06-9,1.4213,5.0,DMSO,K67772619,BRD-K67772619-001-05-1,rheochrysidin,protein tyrosine kinase inhibitor,BR00122249,M02,9,3931,3931,3931,3931,0.31126887311268875,0.017979835698282303
290,S-C-7314-04-CMP-001,trt,BRD-K99433989-001-02-9,2.4503,5.0,DMSO,K99433989,BRD-K99433989-001-02-9,SAG,smoothened receptor agonist,BR00122249,M03,9,3999,3999,3999,3999,9.999000099990002e-05,1.0
291,S-C-7314-04-CMP-001,trt,BRD-K12511835-003-03-9,1.6309,5.0,DMSO,K12511835,BRD-K12511835-003-01-2,BMS-863233,CDC inhibitor,BR00122249,M04,9,3143,3143,3143,3143,0.0008999100089991,0.38055555555555554
292,S-C-7314-04-CMP-001,trt,BRD-K17953061-001-05-1,0.012596,0.027,DMSO,K17953061,BRD-K17953061-001-14-3,Staurosporine,Apoptosis inducer (ATP-competitive kinase inhibitor),BR00122249,M05,9,1175,1175,1175,1175,0.00039996000399960006,0.40740740740740744
293,S-C-7314-04-CMP-001,trt,BRD-K94455792-001-01-8,2.7432,5.0,DMSO,K94455792,BRD-K94455792-001-01-8,ICG-001,beta-catenin inhibitor,BR00122249,M06,9,2833,2833,2833,2833,0.0010998900109989002,0.367816091954023
294,S-C-7314-04-CMP-001,trt,BRD-K44227013-001-15-9,2.6628,5.0,DMSO,K44227013,BRD-K44227013-001-08-0,ponatinib,Bcr-Abl kinase inhibitor,BR00122249,M07,9,996,996,996,996,9.999000099990002e-05,1.0
295,S-C-7314-04-CMP-001,trt,BRD-K63631219-001-01-6,1.1784,5.0,DMSO,K63631219,BRD-K63631219-001-01-6,quazinone,phosphodiesterase inhibitor,BR00122249,M08,9,4108,4108,4108,4108,0.46285371462853714,0.01346813516326483
296,S-C-7314-04-CMP-001,trt,BRD-K56301217-001-02-5,4.0671,5.0,DMSO,K56301217,BRD-K56301217-001-07-4,ABT-737,BCL inhibitor,BR00122249,M09,9,3111,3111,3111,3111,9.999000099990002e-05,0.6923076923076924
297,S-C-7314-04-CMP-001,trt,BRD-K21728777-001-03-9,2.5179,5.0,DMSO,K21728777,BRD-K21728777-001-02-3,AMG900,Aurora kinase inhibitor,BR00122249,M10,9,1105,1105,1105,1105,9.999000099990002e-05,1.0
298,S-C-7314-04-CMP-001,trt,BRD-K25433859-003-03-1,1.5693,5.0,DMSO,K25433859,BRD-K25433859-003-23-9,maprotiline,tricyclic antidepressant,BR00122249,M11,9,3894,3894,3894,3894,0.018198180181981802,0.1505050505050505
299,S-C-7314-04-CMP-001,trt,BRD-K50055394-001-04-9,2.0844,5.0,DMSO,K50055394,BRD-K50055394-001-03-6,halopemide,phospholipase inhibitor,BR00122249,M12,9,3734,3734,3734,3734,0.0007999200079992001,0.3871951219512195
300,S-C-7314-04-CMP-001,trt,BRD-K67578145-001-13-9,1.6719,5.0,DMSO,K67578145,BRD-K67578145-001-09-7,GDC-0879,RAF inhibitor,BR00122249,M13,9,4513,4513,4513,4513,9.999000099990002e-05,0.5888888888888889
301,S-C-7314-04-CMP-001,trt,BRD-K06883221-001-02-9,2.0725,5.0,DMSO,K06883221,BRD-K06883221-001-01-9,apratastat,tumor necrosis factor production inhibitor,BR00122249,M14,9,3940,3940,3940,3940,0.10788921107889211,0.03894117342044542
302,S-C-7314-04-CMP-001,trt,BRD-K12737986-001-01-4,1.2215,5.0,DMSO,K12737986,BRD-K12737986-001-01-4,veliparib,PARP inhibitor,BR00122249,M15,9,3902,3902,3902,3902,0.0685931406859314,0.0541056166056166
303,S-C-7314-04-CMP-001,negcon,,,,DMSO,,,,,BR00122249,M16,9,3266,3266,3266,3266,,
304,S-C-7314-04-CMP-001,trt,BRD-K83192048-050-01-9,2.0425,5.0,DMSO,K83192048,BRD-K83192048-050-03-5,dimethindene-(S)-(+),acetylcholine receptor antagonist,BR00122249,M17,9,4141,4141,4141,4141,0.13808619138086192,0.033030189554022
305,S-C-7314-04-CMP-001,trt,BRD-K98251413-001-07-9,1.7617,5.0,DMSO,K98251413,BRD-K98251413-001-04-0,IOX2,hypoxia inducible factor inhibitor,BR00122249,M18,9,4274,4274,4274,4274,0.028997100289971003,0.09831154684095861
306,S-C-7314-04-CMP-001,trt,BRD-A53576514-048-02-8,2.3075,5.0,DMSO,A53576514,BRD-A53576514-048-14-3,orphenadrine,acetylcholine receptor antagonist,BR00122249,M19,9,4253,4253,4253,4253,0.3026697330266973,0.01842554699308265
307,S-C-7314-04-CMP-001,trt,BRD-K25433859-003-03-1,1.5693,5.0,DMSO,K25433859,BRD-K25433859-003-23-9,maprotiline,tricyclic antidepressant,BR00122249,M20,9,3980,3980,3980,3980,0.0007999200079992001,0.3821196827685653
308,S-C-7314-04-CMP-001,trt,BRD-K93942811-001-03-9,1.9224,5.0,DMSO,K93942811,BRD-K93942811-001-01-3,ML-323,ubiquitin specific protease inhibitor,BR00122249,M21,9,3509,3509,3509,3509,0.00019998000199980003,0.4394409937888198
309,S-C-7314-04-CMP-001,trt,BRD-K85606544-001-07-5,2.7852,5.0,DMSO,K85606544,BRD-K85606544-001-09-1,neratinib,EGFR inhibitor,BR00122249,M22,9,1658,1658,1658,1658,9.999000099990002e-05,1.0
310,S-C-7314-04-CMP-001,trt,BRD-K70446295-001-04-9,1.9172,5.0,DMSO,K70446295,BRD-K70446295-001-01-7,EPZ015666,protein arginine N-methyltransferase inhibitor,BR00122249,M23,9,3944,3944,3944,3944,0.0010998900109989002,0.36763798951588034
311,S-C-7314-04-CMP-001,trt,BRD-K72898849-001-03-9,2.5469,5.0,DMSO,K72898849,BRD-K72898849-001-01-8,BLU9931,FGFR inhibitor,BR00122249,M24,9,2380,2380,2380,2380,9.999000099990002e-05,0.75
312,S-C-7314-04-CMP-001,trt,BRD-K70578146-001-13-9,0.16697,0.133,DMSO,K70578146,BRD-K70578146-001-09-1,DACTINOMYCIN,Apoptosis inducer (transcription inhibitor),BR00122249,N01,9,514,514,514,514,9.999000099990002e-05,1.0
313,S-C-7314-04-CMP-001,trt,BRD-K12511835-003-03-9,1.6309,5.0,DMSO,K12511835,BRD-K12511835-003-01-2,BMS-863233,CDC inhibitor,BR00122249,N02,9,3196,3196,3196,3196,0.000999900009999,0.3708355136926566
314,S-C-7314-04-CMP-001,trt,BRD-K57080016-001-19-1,2.2884,5.0,DMSO,K57080016,BRD-K57080016-001-01-9,selumetinib,MEK inhibitor,BR00122249,N03,9,3613,3613,3613,3613,0.1957804219578042,0.025541310541310546
315,S-C-7314-04-CMP-001,trt,BRD-K33818169-003-04-6,3.0926,5.0,DMSO,K33818169,BRD-K33818169-003-04-6,GW-3965,LXR agonist,BR00122249,N04,9,3945,3945,3945,3945,0.0029997000299970002,0.34870592322390137
316,S-C-7314-04-CMP-001,trt,BRD-K53665955-001-05-9,2.3097,5.0,DMSO,K53665955,BRD-K53665955-001-03-0,MK-5108,Aurora kinase inhibitor,BR00122249,N05,9,2875,2875,2875,2875,0.18118188181181882,0.026961827410257905
317,S-C-7314-04-CMP-001,trt,BRD-K94455792-001-01-8,2.7432,5.0,DMSO,K94455792,BRD-K94455792-001-01-8,ICG-001,beta-catenin inhibitor,BR00122249,N06,9,2938,2938,2938,2938,0.000999900009999,0.37481884057971016
318,S-C-7314-04-CMP-001,trt,BRD-K30707190-001-06-9,1.6017,5.0,DMSO,K30707190,BRD-K30707190-001-04-1,PNU-74654,beta-catenin inhibitor,BR00122249,N07,9,3580,3580,3580,3580,0.0030996900309969004,0.3482720178372352
319,S-C-7314-04-CMP-001,trt,BRD-K02965346-001-01-8,2.8404,5.0,DMSO,K02965346,BRD-K02965346-001-07-5,SU-11274,hepatocyte growth factor receptor inhibitor,BR00122249,N08,9,1974,1974,1974,1974,9.999000099990002e-05,1.0
320,S-C-7314-04-CMP-001,trt,BRD-K28936863-051-14-0,2.1275,5.0,DMSO,K28936863,BRD-K28936863-051-32-2,ketotifen,phosphodiesterase inhibitor,BR00122249,N09,9,4130,4130,4130,4130,0.038696130386961305,0.07981092981092981
321,S-C-7314-04-CMP-001,trt,BRD-K04923131-001-17-9,1.7809,5.0,DMSO,K04923131,BRD-K04923131-001-15-4,GSK-3-inhibitor-IX,glycogen synthase kinase inhibitor,BR00122249,N10,9,1734,1734,1734,1734,9.999000099990002e-05,1.0
322,S-C-7314-04-CMP-001,trt,BRD-K09372874-001-02-9,2.2623,5.0,DMSO,K09372874,BRD-K09372874-001-01-0,merimepodib,inosine monophosphate dehydrogenase inhibitor,BR00122249,N11,9,1495,1495,1495,1495,9.999000099990002e-05,0.8095238095238094
323,S-C-7314-04-CMP-001,trt,BRD-K97452254-001-02-9,2.3578,5.0,DMSO,K97452254,BRD-K97452254-001-01-3,AMG-925,CDK inhibitor,BR00122249,N12,9,2072,2072,2072,2072,9.999000099990002e-05,0.6666666666666666
324,S-C-7314-04-CMP-001,trt,BRD-K66430217-001-05-9,1.6909,5.0,DMSO,K66430217,BRD-K66430217-001-03-8,KH-CB19,CDC inhibitor,BR00122249,N13,9,4006,4006,4006,4006,0.0084991500849915,0.2033730158730159
325,S-C-7314-04-CMP-001,trt,BRD-M87138257-003-01-1,2.3499,5.0,DMSO,M87138257,BRD-M87138257-003-01-1,acriflavine,hypoxia inducible factor inhibitor,BR00122249,N14,9,345,345,345,345,9.999000099990002e-05,1.0
326,S-C-7314-04-CMP-001,trt,BRD-K01826510-001-09-9,1.8745,5.0,DMSO,K01826510,BRD-K01826510-300-06-9,hydroxyzine,antihistamine,BR00122249,N15,9,3784,3784,3784,3784,0.00039996000399960006,0.41402992396369886
327,S-C-7314-04-CMP-001,trt,BRD-K62391742-001-19-9,4.3422,5.0,DMSO,K62391742,BRD-K62391742-001-03-0,venetoclax,BCL inhibitor,BR00122249,N16,9,3604,3604,3604,3604,9.999000099990002e-05,0.8666666666666667
328,S-C-7314-04-CMP-001,trt,BRD-K82164249-001-03-5,2.2068,5.0,DMSO,K82164249,BRD-K82164249-001-03-5,andarine,androgen receptor modulator,BR00122249,N17,9,4054,4054,4054,4054,0.09199080091990801,0.04373992921182741
329,S-C-7314-04-CMP-001,trt,BRD-K68756823-001-12-9,1.6367,5.0,DMSO,K68756823,BRD-K68756823-001-07-1,FR-180204,MAP kinase inhibitor,BR00122249,N18,9,4284,4284,4284,4284,0.026997300269973004,0.1071351816032667
330,S-C-7314-04-CMP-001,trt,BRD-K06182768-001-02-3,1.6472,5.0,DMSO,K06182768,BRD-K06182768-001-06-4,A-366,histone lysine methyltransferase inhibitor,BR00122249,N19,9,3731,3731,3731,3731,0.0010998900109989002,0.3651629072681704
331,S-C-7314-04-CMP-001,trt,BRD-K67772619-001-06-9,1.4213,5.0,DMSO,K67772619,BRD-K67772619-001-05-1,rheochrysidin,protein tyrosine kinase inhibitor,BR00122249,N20,9,3669,3669,3669,3669,0.0027997200279972004,0.35014464802314366
332,S-C-7314-04-CMP-001,trt,BRD-K88677950-001-04-9,2.3812,5.0,DMSO,K88677950,BRD-K88677950-001-03-9,PD-198306,MAP kinase inhibitor,BR00122249,N21,9,3769,3769,3769,3769,0.050294970502949704,0.06638321995464852
333,S-C-7314-04-CMP-001,trt,BRD-K70446295-001-04-9,1.9172,5.0,DMSO,K70446295,BRD-K70446295-001-01-7,EPZ015666,protein arginine N-methyltransferase inhibitor,BR00122249,N22,9,3722,3722,3722,3722,0.00039996000399960006,0.40561797752808987
334,S-C-7314-04-CMP-001,trt,BRD-K25611237-001-09-9,1.7471,5.0,DMSO,K25611237,BRD-K25611237-001-02-1,ML324,histone lysine demethylase inhibitor,BR00122249,N23,9,3621,3621,3621,3621,9.999000099990002e-05,0.6747967479674797
335,S-C-7314-04-CMP-001,trt,BRD-A87435144-001-01-6,2.3944,5.0,DMSO,A87435144,BRD-A87435144-001-01-6,AZD7545,pyruvate dehydrogenase kinase inhibitor,BR00122249,N24,9,3569,3569,3569,3569,0.0081991800819918,0.2370748299319728
336,S-C-7314-04-CMP-001,negcon,,,,DMSO,,,,,BR00122249,O01,9,3672,3672,3672,3672,,
337,S-C-7314-04-CMP-001,trt,BRD-K70578146-001-13-9,0.16697,0.133,DMSO,K70578146,BRD-K70578146-001-09-1,DACTINOMYCIN,Apoptosis inducer (transcription inhibitor),BR00122249,O02,9,503,503,503,503,9.999000099990002e-05,1.0
338,S-C-7314-04-CMP-001,trt,BRD-K24600306-003-02-9,2.3445,5.0,DMSO,K24600306,BRD-K24600306-003-02-9,ML-298,phospholipase inhibitor,BR00122249,O03,9,3856,3856,3856,3856,0.0761923807619238,0.04972788212650162
339,S-C-7314-04-CMP-001,trt,BRD-A12994259-001-11-9,1.3662,5.0,DMSO,A12994259,BRD-A12994259-001-02-1,pomalidomide,tumor necrosis factor production inhibitor,BR00122249,O04,9,3401,3401,3401,3401,0.16148385161483853,0.029467793935981045
340,S-C-7314-04-CMP-001,trt,BRD-K87632963-001-05-9,2.0918,5.0,DMSO,K87632963,BRD-K87632963-001-05-9,GNF-5,Bcr-Abl kinase inhibitor,BR00122249,O05,9,3492,3492,3492,3492,0.48985101489851013,0.01289352439408973
341,S-C-7314-04-CMP-001,trt,BRD-K64881305-001-07-9,2.5853,5.0,DMSO,K64881305,BRD-K64881305-001-05-2,ispinesib,kinesin inhibitor,BR00122249,O06,9,718,718,718,718,9.999000099990002e-05,1.0
342,S-C-7314-04-CMP-001,trt,BRD-K25611237-001-09-9,1.7471,5.0,DMSO,K25611237,BRD-K25611237-001-02-1,ML324,histone lysine demethylase inhibitor,BR00122249,O07,9,3305,3305,3305,3305,0.23227677232276772,0.022473513416448616
343,S-C-7314-04-CMP-001,trt,BRD-K17953061-001-05-1,0.012596,0.027,DMSO,K17953061,BRD-K17953061-001-14-3,Staurosporine,Apoptosis inducer (ATP-competitive kinase inhibitor),BR00122249,O08,9,992,992,992,992,9.999000099990002e-05,1.0
344,S-C-7314-04-CMP-001,trt,BRD-K30707190-001-06-9,1.6017,5.0,DMSO,K30707190,BRD-K30707190-001-04-1,PNU-74654,beta-catenin inhibitor,BR00122249,O09,9,3693,3693,3693,3693,0.06009399060093991,0.05944024545386515
345,S-C-7314-04-CMP-001,trt,BRD-K70446295-001-04-9,1.9172,5.0,DMSO,K70446295,BRD-K70446295-001-01-7,EPZ015666,protein arginine N-methyltransferase inhibitor,BR00122249,O10,9,3132,3132,3132,3132,0.43745625437456254,0.01401864449483497
346,S-C-7314-04-CMP-001,trt,BRD-K06883221-001-02-9,2.0725,5.0,DMSO,K06883221,BRD-K06883221-001-01-9,apratastat,tumor necrosis factor production inhibitor,BR00122249,O11,9,3475,3475,3475,3475,0.1964803519648035,0.025462514268484417
347,S-C-7314-04-CMP-001,negcon,,,,DMSO,,,,,BR00122249,O12,9,3830,3830,3830,3830,,
348,S-C-7314-04-CMP-001,trt,BRD-A22769835-300-05-7,1.9389,5.0,DMSO,A22769835,BRD-A22769835-300-05-7,homochlorcyclizine,antihistamine,BR00122249,O13,9,3994,3994,3994,3994,0.0362963703629637,0.08605042016806723
349,S-C-7314-04-CMP-001,trt,BRD-K12737986-001-01-4,1.2215,5.0,DMSO,K12737986,BRD-K12737986-001-01-4,veliparib,PARP inhibitor,BR00122249,O14,9,3402,3402,3402,3402,0.0188981101889811,0.13311909630928034
350,S-C-7314-04-CMP-001,trt,BRD-K33818169-003-04-6,3.0926,5.0,DMSO,K33818169,BRD-K33818169-003-04-6,GW-3965,LXR agonist,BR00122249,O15,9,3408,3408,3408,3408,0.1680831916808319,0.028530619944638864
351,S-C-7314-04-CMP-001,trt,BRD-K68756823-001-12-9,1.6367,5.0,DMSO,K68756823,BRD-K68756823-001-07-1,FR-180204,MAP kinase inhibitor,BR00122249,O16,9,3566,3566,3566,3566,0.0188981101889811,0.1331511839708561
352,S-C-7314-04-CMP-001,trt,BRD-K56932272-001-02-9,2.4378,5.0,DMSO,K56932272,BRD-K56932272-001-02-9,BMS-566419,inosine monophosphate dehydrogenase inhibitor,BR00122249,O17,9,2179,2179,2179,2179,9.999000099990002e-05,1.0
353,S-C-7314-04-CMP-001,negcon,,,,DMSO,,,,,BR00122249,O18,9,3863,3863,3863,3863,,
354,S-C-7314-04-CMP-001,trt,BRD-A87435144-001-01-6,2.3944,5.0,DMSO,A87435144,BRD-A87435144-001-01-6,AZD7545,pyruvate dehydrogenase kinase inhibitor,BR00122249,O19,9,3258,3258,3258,3258,0.00029997000299970003,0.4269759450171821
355,S-C-7314-04-CMP-001,trt,BRD-K16803204-001-02-9,2.1275,5.0,DMSO,K16803204,BRD-K16803204-001-01-6,filgotinib,JAK inhibitor,BR00122249,O20,9,3867,3867,3867,3867,0.025397460253974602,0.11587301587301586
356,S-C-7314-04-CMP-001,trt,BRD-K13094524-001-10-9,1.7369,5.0,DMSO,K13094524,BRD-K13094524-001-04-2,PFI-1,bromodomain inhibitor,BR00122249,O21,9,3817,3817,3817,3817,9.999000099990002e-05,0.4777777777777777
357,S-C-7314-04-CMP-001,trt,BRD-K86118762-001-05-9,2.1075,5.0,DMSO,K86118762,BRD-K86118762-001-08-9,linsitinib,IGF-1 inhibitor,BR00122249,O22,9,2974,2974,2974,2974,9.999000099990002e-05,1.0
358,S-C-7314-04-CMP-001,trt,BRD-K73982490-001-04-9,1.8969,5.0,DMSO,K73982490,BRD-K73982490-001-02-9,BI-78D3,JNK inhibitor,BR00122249,O23,9,3776,3776,3776,3776,0.30516948305169483,0.018326446405264138
359,S-C-7314-04-CMP-001,trt,BRD-K99113996-001-02-0,2.3127,5.0,DMSO,K99113996,BRD-K99113996-001-02-0,AZD2014,mTOR inhibitor,BR00122249,O24,9,1314,1314,1314,1314,9.999000099990002e-05,1.0
360,S-C-7314-04-CMP-001,trt,BRD-K32730239-001-03-9,1.3065,5.0,DMSO,K32730239,BRD-K32730239-001-01-0,SU3327,JNK inhibitor,BR00122249,P01,9,3385,3385,3385,3385,0.502049795020498,0.012641852836246246
361,S-C-7314-04-CMP-001,trt,BRD-K54955827-001-03-9,1.6019,5.0,DMSO,K54955827,BRD-K54955827-001-02-2,niraparib,PARP inhibitor,BR00122249,P02,9,1466,1466,1466,1466,0.018098190180981903,0.15555555555555556
362,S-C-7314-04-CMP-001,trt,BRD-K19477839-001-10-9,1.797,5.0,DMSO,K19477839,BRD-K19477839-001-07-6,SGX523,hepatocyte growth factor receptor inhibitor,BR00122249,P03,9,3688,3688,3688,3688,0.11178882111788821,0.038258086101038966
363,S-C-7314-04-CMP-001,trt,BRD-K99433989-001-02-9,2.4503,5.0,DMSO,K99433989,BRD-K99433989-001-02-9,SAG,smoothened receptor agonist,BR00122249,P04,9,3458,3458,3458,3458,9.999000099990002e-05,1.0
364,S-C-7314-04-CMP-001,trt,BRD-K66401437-001-03-3,2.8303,5.0,DMSO,K66401437,BRD-K66401437-001-03-3,THZ1,CDK inhibitor,BR00122249,P05,9,419,419,419,419,9.999000099990002e-05,0.5317460317460317
365,S-C-7314-04-CMP-001,negcon,,,,DMSO,,,,,BR00122249,P06,9,3835,3835,3835,3835,,
366,S-C-7314-04-CMP-001,trt,BRD-K82941592-238-06-9,2.6182,5.0,DMSO,K82941592,BRD-K82941592-238-03-7,rosuvastatin,HMGCR inhibitor,BR00122249,P07,9,3247,3247,3247,3247,0.0403959604039596,0.07679315220298827
367,S-C-7314-04-CMP-001,trt,BRD-K72898849-001-03-9,2.5469,5.0,DMSO,K72898849,BRD-K72898849-001-01-8,BLU9931,FGFR inhibitor,BR00122249,P08,9,2001,2001,2001,2001,0.00019998000199980003,0.4566666666666667
368,S-C-7314-04-CMP-001,trt,BRD-K69023402-001-03-3,0.2167,0.333,DMSO,K69023402,BRD-K69023402-001-07-4,Thapsigargin,ER stressor (SERCA inhibitor),BR00122249,P09,9,312,312,312,312,9.999000099990002e-05,0.8333333333333334
369,S-C-7314-04-CMP-001,trt,BRD-K28936863-051-14-0,2.1275,5.0,DMSO,K28936863,BRD-K28936863-051-32-2,ketotifen,phosphodiesterase inhibitor,BR00122249,P10,9,3468,3468,3468,3468,0.11658834116588342,0.03721996579139436
370,S-C-7314-04-CMP-001,trt,BRD-K70642949-001-06-9,2.313,5.0,DMSO,K70642949,BRD-K70642949-001-04-5,GSK2334470,phosphoinositide dependent kinase inhibitor,BR00122249,P11,9,2482,2482,2482,2482,9.999000099990002e-05,1.0
371,S-C-7314-04-CMP-001,trt,BRD-K85776940-001-01-9,1.983,5.0,DMSO,K85776940,BRD-K85776940-001-01-9,delta-Tocotrienol,HMGCR inhibitor,BR00122249,P12,9,3573,3573,3573,3573,0.0064993500649935,0.34027777777777773
372,S-C-7314-04-CMP-001,trt,BRD-K75009076-001-04-9,1.8813,5.0,DMSO,K75009076,BRD-K75009076-001-02-1,SCH-900776,CHK inhibitor,BR00122249,P13,9,629,629,629,629,9.999000099990002e-05,1.0
373,S-C-7314-04-CMP-001,trt,BRD-K53665955-001-05-9,2.3097,5.0,DMSO,K53665955,BRD-K53665955-001-03-0,MK-5108,Aurora kinase inhibitor,BR00122249,P14,9,2244,2244,2244,2244,0.0091990800919908,0.1870762068616537
374,S-C-7314-04-CMP-001,trt,BRD-K62391742-001-19-9,4.3422,5.0,DMSO,K62391742,BRD-K62391742-001-03-0,venetoclax,BCL inhibitor,BR00122249,P15,9,3116,3116,3116,3116,9.999000099990002e-05,0.8333333333333334
375,S-C-7314-04-CMP-001,trt,BRD-K13606314-001-02-9,1.7411,5.0,DMSO,K13606314,BRD-K13606314-001-01-3,P5091,ubiquitin specific protease inhibitor,BR00122249,P16,9,3276,3276,3276,3276,0.48335166483351666,0.013015667779252818
376,S-C-7314-04-CMP-001,trt,BRD-K17953061-001-05-1,0.012596,0.027,DMSO,K17953061,BRD-K17953061-001-14-3,Staurosporine,Apoptosis inducer (ATP-competitive kinase inhibitor),BR00122249,P17,9,830,830,830,830,9.999000099990002e-05,0.5588235294117647
377,S-C-7314-04-CMP-001,trt,BRD-K21728777-001-03-9,2.5179,5.0,DMSO,K21728777,BRD-K21728777-001-02-3,AMG900,Aurora kinase inhibitor,BR00122249,P18,9,843,843,843,843,9.999000099990002e-05,1.0
378,S-C-7314-04-CMP-001,trt,BRD-K85606544-001-07-5,2.7852,5.0,DMSO,K85606544,BRD-K85606544-001-09-1,neratinib,EGFR inhibitor,BR00122249,P19,9,1472,1472,1472,1472,9.999000099990002e-05,1.0
379,S-C-7314-04-CMP-001,trt,BRD-K63631219-001-01-6,1.1784,5.0,DMSO,K63631219,BRD-K63631219-001-01-6,quazinone,phosphodiesterase inhibitor,BR00122249,P20,9,3445,3445,3445,3445,0.3528647135286471,0.016311402189468308
380,S-C-7314-04-CMP-001,trt,BRD-K13094524-001-10-9,1.7369,5.0,DMSO,K13094524,BRD-K13094524-001-04-2,PFI-1,bromodomain inhibitor,BR00122249,P21,9,3593,3593,3593,3593,9.999000099990002e-05,0.7222222222222222
381,S-C-7314-04-CMP-001,trt,BRD-K82941592-238-06-9,2.6182,5.0,DMSO,K82941592,BRD-K82941592-238-03-7,rosuvastatin,HMGCR inhibitor,BR00122249,P22,9,3752,3752,3752,3752,0.10518948105189481,0.03972135955831608
382,S-C-7314-04-CMP-001,negcon,,,,DMSO,,,,,BR00122249,P23,9,3628,3628,3628,3628,,
383,S-C-7314-04-CMP-001,trt,BRD-K36234266-001-10-6,1.0702,5.0,DMSO,K36234266,BRD-K36234266-001-09-8,carmustine,DNA inhibitor,BR00122249,P24,9,3042,3042,3042,3042,0.47765223477652236,0.013138532075858916
