,Metadata_plate_map_name,Metadata_control_type,Metadata_broad_sample,Metadata_mg_per_ml,Metadata_mmoles_per_liter,Metadata_solvent,Metadata_BRD ID,Metadata_BRD with batch,Metadata_Common Name,Metadata_MoA,Metadata_Plate,Metadata_Well,Metadata_Site_Count,Metadata_Count_Cells,Metadata_Count_Cytoplasm,Metadata_Count_Nuclei,Metadata_Object_Count,p_value,average_precision
0,S-C-7314-04-CMP-001,trt,BRD-K62391742-001-19-9,4.3422,5.0,DMSO,K62391742,BRD-K62391742-001-03-0,venetoclax,BCL inhibitor,BR00122250,A01,9,3121,3121,3121,3121,0.18798120187981202,0.28690476190476194
1,S-C-7314-04-CMP-001,trt,BRD-K19477839-001-10-9,1.797,5.0,DMSO,K19477839,BRD-K19477839-001-07-6,SGX523,hepatocyte growth factor receptor inhibitor,BR00122250,A02,9,3804,3804,3804,3804,0.5917408259174083,0.14484126984126985
2,S-C-7314-04-CMP-001,trt,BRD-K54759182-003-09-8,1.6595,5.0,DMSO,K54759182,BRD-K54759182-003-08-0,dosulepin,tricyclic antidepressant,BR00122250,A03,9,3766,3766,3766,3766,0.44965503449655037,0.17500000000000002
3,S-C-7314-04-CMP-001,trt,BRD-K70642949-001-06-9,2.313,5.0,DMSO,K70642949,BRD-K70642949-001-04-5,GSK2334470,phosphoinositide dependent kinase inhibitor,BR00122250,A04,9,2922,2922,2922,2922,9.999000099990002e-05,1.0
4,S-C-7314-04-CMP-001,trt,BRD-K73397362-001-09-9,2.6031,5.0,DMSO,K73397362,BRD-K73397362-001-06-6,purmorphamine,smoothened receptor agonist,BR00122250,A05,9,3971,3971,3971,3971,0.0415958404159584,0.49523809523809526
5,S-C-7314-04-CMP-001,trt,BRD-K13606314-001-02-9,1.7411,5.0,DMSO,K13606314,BRD-K13606314-001-01-3,P5091,ubiquitin specific protease inhibitor,BR00122250,A06,9,3679,3679,3679,3679,0.020997900209979003,0.5833333333333334
6,S-C-7314-04-CMP-001,trt,BRD-K82941592-238-06-9,2.6182,5.0,DMSO,K82941592,BRD-K82941592-238-03-7,rosuvastatin,HMGCR inhibitor,BR00122250,A07,9,3803,3803,3803,3803,0.0734926507349265,0.44343891402714936
7,S-C-7314-04-CMP-001,trt,BRD-K86718786-001-03-9,1.4917,5.0,DMSO,K86718786,BRD-K86718786-001-03-9,SGC-707,protein arginine N-methyltransferase inhibitor,BR00122250,A08,9,3750,3750,3750,3750,0.8884111588841116,0.10072874493927125
8,S-C-7314-04-CMP-001,trt,BRD-K02965346-001-01-8,2.8404,5.0,DMSO,K02965346,BRD-K02965346-001-07-5,SU-11274,hepatocyte growth factor receptor inhibitor,BR00122250,A09,9,1840,1840,1840,1840,9.999000099990002e-05,1.0
9,S-C-7314-04-CMP-001,trt,BRD-K36234266-001-10-6,1.0702,5.0,DMSO,K36234266,BRD-K36234266-001-09-8,carmustine,DNA inhibitor,BR00122250,A10,9,3559,3559,3559,3559,0.9353064693530647,0.09338913430985042
10,S-C-7314-04-CMP-001,trt,BRD-K72898849-001-03-9,2.5469,5.0,DMSO,K72898849,BRD-K72898849-001-01-8,BLU9931,FGFR inhibitor,BR00122250,A11,9,2287,2287,2287,2287,9.999000099990002e-05,1.0
11,S-C-7314-04-CMP-001,trt,BRD-A87435144-001-01-6,2.3944,5.0,DMSO,A87435144,BRD-A87435144-001-01-6,AZD7545,pyruvate dehydrogenase kinase inhibitor,BR00122250,A12,9,3643,3643,3643,3643,0.0831916808319168,0.43333333333333335
12,S-C-7314-04-CMP-001,trt,BRD-K94455792-001-01-8,2.7432,5.0,DMSO,K94455792,BRD-K94455792-001-01-8,ICG-001,beta-catenin inhibitor,BR00122250,A13,9,2727,2727,2727,2727,9.999000099990002e-05,1.0
13,S-C-7314-04-CMP-001,trt,BRD-K01826510-001-09-9,1.8745,5.0,DMSO,K01826510,BRD-K01826510-300-06-9,hydroxyzine,antihistamine,BR00122250,A14,9,3736,3736,3736,3736,0.1705829417058294,0.3026315789473684
14,S-C-7314-04-CMP-001,trt,BRD-K09372874-001-02-9,2.2623,5.0,DMSO,K09372874,BRD-K09372874-001-01-0,merimepodib,inosine monophosphate dehydrogenase inhibitor,BR00122250,A15,9,1319,1319,1319,1319,9.999000099990002e-05,1.0
15,S-C-7314-04-CMP-001,trt,BRD-K06182768-001-02-3,1.6472,5.0,DMSO,K06182768,BRD-K06182768-001-06-4,A-366,histone lysine methyltransferase inhibitor,BR00122250,A16,9,3495,3495,3495,3495,0.6355364463553644,0.13722222222222222
16,S-C-7314-04-CMP-001,trt,BRD-K53972329-001-12-9,1.5318,5.0,DMSO,K53972329,BRD-K53972329-001-07-0,ruxolitinib,JAK inhibitor,BR00122250,A17,9,3905,3905,3905,3905,0.513948605139486,0.1597222222222222
17,S-C-7314-04-CMP-001,trt,BRD-K49669041-001-10-9,2.3568,5.0,DMSO,K49669041,BRD-K49669041-001-08-4,BX-912,pyruvate dehydrogenase kinase inhibitor,BR00122250,A18,9,1102,1102,1102,1102,9.999000099990002e-05,1.0
18,S-C-7314-04-CMP-001,negcon,,,,DMSO,,,,,BR00122250,A19,9,3770,3770,3770,3770,9.999000099990002e-05,
19,S-C-7314-04-CMP-001,trt,BRD-K45909031-001-03-9,2.4849,5.0,DMSO,K45909031,BRD-K45909031-001-01-5,WZ4003,AMPK inhibitor,BR00122250,A20,9,3162,3162,3162,3162,0.1703829617038296,0.30277777777777776
20,S-C-7314-04-CMP-001,trt,BRD-K38627885-001-01-9,2.0674,5.0,DMSO,K38627885,BRD-K38627885-001-01-9,APY0201,phosphoinositide dependent kinase inhibitor,BR00122250,A21,9,2225,2225,2225,2225,9.999000099990002e-05,1.0
21,S-C-7314-04-CMP-001,trt,BRD-K99092662-001-02-9,1.5286,5.0,DMSO,K99092662,BRD-K99092662-001-01-1,PS178990,androgen receptor modulator,BR00122250,A22,9,4096,4096,4096,4096,0.1116888311168883,0.40740740740740744
22,S-C-7314-04-CMP-001,trt,BRD-K21728777-001-03-9,2.5179,5.0,DMSO,K21728777,BRD-K21728777-001-02-3,AMG900,Aurora kinase inhibitor,BR00122250,A23,9,707,707,707,707,9.999000099990002e-05,1.0
23,S-C-7314-04-CMP-001,trt,BRD-K75009076-001-04-9,1.8813,5.0,DMSO,K75009076,BRD-K75009076-001-02-1,SCH-900776,CHK inhibitor,BR00122250,A24,9,590,590,590,590,9.999000099990002e-05,1.0
24,S-C-7314-04-CMP-001,negcon,,,,DMSO,,,,,BR00122250,B01,9,3965,3965,3965,3965,9.999000099990002e-05,
25,S-C-7314-04-CMP-001,trt,BRD-K67578145-001-13-9,1.6719,5.0,DMSO,K67578145,BRD-K67578145-001-09-7,GDC-0879,RAF inhibitor,BR00122250,B02,9,4746,4746,4746,4746,0.0008999100089991,0.8666666666666667
26,S-C-7314-04-CMP-001,trt,BRD-K67578145-001-13-9,1.6719,5.0,DMSO,K67578145,BRD-K67578145-001-09-7,GDC-0879,RAF inhibitor,BR00122250,B03,9,4392,4392,4392,4392,0.001999800019998,0.8095238095238094
27,S-C-7314-04-CMP-001,trt,BRD-K56301217-001-02-5,4.0671,5.0,DMSO,K56301217,BRD-K56301217-001-07-4,ABT-737,BCL inhibitor,BR00122250,B04,9,3175,3175,3175,3175,9.999000099990002e-05,1.0
28,S-C-7314-04-CMP-001,trt,BRD-K02965346-001-01-8,2.8404,5.0,DMSO,K02965346,BRD-K02965346-001-07-5,SU-11274,hepatocyte growth factor receptor inhibitor,BR00122250,B05,9,1858,1858,1858,1858,9.999000099990002e-05,1.0
29,S-C-7314-04-CMP-001,trt,BRD-K54759182-003-09-8,1.6595,5.0,DMSO,K54759182,BRD-K54759182-003-08-0,dosulepin,tricyclic antidepressant,BR00122250,B06,9,3970,3970,3970,3970,0.27677232276772323,0.23660130718954245
30,S-C-7314-04-CMP-001,trt,BRD-K99433989-001-02-9,2.4503,5.0,DMSO,K99433989,BRD-K99433989-001-02-9,SAG,smoothened receptor agonist,BR00122250,B07,9,3980,3980,3980,3980,0.46005399460054,0.17254901960784316
31,S-C-7314-04-CMP-001,trt,BRD-K45909031-001-03-9,2.4849,5.0,DMSO,K45909031,BRD-K45909031-001-01-5,WZ4003,AMPK inhibitor,BR00122250,B08,9,3413,3413,3413,3413,9.999000099990002e-05,1.0
32,S-C-7314-04-CMP-001,trt,BRD-A22769835-300-05-7,1.9389,5.0,DMSO,A22769835,BRD-A22769835-300-05-7,homochlorcyclizine,antihistamine,BR00122250,B09,9,3740,3740,3740,3740,0.8484151584841516,0.1058016058016058
33,S-C-7314-04-CMP-001,trt,BRD-K98203492-001-06-9,2.0875,5.0,DMSO,K98203492,BRD-K98203492-003-04-1,GSK-J4,histone lysine demethylase inhibitor,BR00122250,B10,9,1185,1185,1185,1185,9.999000099990002e-05,1.0
34,S-C-7314-04-CMP-001,trt,BRD-K06883221-001-02-9,2.0725,5.0,DMSO,K06883221,BRD-K06883221-001-01-9,apratastat,tumor necrosis factor production inhibitor,BR00122250,B11,9,3838,3838,3838,3838,0.5718428157184282,0.148109243697479
35,S-C-7314-04-CMP-001,trt,BRD-K66430217-001-05-9,1.6909,5.0,DMSO,K66430217,BRD-K66430217-001-03-8,KH-CB19,CDC inhibitor,BR00122250,B12,9,4082,4082,4082,4082,0.0963903609639036,0.4276315789473684
36,S-C-7314-04-CMP-001,trt,BRD-K84937637-001-21-9,4.5709,5.0,DMSO,K84937637,BRD-K84937637-001-11-5,sirolimus,mTOR inhibitor,BR00122250,B13,9,2818,2818,2818,2818,9.999000099990002e-05,1.0
37,S-C-7314-04-CMP-001,trt,BRD-K93942811-001-03-9,1.9224,5.0,DMSO,K93942811,BRD-K93942811-001-01-3,ML-323,ubiquitin specific protease inhibitor,BR00122250,B14,9,3540,3540,3540,3540,0.0015998400159984002,0.8333333333333334
38,S-C-7314-04-CMP-001,trt,BRD-A53576514-048-02-8,2.3075,5.0,DMSO,A53576514,BRD-A53576514-048-14-3,orphenadrine,acetylcholine receptor antagonist,BR00122250,B15,9,3960,3960,3960,3960,0.25717428257174285,0.24444444444444446
39,S-C-7314-04-CMP-001,negcon,,,,DMSO,,,,,BR00122250,B16,9,4002,4002,4002,4002,9.999000099990002e-05,
40,S-C-7314-04-CMP-001,trt,BRD-K56932272-001-02-9,2.4378,5.0,DMSO,K56932272,BRD-K56932272-001-02-9,BMS-566419,inosine monophosphate dehydrogenase inhibitor,BR00122250,B17,9,2643,2643,2643,2643,9.999000099990002e-05,1.0
41,S-C-7314-04-CMP-001,trt,BRD-K24600306-003-02-9,2.3445,5.0,DMSO,K24600306,BRD-K24600306-003-02-9,ML-298,phospholipase inhibitor,BR00122250,B18,9,4153,4153,4153,4153,0.9584041595840416,0.0895979020979021
42,S-C-7314-04-CMP-001,trt,BRD-M87138257-003-01-1,2.3499,5.0,DMSO,M87138257,BRD-M87138257-003-01-1,acriflavine,hypoxia inducible factor inhibitor,BR00122250,B19,9,58,58,58,58,9.999000099990002e-05,1.0
43,S-C-7314-04-CMP-001,trt,BRD-K09372874-001-02-9,2.2623,5.0,DMSO,K09372874,BRD-K09372874-001-01-0,merimepodib,inosine monophosphate dehydrogenase inhibitor,BR00122250,B20,9,1353,1353,1353,1353,9.999000099990002e-05,1.0
44,S-C-7314-04-CMP-001,trt,BRD-K76908866-001-08-9,2.3477,5.0,DMSO,K76908866,BRD-K76908866-001-07-6,CP-724714,EGFR inhibitor,BR00122250,B21,9,3880,3880,3880,3880,0.7928207179282072,0.11346153846153846
45,S-C-7314-04-CMP-001,trt,BRD-K64881305-001-07-9,2.5853,5.0,DMSO,K64881305,BRD-K64881305-001-05-2,ispinesib,kinesin inhibitor,BR00122250,B22,9,520,520,520,520,9.999000099990002e-05,1.0
46,S-C-7314-04-CMP-001,negcon,,,,DMSO,,,,,BR00122250,B23,9,4144,4144,4144,4144,9.999000099990002e-05,
47,S-C-7314-04-CMP-001,trt,BRD-K49669041-001-10-9,2.3568,5.0,DMSO,K49669041,BRD-K49669041-001-08-4,BX-912,pyruvate dehydrogenase kinase inhibitor,BR00122250,B24,9,1173,1173,1173,1173,9.999000099990002e-05,1.0
48,S-C-7314-04-CMP-001,trt,BRD-K72951360-001-02-9,3.6182,5.0,DMSO,K72951360,BRD-K72951360-001-01-4,valrubicin,DNA inhibitor,BR00122250,C01,9,168,168,168,168,9.999000099990002e-05,1.0
49,S-C-7314-04-CMP-001,trt,BRD-K16189898-001-26-9,2.3267,5.0,DMSO,K16189898,BRD-K16189898-003-03-3,CHIR-99021,glycogen synthase kinase inhibitor,BR00122250,C02,9,3425,3425,3425,3425,9.999000099990002e-05,1.0
50,S-C-7314-04-CMP-001,trt,BRD-M87138257-003-01-1,2.3499,5.0,DMSO,M87138257,BRD-M87138257-003-01-1,acriflavine,hypoxia inducible factor inhibitor,BR00122250,C03,9,66,66,66,66,9.999000099990002e-05,1.0
51,S-C-7314-04-CMP-001,trt,BRD-K99433989-001-02-9,2.4503,5.0,DMSO,K99433989,BRD-K99433989-001-02-9,SAG,smoothened receptor agonist,BR00122250,C04,9,3930,3930,3930,3930,0.22377762223777622,0.26666666666666666
52,S-C-7314-04-CMP-001,trt,BRD-K85776940-001-01-9,1.983,5.0,DMSO,K85776940,BRD-K85776940-001-01-9,delta-Tocotrienol,HMGCR inhibitor,BR00122250,C05,9,3852,3852,3852,3852,0.9927007299270073,0.081174059434929
53,S-C-7314-04-CMP-001,negcon,,,,DMSO,,,,,BR00122250,C06,9,4086,4086,4086,4086,9.999000099990002e-05,
54,S-C-7314-04-CMP-001,trt,BRD-K70578146-001-13-9,0.16697,0.133,DMSO,K70578146,BRD-K70578146-001-09-1,DACTINOMYCIN,Apoptosis inducer (transcription inhibitor),BR00122250,C07,9,214,214,214,214,9.999000099990002e-05,1.0
55,S-C-7314-04-CMP-001,trt,BRD-K97452254-001-02-9,2.3578,5.0,DMSO,K97452254,BRD-K97452254-001-01-3,AMG-925,CDK inhibitor,BR00122250,C08,9,2078,2078,2078,2078,9.999000099990002e-05,1.0
56,S-C-7314-04-CMP-001,trt,BRD-K68756823-001-12-9,1.6367,5.0,DMSO,K68756823,BRD-K68756823-001-07-1,FR-180204,MAP kinase inhibitor,BR00122250,C09,9,3861,3861,3861,3861,0.06729327067293271,0.4551282051282051
57,S-C-7314-04-CMP-001,trt,BRD-K60130390-001-02-1,2.7335,5.0,DMSO,K60130390,BRD-K60130390-001-02-1,UNC0642,histone lysine methyltransferase inhibitor,BR00122250,C10,9,3794,3794,3794,3794,0.2810718928107189,0.2407407407407407
58,S-C-7314-04-CMP-001,trt,BRD-K98203492-001-06-9,2.0875,5.0,DMSO,K98203492,BRD-K98203492-003-04-1,GSK-J4,histone lysine demethylase inhibitor,BR00122250,C11,9,1240,1240,1240,1240,9.999000099990002e-05,1.0
59,S-C-7314-04-CMP-001,trt,BRD-K57080016-001-19-1,2.2884,5.0,DMSO,K57080016,BRD-K57080016-001-01-9,selumetinib,MEK inhibitor,BR00122250,C12,9,3406,3406,3406,3406,9.999000099990002e-05,1.0
60,S-C-7314-04-CMP-001,trt,BRD-K39520573-001-01-2,2.6047,5.0,DMSO,K39520573,BRD-K39520573-001-03-8,GW-5074,RAF inhibitor,BR00122250,C13,9,4200,4200,4200,4200,0.7110288971102889,0.12564102564102564
61,S-C-7314-04-CMP-001,trt,BRD-K61397605-001-04-2,2.7035,5.0,DMSO,K61397605,BRD-K61397605-001-07-5,romidepsin,HDAC inhibitor,BR00122250,C14,9,322,322,322,322,9.999000099990002e-05,1.0
62,S-C-7314-04-CMP-001,trt,BRD-K61688984-001-04-5,1.812,5.0,DMSO,K61688984,BRD-K61688984-001-02-9,RGFP966,HDAC inhibitor,BR00122250,C15,9,2651,2651,2651,2651,9.999000099990002e-05,1.0
63,S-C-7314-04-CMP-001,trt,BRD-K37379014-001-02-0,2.1024,5.0,DMSO,K37379014,BRD-K37379014-001-01-2,filanesib,kinesin inhibitor,BR00122250,C16,9,494,494,494,494,9.999000099990002e-05,1.0
64,S-C-7314-04-CMP-001,trt,BRD-K19477839-001-10-9,1.797,5.0,DMSO,K19477839,BRD-K19477839-001-07-6,SGX523,hepatocyte growth factor receptor inhibitor,BR00122250,C17,9,4033,4033,4033,4033,0.969003099690031,0.08750402576489531
65,S-C-7314-04-CMP-001,trt,BRD-K28936863-051-14-0,2.1275,5.0,DMSO,K28936863,BRD-K28936863-051-32-2,ketotifen,phosphodiesterase inhibitor,BR00122250,C18,9,4056,4056,4056,4056,0.4627537246275372,0.17254901960784316
66,S-C-7314-04-CMP-001,trt,BRD-K67772619-001-06-9,1.4213,5.0,DMSO,K67772619,BRD-K67772619-001-05-1,rheochrysidin,protein tyrosine kinase inhibitor,BR00122250,C19,9,3990,3990,3990,3990,0.32366763323667636,0.21929824561403508
67,S-C-7314-04-CMP-001,trt,BRD-A53576514-048-02-8,2.3075,5.0,DMSO,A53576514,BRD-A53576514-048-14-3,orphenadrine,acetylcholine receptor antagonist,BR00122250,C20,9,4375,4375,4375,4375,0.35696430356964304,0.2034252297410192
68,S-C-7314-04-CMP-001,trt,BRD-K91900765-001-09-9,2.1813,5.0,DMSO,K91900765,BRD-K91900765-001-08-4,VX-745,p38 MAPK inhibitor,BR00122250,C21,9,3742,3742,3742,3742,0.7481251874812519,0.1202020202020202
69,S-C-7314-04-CMP-001,trt,BRD-K56301217-001-02-5,4.0671,5.0,DMSO,K56301217,BRD-K56301217-001-07-4,ABT-737,BCL inhibitor,BR00122250,C22,9,3199,3199,3199,3199,9.999000099990002e-05,1.0
70,S-C-7314-04-CMP-001,trt,BRD-K23383398-001-08-1,2.4067,5.0,DMSO,K23383398,BRD-K23383398-001-09-9,T-0901317,LXR agonist,BR00122250,C23,9,3926,3926,3926,3926,0.0028997100289971,0.7575757575757575
71,S-C-7314-04-CMP-001,trt,BRD-K24696047-001-03-9,2.1978,5.0,DMSO,K24696047,BRD-K24696047-001-02-3,NVP-AEW541,IGF-1 inhibitor,BR00122250,C24,9,2930,2930,2930,2930,9.999000099990002e-05,1.0
72,S-C-7314-04-CMP-001,trt,BRD-K00818915-001-02-9,1.7613,5.0,DMSO,K00818915,BRD-K00818915-003-01-8,SHP099,protein tyrosine kinase inhibitor,BR00122250,D01,9,3923,3923,3923,3923,0.05369463053694631,0.4754901960784314
73,S-C-7314-04-CMP-001,trt,BRD-K39974922-001-05-9,2.1343,5.0,DMSO,K39974922,BRD-K39974922-001-04-3,lenvatinib,FGFR inhibitor,BR00122250,D02,9,3257,3257,3257,3257,9.999000099990002e-05,1.0
74,S-C-7314-04-CMP-001,trt,BRD-K61397605-001-04-2,2.7035,5.0,DMSO,K61397605,BRD-K61397605-001-07-5,romidepsin,HDAC inhibitor,BR00122250,D03,9,278,278,278,278,9.999000099990002e-05,1.0
75,S-C-7314-04-CMP-001,trt,BRD-K50055394-001-04-9,2.0844,5.0,DMSO,K50055394,BRD-K50055394-001-03-6,halopemide,phospholipase inhibitor,BR00122250,D04,9,3776,3776,3776,3776,0.0165983401659834,0.6095238095238095
76,S-C-7314-04-CMP-001,trt,BRD-K49669041-001-10-9,2.3568,5.0,DMSO,K49669041,BRD-K49669041-001-08-4,BX-912,pyruvate dehydrogenase kinase inhibitor,BR00122250,D05,9,1436,1436,1436,1436,9.999000099990002e-05,1.0
77,S-C-7314-04-CMP-001,trt,BRD-A12994259-001-11-9,1.3662,5.0,DMSO,A12994259,BRD-A12994259-001-02-1,pomalidomide,tumor necrosis factor production inhibitor,BR00122250,D06,9,4137,4137,4137,4137,0.0390960903909609,0.5032679738562091
78,S-C-7314-04-CMP-001,trt,BRD-K73982490-001-04-9,1.8969,5.0,DMSO,K73982490,BRD-K73982490-001-02-9,BI-78D3,JNK inhibitor,BR00122250,D07,9,3737,3737,3737,3737,0.5658434156584341,0.14989177489177488
79,S-C-7314-04-CMP-001,trt,BRD-K19871656-001-01-3,1.8291,5.0,DMSO,K19871656,BRD-K19871656-001-01-3,CPI-0610,bromodomain inhibitor,BR00122250,D08,9,3273,3273,3273,3273,9.999000099990002e-05,1.0
80,S-C-7314-04-CMP-001,trt,BRD-K68756823-001-12-9,1.6367,5.0,DMSO,K68756823,BRD-K68756823-001-07-1,FR-180204,MAP kinase inhibitor,BR00122250,D09,9,3701,3701,3701,3701,0.08039196080391961,0.43846153846153846
81,S-C-7314-04-CMP-001,negcon,,,,DMSO,,,,,BR00122250,D10,9,4143,4143,4143,4143,9.999000099990002e-05,
82,S-C-7314-04-CMP-001,trt,BRD-K63631219-001-01-6,1.1784,5.0,DMSO,K63631219,BRD-K63631219-001-01-6,quazinone,phosphodiesterase inhibitor,BR00122250,D11,9,4076,4076,4076,4076,0.7947205279472053,0.11379142300194932
83,S-C-7314-04-CMP-001,trt,BRD-K99113996-001-02-0,2.3127,5.0,DMSO,K99113996,BRD-K99113996-001-02-0,AZD2014,mTOR inhibitor,BR00122250,D12,9,1307,1307,1307,1307,9.999000099990002e-05,1.0
84,S-C-7314-04-CMP-001,trt,BRD-K99113996-001-02-0,2.3127,5.0,DMSO,K99113996,BRD-K99113996-001-02-0,AZD2014,mTOR inhibitor,BR00122250,D13,9,1368,1368,1368,1368,9.999000099990002e-05,1.0
85,S-C-7314-04-CMP-001,trt,BRD-K01826510-001-09-9,1.8745,5.0,DMSO,K01826510,BRD-K01826510-300-06-9,hydroxyzine,antihistamine,BR00122250,D14,9,4032,4032,4032,4032,0.46025397460253975,0.17072510822510822
86,S-C-7314-04-CMP-001,trt,BRD-K37379014-001-02-0,2.1024,5.0,DMSO,K37379014,BRD-K37379014-001-01-2,filanesib,kinesin inhibitor,BR00122250,D15,9,459,459,459,459,9.999000099990002e-05,1.0
87,S-C-7314-04-CMP-001,trt,BRD-K98251413-001-07-9,1.7617,5.0,DMSO,K98251413,BRD-K98251413-001-04-0,IOX2,hypoxia inducible factor inhibitor,BR00122250,D16,9,3897,3897,3897,3897,0.5046495350464953,0.1611111111111111
88,S-C-7314-04-CMP-001,trt,BRD-K44227013-001-15-9,2.6628,5.0,DMSO,K44227013,BRD-K44227013-001-08-0,ponatinib,Bcr-Abl kinase inhibitor,BR00122250,D17,9,430,430,430,430,9.999000099990002e-05,1.0
89,S-C-7314-04-CMP-001,trt,BRD-K20290250-001-03-9,2.0624,5.0,DMSO,K20290250,BRD-K20290250-001-02-1,BIX-02188,MEK inhibitor,BR00122250,D18,9,3698,3698,3698,3698,0.9025097490250975,0.0989766081871345
90,S-C-7314-04-CMP-001,trt,BRD-K24696047-001-03-9,2.1978,5.0,DMSO,K24696047,BRD-K24696047-001-02-3,NVP-AEW541,IGF-1 inhibitor,BR00122250,D19,9,3149,3149,3149,3149,9.999000099990002e-05,1.0
91,S-C-7314-04-CMP-001,trt,BRD-K00818915-001-02-9,1.7613,5.0,DMSO,K00818915,BRD-K00818915-003-01-8,SHP099,protein tyrosine kinase inhibitor,BR00122250,D20,9,3923,3923,3923,3923,0.9127087291270873,0.09722222222222221
92,S-C-7314-04-CMP-001,trt,BRD-K03063480-001-08-9,2.0974,5.0,DMSO,K03063480,BRD-K03063480-001-06-6,PF-477736,CHK inhibitor,BR00122250,D21,9,262,262,262,262,9.999000099990002e-05,1.0
93,S-C-7314-04-CMP-001,trt,BRD-K24696047-001-03-9,2.1978,5.0,DMSO,K24696047,BRD-K24696047-001-02-3,NVP-AEW541,IGF-1 inhibitor,BR00122250,D22,9,3264,3264,3264,3264,9.999000099990002e-05,1.0
94,S-C-7314-04-CMP-001,trt,BRD-K54759182-003-09-8,1.6595,5.0,DMSO,K54759182,BRD-K54759182-003-08-0,dosulepin,tricyclic antidepressant,BR00122250,D23,9,4086,4086,4086,4086,0.5997400259974003,0.1437037037037037
95,S-C-7314-04-CMP-001,trt,BRD-K99092662-001-02-9,1.5286,5.0,DMSO,K99092662,BRD-K99092662-001-01-1,PS178990,androgen receptor modulator,BR00122250,D24,9,4027,4027,4027,4027,0.2676732326767323,0.24166666666666667
96,S-C-7314-04-CMP-001,trt,BRD-K00818915-001-02-9,1.7613,5.0,DMSO,K00818915,BRD-K00818915-003-01-8,SHP099,protein tyrosine kinase inhibitor,BR00122250,E01,9,4117,4117,4117,4117,0.051294870512948704,0.47222222222222227
97,S-C-7314-04-CMP-001,trt,BRD-K39974922-001-05-9,2.1343,5.0,DMSO,K39974922,BRD-K39974922-001-04-3,lenvatinib,FGFR inhibitor,BR00122250,E02,9,3398,3398,3398,3398,9.999000099990002e-05,1.0
98,S-C-7314-04-CMP-001,trt,BRD-K19871656-001-01-3,1.8291,5.0,DMSO,K19871656,BRD-K19871656-001-01-3,CPI-0610,bromodomain inhibitor,BR00122250,E03,9,3200,3200,3200,3200,9.999000099990002e-05,1.0
99,S-C-7314-04-CMP-001,trt,BRD-K98203492-001-06-9,2.0875,5.0,DMSO,K98203492,BRD-K98203492-003-04-1,GSK-J4,histone lysine demethylase inhibitor,BR00122250,E04,9,1322,1322,1322,1322,9.999000099990002e-05,1.0
100,S-C-7314-04-CMP-001,trt,BRD-K28936863-051-14-0,2.1275,5.0,DMSO,K28936863,BRD-K28936863-051-32-2,ketotifen,phosphodiesterase inhibitor,BR00122250,E05,9,4068,4068,4068,4068,0.5473452654734526,0.1535014005602241
101,S-C-7314-04-CMP-001,trt,BRD-K04923131-001-17-9,1.7809,5.0,DMSO,K04923131,BRD-K04923131-001-15-4,GSK-3-inhibitor-IX,glycogen synthase kinase inhibitor,BR00122250,E06,9,1726,1726,1726,1726,9.999000099990002e-05,1.0
102,S-C-7314-04-CMP-001,trt,BRD-K36234266-001-10-6,1.0702,5.0,DMSO,K36234266,BRD-K36234266-001-09-8,carmustine,DNA inhibitor,BR00122250,E07,9,4048,4048,4048,4048,0.6129387061293871,0.14074074074074075
103,S-C-7314-04-CMP-001,trt,BRD-K44227013-001-15-9,2.6628,5.0,DMSO,K44227013,BRD-K44227013-001-08-0,ponatinib,Bcr-Abl kinase inhibitor,BR00122250,E08,9,369,369,369,369,9.999000099990002e-05,1.0
104,S-C-7314-04-CMP-001,trt,BRD-K85606544-001-07-5,2.7852,5.0,DMSO,K85606544,BRD-K85606544-001-09-1,neratinib,EGFR inhibitor,BR00122250,E09,9,1570,1570,1570,1570,9.999000099990002e-05,1.0
105,S-C-7314-04-CMP-001,trt,BRD-K13094524-001-10-9,1.7369,5.0,DMSO,K13094524,BRD-K13094524-001-04-2,PFI-1,bromodomain inhibitor,BR00122250,E10,9,3804,3804,3804,3804,0.06189381061893811,0.456439393939394
106,S-C-7314-04-CMP-001,trt,BRD-K83607951-001-04-9,2.1271,5.0,DMSO,K83607951,BRD-K83607951-001-02-2,skepinone-l,p38 MAPK inhibitor,BR00122250,E11,9,3126,3126,3126,3126,9.999000099990002e-05,1.0
107,S-C-7314-04-CMP-001,trt,BRD-M87138257-003-01-1,2.3499,5.0,DMSO,M87138257,BRD-M87138257-003-01-1,acriflavine,hypoxia inducible factor inhibitor,BR00122250,E12,9,97,97,97,97,9.999000099990002e-05,1.0
108,S-C-7314-04-CMP-001,negcon,,,,DMSO,,,,,BR00122250,E13,9,4109,4109,4109,4109,9.999000099990002e-05,
109,S-C-7314-04-CMP-001,trt,BRD-K76908866-001-08-9,2.3477,5.0,DMSO,K76908866,BRD-K76908866-001-07-6,CP-724714,EGFR inhibitor,BR00122250,E14,9,3663,3663,3663,3663,0.22967703229677033,0.2601449275362319
110,S-C-7314-04-CMP-001,trt,BRD-K24696047-001-03-9,2.1978,5.0,DMSO,K24696047,BRD-K24696047-001-02-3,NVP-AEW541,IGF-1 inhibitor,BR00122250,E15,9,3152,3152,3152,3152,9.999000099990002e-05,1.0
111,S-C-7314-04-CMP-001,trt,BRD-K54759182-003-09-8,1.6595,5.0,DMSO,K54759182,BRD-K54759182-003-08-0,dosulepin,tricyclic antidepressant,BR00122250,E16,9,3927,3927,3927,3927,0.31756824317568244,0.21777777777777776
112,S-C-7314-04-CMP-001,trt,BRD-K84937637-001-21-9,4.5709,5.0,DMSO,K84937637,BRD-K84937637-001-11-5,sirolimus,mTOR inhibitor,BR00122250,E17,9,2660,2660,2660,2660,9.999000099990002e-05,1.0
113,S-C-7314-04-CMP-001,trt,BRD-K88677950-001-04-9,2.3812,5.0,DMSO,K88677950,BRD-K88677950-001-03-9,PD-198306,MAP kinase inhibitor,BR00122250,E18,9,3702,3702,3702,3702,9.999000099990002e-05,1.0
114,S-C-7314-04-CMP-001,trt,BRD-K03063480-001-08-9,2.0974,5.0,DMSO,K03063480,BRD-K03063480-001-06-6,PF-477736,CHK inhibitor,BR00122250,E19,9,268,268,268,268,9.999000099990002e-05,1.0
115,S-C-7314-04-CMP-001,trt,BRD-K09372874-001-02-9,2.2623,5.0,DMSO,K09372874,BRD-K09372874-001-01-0,merimepodib,inosine monophosphate dehydrogenase inhibitor,BR00122250,E20,9,1447,1447,1447,1447,9.999000099990002e-05,1.0
116,S-C-7314-04-CMP-001,trt,BRD-K69023402-001-03-3,0.2167,0.333,DMSO,K69023402,BRD-K69023402-001-07-4,Thapsigargin,ER stressor (SERCA inhibitor),BR00122250,E21,9,75,75,75,75,9.999000099990002e-05,1.0
117,S-C-7314-04-CMP-001,trt,BRD-K56932272-001-02-9,2.4378,5.0,DMSO,K56932272,BRD-K56932272-001-02-9,BMS-566419,inosine monophosphate dehydrogenase inhibitor,BR00122250,E22,9,2547,2547,2547,2547,9.999000099990002e-05,1.0
118,S-C-7314-04-CMP-001,trt,BRD-K32730239-001-03-9,1.3065,5.0,DMSO,K32730239,BRD-K32730239-001-01-0,SU3327,JNK inhibitor,BR00122250,E23,9,1289,1289,1289,1289,0.07179282071792821,0.4444444444444444
119,S-C-7314-04-CMP-001,negcon,,,,DMSO,,,,,BR00122250,E24,9,3932,3932,3932,3932,9.999000099990002e-05,
120,S-C-7314-04-CMP-001,trt,BRD-K16189898-001-26-9,2.3267,5.0,DMSO,K16189898,BRD-K16189898-003-03-3,CHIR-99021,glycogen synthase kinase inhibitor,BR00122250,F01,9,3600,3600,3600,3600,9.999000099990002e-05,1.0
121,S-C-7314-04-CMP-001,trt,BRD-K73982490-001-04-9,1.8969,5.0,DMSO,K73982490,BRD-K73982490-001-02-9,BI-78D3,JNK inhibitor,BR00122250,F02,9,3977,3977,3977,3977,0.5133486651334866,0.15974025974025974
122,S-C-7314-04-CMP-001,trt,BRD-K86718786-001-03-9,1.4917,5.0,DMSO,K86718786,BRD-K86718786-001-03-9,SGC-707,protein arginine N-methyltransferase inhibitor,BR00122250,F03,9,3956,3956,3956,3956,0.16078392160783922,0.31587301587301586
123,S-C-7314-04-CMP-001,trt,BRD-K61397605-001-04-2,2.7035,5.0,DMSO,K61397605,BRD-K61397605-001-07-5,romidepsin,HDAC inhibitor,BR00122250,F04,9,256,256,256,256,9.999000099990002e-05,1.0
124,S-C-7314-04-CMP-001,trt,BRD-K56301217-001-02-5,4.0671,5.0,DMSO,K56301217,BRD-K56301217-001-07-4,ABT-737,BCL inhibitor,BR00122250,F05,9,2999,2999,2999,2999,9.999000099990002e-05,1.0
125,S-C-7314-04-CMP-001,trt,BRD-K70642949-001-06-9,2.313,5.0,DMSO,K70642949,BRD-K70642949-001-04-5,GSK2334470,phosphoinositide dependent kinase inhibitor,BR00122250,F06,9,3101,3101,3101,3101,9.999000099990002e-05,1.0
126,S-C-7314-04-CMP-001,trt,BRD-K91900765-001-09-9,2.1813,5.0,DMSO,K91900765,BRD-K91900765-001-08-4,VX-745,p38 MAPK inhibitor,BR00122250,F07,9,3878,3878,3878,3878,0.4072592740725927,0.18619528619528616
127,S-C-7314-04-CMP-001,trt,BRD-A22769835-300-05-7,1.9389,5.0,DMSO,A22769835,BRD-A22769835-300-05-7,homochlorcyclizine,antihistamine,BR00122250,F08,9,3999,3999,3999,3999,0.8128187181281872,0.11050194931773878
128,S-C-7314-04-CMP-001,trt,BRD-K94455792-001-01-8,2.7432,5.0,DMSO,K94455792,BRD-K94455792-001-01-8,ICG-001,beta-catenin inhibitor,BR00122250,F09,9,3033,3033,3033,3033,9.999000099990002e-05,1.0
129,S-C-7314-04-CMP-001,trt,BRD-K12737986-001-01-4,1.2215,5.0,DMSO,K12737986,BRD-K12737986-001-01-4,veliparib,PARP inhibitor,BR00122250,F10,9,3799,3799,3799,3799,0.6446355364463554,0.13593813593813595
130,S-C-7314-04-CMP-001,trt,BRD-K64881305-001-07-9,2.5853,5.0,DMSO,K64881305,BRD-K64881305-001-05-2,ispinesib,kinesin inhibitor,BR00122250,F11,9,513,513,513,513,9.999000099990002e-05,1.0
131,S-C-7314-04-CMP-001,trt,BRD-K66401437-001-03-3,2.8303,5.0,DMSO,K66401437,BRD-K66401437-001-03-3,THZ1,CDK inhibitor,BR00122250,F12,9,169,169,169,169,9.999000099990002e-05,1.0
132,S-C-7314-04-CMP-001,trt,BRD-K21728777-001-03-9,2.5179,5.0,DMSO,K21728777,BRD-K21728777-001-02-3,AMG900,Aurora kinase inhibitor,BR00122250,F13,9,772,772,772,772,9.999000099990002e-05,1.0
133,S-C-7314-04-CMP-001,trt,BRD-K85606544-001-07-5,2.7852,5.0,DMSO,K85606544,BRD-K85606544-001-09-1,neratinib,EGFR inhibitor,BR00122250,F14,9,1646,1646,1646,1646,9.999000099990002e-05,1.0
134,S-C-7314-04-CMP-001,trt,BRD-K13606314-001-02-9,1.7411,5.0,DMSO,K13606314,BRD-K13606314-001-01-3,P5091,ubiquitin specific protease inhibitor,BR00122250,F15,9,3634,3634,3634,3634,0.024397560243975602,0.5555555555555555
135,S-C-7314-04-CMP-001,trt,BRD-K82164249-001-03-5,2.2068,5.0,DMSO,K82164249,BRD-K82164249-001-03-5,andarine,androgen receptor modulator,BR00122250,F16,9,4008,4008,4008,4008,0.35036496350364965,0.20419580419580421
136,S-C-7314-04-CMP-001,trt,BRD-K23383398-001-08-1,2.4067,5.0,DMSO,K23383398,BRD-K23383398-001-09-9,T-0901317,LXR agonist,BR00122250,F17,9,3905,3905,3905,3905,0.14728527147285272,0.33134920634920634
137,S-C-7314-04-CMP-001,trt,BRD-K37379014-001-02-0,2.1024,5.0,DMSO,K37379014,BRD-K37379014-001-01-2,filanesib,kinesin inhibitor,BR00122250,F18,9,543,543,543,543,9.999000099990002e-05,1.0
138,S-C-7314-04-CMP-001,trt,BRD-K83607951-001-04-9,2.1271,5.0,DMSO,K83607951,BRD-K83607951-001-02-2,skepinone-l,p38 MAPK inhibitor,BR00122250,F19,9,3358,3358,3358,3358,0.004999500049995001,0.7435897435897436
139,S-C-7314-04-CMP-001,trt,BRD-K88677950-001-04-9,2.3812,5.0,DMSO,K88677950,BRD-K88677950-001-03-9,PD-198306,MAP kinase inhibitor,BR00122250,F20,9,3637,3637,3637,3637,9.999000099990002e-05,1.0
140,S-C-7314-04-CMP-001,negcon,,,,DMSO,,,,,BR00122250,F21,9,4044,4044,4044,4044,9.999000099990002e-05,
141,S-C-7314-04-CMP-001,trt,BRD-K17953061-001-05-1,0.012596,0.027,DMSO,K17953061,BRD-K17953061-001-14-3,Staurosporine,Apoptosis inducer (ATP-competitive kinase inhibitor),BR00122250,F22,9,989,989,989,989,9.999000099990002e-05,1.0
142,S-C-7314-04-CMP-001,trt,BRD-K19871656-001-01-3,1.8291,5.0,DMSO,K19871656,BRD-K19871656-001-01-3,CPI-0610,bromodomain inhibitor,BR00122250,F23,9,3155,3155,3155,3155,9.999000099990002e-05,1.0
143,S-C-7314-04-CMP-001,trt,BRD-K23383398-001-08-1,2.4067,5.0,DMSO,K23383398,BRD-K23383398-001-09-9,T-0901317,LXR agonist,BR00122250,F24,9,3964,3964,3964,3964,0.005599440055994401,0.7380952380952381
144,S-C-7314-04-CMP-001,trt,BRD-K86718786-001-03-9,1.4917,5.0,DMSO,K86718786,BRD-K86718786-001-03-9,SGC-707,protein arginine N-methyltransferase inhibitor,BR00122250,G01,9,3871,3871,3871,3871,0.0143985601439856,0.6222222222222221
145,S-C-7314-04-CMP-001,trt,BRD-K20290250-001-03-9,2.0624,5.0,DMSO,K20290250,BRD-K20290250-001-02-1,BIX-02188,MEK inhibitor,BR00122250,G02,9,3773,3773,3773,3773,0.036096390360963904,0.5101449275362319
146,S-C-7314-04-CMP-001,negcon,,,,DMSO,,,,,BR00122250,G03,9,4054,4054,4054,4054,9.999000099990002e-05,
147,S-C-7314-04-CMP-001,trt,BRD-K72951360-001-02-9,3.6182,5.0,DMSO,K72951360,BRD-K72951360-001-01-4,valrubicin,DNA inhibitor,BR00122250,G04,9,184,184,184,184,9.999000099990002e-05,1.0
148,S-C-7314-04-CMP-001,trt,BRD-K53665955-001-05-9,2.3097,5.0,DMSO,K53665955,BRD-K53665955-001-03-0,MK-5108,Aurora kinase inhibitor,BR00122250,G05,9,2402,2402,2402,2402,9.999000099990002e-05,1.0
149,S-C-7314-04-CMP-001,trt,BRD-K82164249-001-03-5,2.2068,5.0,DMSO,K82164249,BRD-K82164249-001-03-5,andarine,androgen receptor modulator,BR00122250,G06,9,4021,4021,4021,4021,0.1528847115288471,0.32142857142857145
150,S-C-7314-04-CMP-001,trt,BRD-K06182768-001-02-3,1.6472,5.0,DMSO,K06182768,BRD-K06182768-001-06-4,A-366,histone lysine methyltransferase inhibitor,BR00122250,G07,9,3719,3719,3719,3719,0.6897310268973103,0.12910481331533963
151,S-C-7314-04-CMP-001,trt,BRD-K62391742-001-19-9,4.3422,5.0,DMSO,K62391742,BRD-K62391742-001-03-0,venetoclax,BCL inhibitor,BR00122250,G08,9,3490,3490,3490,3490,0.015198480151984802,0.6111111111111112
152,S-C-7314-04-CMP-001,trt,BRD-K60130390-001-02-1,2.7335,5.0,DMSO,K60130390,BRD-K60130390-001-02-1,UNC0642,histone lysine methyltransferase inhibitor,BR00122250,G09,9,3720,3720,3720,3720,0.0023997600239976003,0.8055555555555555
153,S-C-7314-04-CMP-001,trt,BRD-K00818915-001-02-9,1.7613,5.0,DMSO,K00818915,BRD-K00818915-003-01-8,SHP099,protein tyrosine kinase inhibitor,BR00122250,G10,9,3927,3927,3927,3927,0.45225477452254775,0.17460317460317457
154,S-C-7314-04-CMP-001,trt,BRD-K61397605-001-04-2,2.7035,5.0,DMSO,K61397605,BRD-K61397605-001-07-5,romidepsin,HDAC inhibitor,BR00122250,G11,9,335,335,335,335,9.999000099990002e-05,1.0
155,S-C-7314-04-CMP-001,trt,BRD-K73982490-001-04-9,1.8969,5.0,DMSO,K73982490,BRD-K73982490-001-02-9,BI-78D3,JNK inhibitor,BR00122250,G12,9,3760,3760,3760,3760,0.4467553244675532,0.1762820512820513
156,S-C-7314-04-CMP-001,trt,BRD-K98251413-001-07-9,1.7617,5.0,DMSO,K98251413,BRD-K98251413-001-04-0,IOX2,hypoxia inducible factor inhibitor,BR00122250,G13,9,3848,3848,3848,3848,0.5133486651334866,0.15974025974025974
157,S-C-7314-04-CMP-001,trt,BRD-K61688984-001-04-5,1.812,5.0,DMSO,K61688984,BRD-K61688984-001-02-9,RGFP966,HDAC inhibitor,BR00122250,G14,9,2666,2666,2666,2666,9.999000099990002e-05,1.0
158,S-C-7314-04-CMP-001,trt,BRD-K16189898-001-26-9,2.3267,5.0,DMSO,K16189898,BRD-K16189898-003-03-3,CHIR-99021,glycogen synthase kinase inhibitor,BR00122250,G15,9,3239,3239,3239,3239,9.999000099990002e-05,1.0
159,S-C-7314-04-CMP-001,trt,BRD-K66430217-001-05-9,1.6909,5.0,DMSO,K66430217,BRD-K66430217-001-03-8,KH-CB19,CDC inhibitor,BR00122250,G16,9,4117,4117,4117,4117,0.14578542145785423,0.3333333333333333
160,S-C-7314-04-CMP-001,trt,BRD-K75009076-001-04-9,1.8813,5.0,DMSO,K75009076,BRD-K75009076-001-02-1,SCH-900776,CHK inhibitor,BR00122250,G17,9,586,586,586,586,9.999000099990002e-05,1.0
161,S-C-7314-04-CMP-001,trt,BRD-K38627885-001-01-9,2.0674,5.0,DMSO,K38627885,BRD-K38627885-001-01-9,APY0201,phosphoinositide dependent kinase inhibitor,BR00122250,G18,9,2262,2262,2262,2262,9.999000099990002e-05,1.0
162,S-C-7314-04-CMP-001,trt,BRD-A12994259-001-11-9,1.3662,5.0,DMSO,A12994259,BRD-A12994259-001-02-1,pomalidomide,tumor necrosis factor production inhibitor,BR00122250,G19,9,3949,3949,3949,3949,0.25077492250774924,0.24864024864024867
163,S-C-7314-04-CMP-001,trt,BRD-K87632963-001-05-9,2.0918,5.0,DMSO,K87632963,BRD-K87632963-001-05-9,GNF-5,Bcr-Abl kinase inhibitor,BR00122250,G20,9,3721,3721,3721,3721,0.1708829117088291,0.3019047619047619
164,S-C-7314-04-CMP-001,trt,BRD-K49669041-001-10-9,2.3568,5.0,DMSO,K49669041,BRD-K49669041-001-08-4,BX-912,pyruvate dehydrogenase kinase inhibitor,BR00122250,G21,9,1275,1275,1275,1275,9.999000099990002e-05,1.0
165,S-C-7314-04-CMP-001,trt,BRD-A22769835-300-05-7,1.9389,5.0,DMSO,A22769835,BRD-A22769835-300-05-7,homochlorcyclizine,antihistamine,BR00122250,G22,9,3925,3925,3925,3925,0.5010498950104989,0.16222222222222224
166,S-C-7314-04-CMP-001,trt,BRD-K86118762-001-05-9,2.1075,5.0,DMSO,K86118762,BRD-K86118762-001-08-9,linsitinib,IGF-1 inhibitor,BR00122250,G23,9,3104,3104,3104,3104,9.999000099990002e-05,1.0
167,S-C-7314-04-CMP-001,trt,BRD-K39520573-001-01-2,2.6047,5.0,DMSO,K39520573,BRD-K39520573-001-03-8,GW-5074,RAF inhibitor,BR00122250,G24,9,4305,4305,4305,4305,0.68003199680032,0.13079322638146168
168,S-C-7314-04-CMP-001,trt,BRD-K50055394-001-04-9,2.0844,5.0,DMSO,K50055394,BRD-K50055394-001-03-6,halopemide,phospholipase inhibitor,BR00122250,H01,9,3592,3592,3592,3592,0.035996400359964,0.5119047619047619
169,S-C-7314-04-CMP-001,trt,BRD-K25433859-003-03-1,1.5693,5.0,DMSO,K25433859,BRD-K25433859-003-23-9,maprotiline,tricyclic antidepressant,BR00122250,H02,9,4040,4040,4040,4040,0.972002799720028,0.08705488884517017
170,S-C-7314-04-CMP-001,trt,BRD-K53972329-001-12-9,1.5318,5.0,DMSO,K53972329,BRD-K53972329-001-07-0,ruxolitinib,JAK inhibitor,BR00122250,H03,9,3892,3892,3892,3892,0.1431856814318568,0.3388278388278388
171,S-C-7314-04-CMP-001,trt,BRD-K91900765-001-09-9,2.1813,5.0,DMSO,K91900765,BRD-K91900765-001-08-4,VX-745,p38 MAPK inhibitor,BR00122250,H04,9,3845,3845,3845,3845,0.036896310368963105,0.5075757575757576
172,S-C-7314-04-CMP-001,trt,BRD-K39974922-001-05-9,2.1343,5.0,DMSO,K39974922,BRD-K39974922-001-04-3,lenvatinib,FGFR inhibitor,BR00122250,H05,9,3156,3156,3156,3156,9.999000099990002e-05,1.0
173,S-C-7314-04-CMP-001,negcon,,,,DMSO,,,,,BR00122250,H06,9,3919,3919,3919,3919,9.999000099990002e-05,
174,S-C-7314-04-CMP-001,trt,BRD-K39520573-001-01-2,2.6047,5.0,DMSO,K39520573,BRD-K39520573-001-03-8,GW-5074,RAF inhibitor,BR00122250,H07,9,4106,4106,4106,4106,0.38136186381361864,0.19365079365079363
175,S-C-7314-04-CMP-001,trt,BRD-K73397362-001-09-9,2.6031,5.0,DMSO,K73397362,BRD-K73397362-001-06-6,purmorphamine,smoothened receptor agonist,BR00122250,H08,9,3955,3955,3955,3955,0.014498550144985502,0.6180555555555555
176,S-C-7314-04-CMP-001,trt,BRD-K45909031-001-03-9,2.4849,5.0,DMSO,K45909031,BRD-K45909031-001-01-5,WZ4003,AMPK inhibitor,BR00122250,H09,9,3376,3376,3376,3376,0.00039996000399960006,0.9166666666666666
177,S-C-7314-04-CMP-001,trt,BRD-K53972329-001-12-9,1.5318,5.0,DMSO,K53972329,BRD-K53972329-001-07-0,ruxolitinib,JAK inhibitor,BR00122250,H10,9,4063,4063,4063,4063,0.5786421357864213,0.14754901960784314
178,S-C-7314-04-CMP-001,trt,BRD-K70446295-001-04-9,1.9172,5.0,DMSO,K70446295,BRD-K70446295-001-01-7,EPZ015666,protein arginine N-methyltransferase inhibitor,BR00122250,H11,9,3531,3531,3531,3531,0.1705829417058294,0.3026315789473684
179,S-C-7314-04-CMP-001,trt,BRD-K16189898-001-26-9,2.3267,5.0,DMSO,K16189898,BRD-K16189898-003-03-3,CHIR-99021,glycogen synthase kinase inhibitor,BR00122250,H12,9,3447,3447,3447,3447,9.999000099990002e-05,1.0
180,S-C-7314-04-CMP-001,trt,BRD-K16803204-001-02-9,2.1275,5.0,DMSO,K16803204,BRD-K16803204-001-01-6,filgotinib,JAK inhibitor,BR00122250,H13,9,3858,3858,3858,3858,0.851014898510149,0.1055035650623886
181,S-C-7314-04-CMP-001,trt,BRD-K06182768-001-02-3,1.6472,5.0,DMSO,K06182768,BRD-K06182768-001-06-4,A-366,histone lysine methyltransferase inhibitor,BR00122250,H14,9,4113,4113,4113,4113,0.8659134086591341,0.10385228806281438
182,S-C-7314-04-CMP-001,trt,BRD-K99092662-001-02-9,1.5286,5.0,DMSO,K99092662,BRD-K99092662-001-01-1,PS178990,androgen receptor modulator,BR00122250,H15,9,4228,4228,4228,4228,0.9411058894110589,0.09254385964912282
183,S-C-7314-04-CMP-001,trt,BRD-K87632963-001-05-9,2.0918,5.0,DMSO,K87632963,BRD-K87632963-001-05-9,GNF-5,Bcr-Abl kinase inhibitor,BR00122250,H16,9,3912,3912,3912,3912,0.06269373062693731,0.45555555555555555
184,S-C-7314-04-CMP-001,trt,BRD-K86118762-001-05-9,2.1075,5.0,DMSO,K86118762,BRD-K86118762-001-08-9,linsitinib,IGF-1 inhibitor,BR00122250,H17,9,2937,2937,2937,2937,9.999000099990002e-05,1.0
185,S-C-7314-04-CMP-001,trt,BRD-K13094524-001-10-9,1.7369,5.0,DMSO,K13094524,BRD-K13094524-001-04-2,PFI-1,bromodomain inhibitor,BR00122250,H18,9,3606,3606,3606,3606,0.030096990300969902,0.5333333333333333
186,S-C-7314-04-CMP-001,trt,BRD-K04923131-001-17-9,1.7809,5.0,DMSO,K04923131,BRD-K04923131-001-15-4,GSK-3-inhibitor-IX,glycogen synthase kinase inhibitor,BR00122250,H19,9,1540,1540,1540,1540,9.999000099990002e-05,1.0
187,S-C-7314-04-CMP-001,trt,BRD-K86118762-001-05-9,2.1075,5.0,DMSO,K86118762,BRD-K86118762-001-08-9,linsitinib,IGF-1 inhibitor,BR00122250,H20,9,3329,3329,3329,3329,9.999000099990002e-05,1.0
188,S-C-7314-04-CMP-001,trt,BRD-K72898849-001-03-9,2.5469,5.0,DMSO,K72898849,BRD-K72898849-001-01-8,BLU9931,FGFR inhibitor,BR00122250,H21,9,2634,2634,2634,2634,9.999000099990002e-05,1.0
189,S-C-7314-04-CMP-001,trt,BRD-K16803204-001-02-9,2.1275,5.0,DMSO,K16803204,BRD-K16803204-001-01-6,filgotinib,JAK inhibitor,BR00122250,H22,9,4082,4082,4082,4082,0.5415458454154585,0.15458937198067632
190,S-C-7314-04-CMP-001,trt,BRD-K83192048-050-01-9,2.0425,5.0,DMSO,K83192048,BRD-K83192048-050-03-5,dimethindene-(S)-(+),acetylcholine receptor antagonist,BR00122250,H23,9,4177,4177,4177,4177,0.21927807219278073,0.26517273576097106
191,S-C-7314-04-CMP-001,trt,BRD-K03063480-001-08-9,2.0974,5.0,DMSO,K03063480,BRD-K03063480-001-06-6,PF-477736,CHK inhibitor,BR00122250,H24,9,244,244,244,244,9.999000099990002e-05,1.0
192,S-C-7314-04-CMP-001,trt,BRD-K99092662-001-02-9,1.5286,5.0,DMSO,K99092662,BRD-K99092662-001-01-1,PS178990,androgen receptor modulator,BR00122250,I01,9,3842,3842,3842,3842,0.8433156684331566,0.10674603174603174
193,S-C-7314-04-CMP-001,trt,BRD-K33818169-003-04-6,3.0926,5.0,DMSO,K33818169,BRD-K33818169-003-04-6,GW-3965,LXR agonist,BR00122250,I02,9,4208,4208,4208,4208,0.18168183181681832,0.2933723196881091
194,S-C-7314-04-CMP-001,trt,BRD-K20290250-001-03-9,2.0624,5.0,DMSO,K20290250,BRD-K20290250-001-02-1,BIX-02188,MEK inhibitor,BR00122250,I03,9,3952,3952,3952,3952,0.0362963703629637,0.5083333333333333
195,S-C-7314-04-CMP-001,trt,BRD-K53972329-001-12-9,1.5318,5.0,DMSO,K53972329,BRD-K53972329-001-07-0,ruxolitinib,JAK inhibitor,BR00122250,I04,9,4269,4269,4269,4269,0.35666433356664334,0.20238095238095236
196,S-C-7314-04-CMP-001,trt,BRD-K70642949-001-06-9,2.313,5.0,DMSO,K70642949,BRD-K70642949-001-04-5,GSK2334470,phosphoinositide dependent kinase inhibitor,BR00122250,I05,9,3131,3131,3131,3131,9.999000099990002e-05,1.0
197,S-C-7314-04-CMP-001,trt,BRD-K19871656-001-01-3,1.8291,5.0,DMSO,K19871656,BRD-K19871656-001-01-3,CPI-0610,bromodomain inhibitor,BR00122250,I06,9,3097,3097,3097,3097,9.999000099990002e-05,1.0
198,S-C-7314-04-CMP-001,trt,BRD-K12511835-003-03-9,1.6309,5.0,DMSO,K12511835,BRD-K12511835-003-01-2,BMS-863233,CDC inhibitor,BR00122250,I07,9,3098,3098,3098,3098,9.999000099990002e-05,1.0
199,S-C-7314-04-CMP-001,trt,BRD-K69023402-001-03-3,0.2167,0.333,DMSO,K69023402,BRD-K69023402-001-07-4,Thapsigargin,ER stressor (SERCA inhibitor),BR00122250,I08,9,88,88,88,88,9.999000099990002e-05,1.0
200,S-C-7314-04-CMP-001,trt,BRD-K57080016-001-19-1,2.2884,5.0,DMSO,K57080016,BRD-K57080016-001-01-9,selumetinib,MEK inhibitor,BR00122250,I09,9,3453,3453,3453,3453,9.999000099990002e-05,1.0
201,S-C-7314-04-CMP-001,trt,BRD-K02965346-001-01-8,2.8404,5.0,DMSO,K02965346,BRD-K02965346-001-07-5,SU-11274,hepatocyte growth factor receptor inhibitor,BR00122250,I10,9,1811,1811,1811,1811,9.999000099990002e-05,1.0
202,S-C-7314-04-CMP-001,trt,BRD-K13606314-001-02-9,1.7411,5.0,DMSO,K13606314,BRD-K13606314-001-01-3,P5091,ubiquitin specific protease inhibitor,BR00122250,I11,9,3693,3693,3693,3693,0.10848915108489152,0.4102564102564103
203,S-C-7314-04-CMP-001,trt,BRD-K67578145-001-13-9,1.6719,5.0,DMSO,K67578145,BRD-K67578145-001-09-7,GDC-0879,RAF inhibitor,BR00122250,I12,9,4314,4314,4314,4314,0.0044995500449955,0.7555555555555555
204,S-C-7314-04-CMP-001,trt,BRD-K66430217-001-05-9,1.6909,5.0,DMSO,K66430217,BRD-K66430217-001-03-8,KH-CB19,CDC inhibitor,BR00122250,I13,9,4085,4085,4085,4085,0.11578842115788421,0.40277777777777773
205,S-C-7314-04-CMP-001,trt,BRD-K53665955-001-05-9,2.3097,5.0,DMSO,K53665955,BRD-K53665955-001-03-0,MK-5108,Aurora kinase inhibitor,BR00122250,I14,9,2765,2765,2765,2765,9.999000099990002e-05,1.0
206,S-C-7314-04-CMP-001,trt,BRD-K39974922-001-05-9,2.1343,5.0,DMSO,K39974922,BRD-K39974922-001-04-3,lenvatinib,FGFR inhibitor,BR00122250,I15,9,3183,3183,3183,3183,9.999000099990002e-05,1.0
207,S-C-7314-04-CMP-001,trt,BRD-K85776940-001-01-9,1.983,5.0,DMSO,K85776940,BRD-K85776940-001-01-9,delta-Tocotrienol,HMGCR inhibitor,BR00122250,I16,9,4388,4388,4388,4388,0.42655734426557346,0.1813186813186813
208,S-C-7314-04-CMP-001,trt,BRD-K37379014-001-02-0,2.1024,5.0,DMSO,K37379014,BRD-K37379014-001-01-2,filanesib,kinesin inhibitor,BR00122250,I17,9,493,493,493,493,9.999000099990002e-05,1.0
209,S-C-7314-04-CMP-001,trt,BRD-K83192048-050-01-9,2.0425,5.0,DMSO,K83192048,BRD-K83192048-050-03-5,dimethindene-(S)-(+),acetylcholine receptor antagonist,BR00122250,I18,9,4050,4050,4050,4050,0.34526547345265474,0.20555555555555557
210,S-C-7314-04-CMP-001,negcon,,,,DMSO,,,,,BR00122250,I19,9,4276,4276,4276,4276,9.999000099990002e-05,
211,S-C-7314-04-CMP-001,trt,BRD-K82941592-238-06-9,2.6182,5.0,DMSO,K82941592,BRD-K82941592-238-03-7,rosuvastatin,HMGCR inhibitor,BR00122250,I20,9,3782,3782,3782,3782,0.8365163483651635,0.10736714975845411
212,S-C-7314-04-CMP-001,trt,BRD-K54955827-001-03-9,1.6019,5.0,DMSO,K54955827,BRD-K54955827-001-02-2,niraparib,PARP inhibitor,BR00122250,I21,9,2179,2179,2179,2179,9.999000099990002e-05,1.0
213,S-C-7314-04-CMP-001,trt,BRD-K66401437-001-03-3,2.8303,5.0,DMSO,K66401437,BRD-K66401437-001-03-3,THZ1,CDK inhibitor,BR00122250,I22,9,92,92,92,92,9.999000099990002e-05,1.0
214,S-C-7314-04-CMP-001,trt,BRD-K45909031-001-03-9,2.4849,5.0,DMSO,K45909031,BRD-K45909031-001-01-5,WZ4003,AMPK inhibitor,BR00122250,I23,9,3495,3495,3495,3495,0.035996400359964,0.5119047619047619
215,S-C-7314-04-CMP-001,trt,BRD-K93942811-001-03-9,1.9224,5.0,DMSO,K93942811,BRD-K93942811-001-01-3,ML-323,ubiquitin specific protease inhibitor,BR00122250,I24,9,3603,3603,3603,3603,0.12238776122387761,0.39215686274509803
216,S-C-7314-04-CMP-001,negcon,,,,DMSO,,,,,BR00122250,J01,9,3937,3937,3937,3937,9.999000099990002e-05,
217,S-C-7314-04-CMP-001,trt,BRD-K69023402-001-03-3,0.2167,0.333,DMSO,K69023402,BRD-K69023402-001-07-4,Thapsigargin,ER stressor (SERCA inhibitor),BR00122250,J02,9,128,128,128,128,9.999000099990002e-05,1.0
218,S-C-7314-04-CMP-001,trt,BRD-K12511835-003-03-9,1.6309,5.0,DMSO,K12511835,BRD-K12511835-003-01-2,BMS-863233,CDC inhibitor,BR00122250,J03,9,3277,3277,3277,3277,9.999000099990002e-05,1.0
219,S-C-7314-04-CMP-001,trt,BRD-K06883221-001-02-9,2.0725,5.0,DMSO,K06883221,BRD-K06883221-001-01-9,apratastat,tumor necrosis factor production inhibitor,BR00122250,J04,9,4030,4030,4030,4030,0.6388361163883611,0.1368347338935574
220,S-C-7314-04-CMP-001,trt,BRD-K12737986-001-01-4,1.2215,5.0,DMSO,K12737986,BRD-K12737986-001-01-4,veliparib,PARP inhibitor,BR00122250,J05,9,4110,4110,4110,4110,0.6121387861213878,0.1414141414141414
221,S-C-7314-04-CMP-001,trt,BRD-K19477839-001-10-9,1.797,5.0,DMSO,K19477839,BRD-K19477839-001-07-6,SGX523,hepatocyte growth factor receptor inhibitor,BR00122250,J06,9,3840,3840,3840,3840,0.9302069793020697,0.09424603174603174
222,S-C-7314-04-CMP-001,trt,BRD-A12994259-001-11-9,1.3662,5.0,DMSO,A12994259,BRD-A12994259-001-02-1,pomalidomide,tumor necrosis factor production inhibitor,BR00122250,J07,9,4096,4096,4096,4096,0.1745825417458254,0.29914529914529914
223,S-C-7314-04-CMP-001,trt,BRD-K60130390-001-02-1,2.7335,5.0,DMSO,K60130390,BRD-K60130390-001-02-1,UNC0642,histone lysine methyltransferase inhibitor,BR00122250,J08,9,3463,3463,3463,3463,9.999000099990002e-05,1.0
224,S-C-7314-04-CMP-001,trt,BRD-K98203492-001-06-9,2.0875,5.0,DMSO,K98203492,BRD-K98203492-003-04-1,GSK-J4,histone lysine demethylase inhibitor,BR00122250,J09,9,1358,1358,1358,1358,9.999000099990002e-05,1.0
225,S-C-7314-04-CMP-001,trt,BRD-K83192048-050-01-9,2.0425,5.0,DMSO,K83192048,BRD-K83192048-050-03-5,dimethindene-(S)-(+),acetylcholine receptor antagonist,BR00122250,J10,9,3833,3833,3833,3833,0.2585741425857414,0.24523809523809526
226,S-C-7314-04-CMP-001,trt,BRD-K36234266-001-10-6,1.0702,5.0,DMSO,K36234266,BRD-K36234266-001-09-8,carmustine,DNA inhibitor,BR00122250,J11,9,3917,3917,3917,3917,0.28077192280771923,0.23544973544973544
227,S-C-7314-04-CMP-001,trt,BRD-K57080016-001-19-1,2.2884,5.0,DMSO,K57080016,BRD-K57080016-001-01-9,selumetinib,MEK inhibitor,BR00122250,J12,9,3330,3330,3330,3330,9.999000099990002e-05,1.0
228,S-C-7314-04-CMP-001,trt,BRD-K93942811-001-03-9,1.9224,5.0,DMSO,K93942811,BRD-K93942811-001-01-3,ML-323,ubiquitin specific protease inhibitor,BR00122250,J13,9,3542,3542,3542,3542,0.1623837616238376,0.3125
229,S-C-7314-04-CMP-001,negcon,,,,DMSO,,,,,BR00122250,J14,9,3978,3978,3978,3978,9.999000099990002e-05,
230,S-C-7314-04-CMP-001,trt,BRD-K67772619-001-06-9,1.4213,5.0,DMSO,K67772619,BRD-K67772619-001-05-1,rheochrysidin,protein tyrosine kinase inhibitor,BR00122250,J15,9,3812,3812,3812,3812,0.522047795220478,0.15833333333333333
231,S-C-7314-04-CMP-001,trt,BRD-K25611237-001-09-9,1.7471,5.0,DMSO,K25611237,BRD-K25611237-001-02-1,ML324,histone lysine demethylase inhibitor,BR00122250,J16,9,3474,3474,3474,3474,0.011898810118988102,0.6555555555555556
232,S-C-7314-04-CMP-001,trt,BRD-K33818169-003-04-6,3.0926,5.0,DMSO,K33818169,BRD-K33818169-003-04-6,GW-3965,LXR agonist,BR00122250,J17,9,4324,4324,4324,4324,0.3554644535546445,0.2026315789473684
233,S-C-7314-04-CMP-001,trt,BRD-A53576514-048-02-8,2.3075,5.0,DMSO,A53576514,BRD-A53576514-048-14-3,orphenadrine,acetylcholine receptor antagonist,BR00122250,J18,9,3971,3971,3971,3971,0.3237676232376762,0.21536796536796535
234,S-C-7314-04-CMP-001,trt,BRD-K25433859-003-03-1,1.5693,5.0,DMSO,K25433859,BRD-K25433859-003-23-9,maprotiline,tricyclic antidepressant,BR00122250,J19,9,3945,3945,3945,3945,0.5724427557244276,0.14833333333333334
235,S-C-7314-04-CMP-001,trt,BRD-K76908866-001-08-9,2.3477,5.0,DMSO,K76908866,BRD-K76908866-001-07-6,CP-724714,EGFR inhibitor,BR00122250,J20,9,3913,3913,3913,3913,0.7444255574442555,0.11994301994301994
236,S-C-7314-04-CMP-001,trt,BRD-K54955827-001-03-9,1.6019,5.0,DMSO,K54955827,BRD-K54955827-001-02-2,niraparib,PARP inhibitor,BR00122250,J21,9,2174,2174,2174,2174,9.999000099990002e-05,1.0
237,S-C-7314-04-CMP-001,trt,BRD-K72951360-001-02-9,3.6182,5.0,DMSO,K72951360,BRD-K72951360-001-01-4,valrubicin,DNA inhibitor,BR00122250,J22,9,217,217,217,217,9.999000099990002e-05,1.0
238,S-C-7314-04-CMP-001,trt,BRD-K38627885-001-01-9,2.0674,5.0,DMSO,K38627885,BRD-K38627885-001-01-9,APY0201,phosphoinositide dependent kinase inhibitor,BR00122250,J23,9,2298,2298,2298,2298,9.999000099990002e-05,1.0
239,S-C-7314-04-CMP-001,trt,BRD-K61688984-001-04-5,1.812,5.0,DMSO,K61688984,BRD-K61688984-001-02-9,RGFP966,HDAC inhibitor,BR00122250,J24,9,2571,2571,2571,2571,9.999000099990002e-05,1.0
240,S-C-7314-04-CMP-001,trt,BRD-K64881305-001-07-9,2.5853,5.0,DMSO,K64881305,BRD-K64881305-001-05-2,ispinesib,kinesin inhibitor,BR00122250,K01,9,425,425,425,425,9.999000099990002e-05,1.0
241,S-C-7314-04-CMP-001,trt,BRD-K83607951-001-04-9,2.1271,5.0,DMSO,K83607951,BRD-K83607951-001-02-2,skepinone-l,p38 MAPK inhibitor,BR00122250,K02,9,2900,2900,2900,2900,9.999000099990002e-05,1.0
242,S-C-7314-04-CMP-001,trt,BRD-K97452254-001-02-9,2.3578,5.0,DMSO,K97452254,BRD-K97452254-001-01-3,AMG-925,CDK inhibitor,BR00122250,K03,9,1924,1924,1924,1924,9.999000099990002e-05,1.0
243,S-C-7314-04-CMP-001,negcon,,,,DMSO,,,,,BR00122250,K04,9,4057,4057,4057,4057,9.999000099990002e-05,
244,S-C-7314-04-CMP-001,trt,BRD-K82164249-001-03-5,2.2068,5.0,DMSO,K82164249,BRD-K82164249-001-03-5,andarine,androgen receptor modulator,BR00122250,K05,9,4033,4033,4033,4033,0.2977702229777022,0.2272727272727273
245,S-C-7314-04-CMP-001,trt,BRD-K54955827-001-03-9,1.6019,5.0,DMSO,K54955827,BRD-K54955827-001-02-2,niraparib,PARP inhibitor,BR00122250,K06,9,2294,2294,2294,2294,9.999000099990002e-05,1.0
246,S-C-7314-04-CMP-001,trt,BRD-K99113996-001-02-0,2.3127,5.0,DMSO,K99113996,BRD-K99113996-001-02-0,AZD2014,mTOR inhibitor,BR00122250,K07,9,1389,1389,1389,1389,9.999000099990002e-05,1.0
247,S-C-7314-04-CMP-001,negcon,,,,DMSO,,,,,BR00122250,K09,9,3782,3782,3782,3782,9.999000099990002e-05,
248,S-C-7314-04-CMP-001,trt,BRD-K91900765-001-09-9,2.1813,5.0,DMSO,K91900765,BRD-K91900765-001-08-4,VX-745,p38 MAPK inhibitor,BR00122250,K08,9,3760,3760,3760,3760,0.12968703129687031,0.37142857142857144
249,S-C-7314-04-CMP-001,trt,BRD-K32730239-001-03-9,1.3065,5.0,DMSO,K32730239,BRD-K32730239-001-01-0,SU3327,JNK inhibitor,BR00122250,K10,9,3643,3643,3643,3643,0.1217878212178782,0.396011396011396
250,S-C-7314-04-CMP-001,trt,BRD-K63631219-001-01-6,1.1784,5.0,DMSO,K63631219,BRD-K63631219-001-01-6,quazinone,phosphodiesterase inhibitor,BR00122250,K11,9,3708,3708,3708,3708,0.6265373462653735,0.13879142300194933
251,S-C-7314-04-CMP-001,trt,BRD-K73397362-001-09-9,2.6031,5.0,DMSO,K73397362,BRD-K73397362-001-06-6,purmorphamine,smoothened receptor agonist,BR00122250,K12,9,3779,3779,3779,3779,0.041695830416958304,0.4944444444444444
252,S-C-7314-04-CMP-001,trt,BRD-K88677950-001-04-9,2.3812,5.0,DMSO,K88677950,BRD-K88677950-001-03-9,PD-198306,MAP kinase inhibitor,BR00122250,K13,9,3478,3478,3478,3478,0.0025997400259974,0.7916666666666666
253,S-C-7314-04-CMP-001,trt,BRD-K24600306-003-02-9,2.3445,5.0,DMSO,K24600306,BRD-K24600306-003-02-9,ML-298,phospholipase inhibitor,BR00122250,K14,9,3729,3729,3729,3729,0.8893110688931107,0.10062111801242235
254,S-C-7314-04-CMP-001,trt,BRD-K01826510-001-09-9,1.8745,5.0,DMSO,K01826510,BRD-K01826510-300-06-9,hydroxyzine,antihistamine,BR00122250,K15,9,3855,3855,3855,3855,0.2762723727627237,0.2380952380952381
255,S-C-7314-04-CMP-001,trt,BRD-K25611237-001-09-9,1.7471,5.0,DMSO,K25611237,BRD-K25611237-001-02-1,ML324,histone lysine demethylase inhibitor,BR00122250,K16,9,3482,3482,3482,3482,0.09449055094490551,0.4230769230769231
256,S-C-7314-04-CMP-001,trt,BRD-K66401437-001-03-3,2.8303,5.0,DMSO,K66401437,BRD-K66401437-001-03-3,THZ1,CDK inhibitor,BR00122250,K17,9,124,124,124,124,9.999000099990002e-05,1.0
257,S-C-7314-04-CMP-001,trt,BRD-K30707190-001-06-9,1.6017,5.0,DMSO,K30707190,BRD-K30707190-001-04-1,PNU-74654,beta-catenin inhibitor,BR00122250,K18,9,3800,3800,3800,3800,0.2161783821617838,0.26666666666666666
258,S-C-7314-04-CMP-001,trt,BRD-K04923131-001-17-9,1.7809,5.0,DMSO,K04923131,BRD-K04923131-001-15-4,GSK-3-inhibitor-IX,glycogen synthase kinase inhibitor,BR00122250,K19,9,1518,1518,1518,1518,9.999000099990002e-05,1.0
259,S-C-7314-04-CMP-001,trt,BRD-K84937637-001-21-9,4.5709,5.0,DMSO,K84937637,BRD-K84937637-001-11-5,sirolimus,mTOR inhibitor,BR00122250,K20,9,2665,2665,2665,2665,9.999000099990002e-05,1.0
260,S-C-7314-04-CMP-001,trt,BRD-K50055394-001-04-9,2.0844,5.0,DMSO,K50055394,BRD-K50055394-001-03-6,halopemide,phospholipase inhibitor,BR00122250,K21,9,3661,3661,3661,3661,0.05849415058494151,0.4621212121212121
261,S-C-7314-04-CMP-001,trt,BRD-K03063480-001-08-9,2.0974,5.0,DMSO,K03063480,BRD-K03063480-001-06-6,PF-477736,CHK inhibitor,BR00122250,K22,9,252,252,252,252,9.999000099990002e-05,1.0
262,S-C-7314-04-CMP-001,trt,BRD-K16803204-001-02-9,2.1275,5.0,DMSO,K16803204,BRD-K16803204-001-01-6,filgotinib,JAK inhibitor,BR00122250,K23,9,3842,3842,3842,3842,0.24417558244175583,0.25180375180375175
263,S-C-7314-04-CMP-001,trt,BRD-K23383398-001-08-1,2.4067,5.0,DMSO,K23383398,BRD-K23383398-001-09-9,T-0901317,LXR agonist,BR00122250,K24,9,4029,4029,4029,4029,0.004299570042995701,0.7575757575757575
264,S-C-7314-04-CMP-001,trt,BRD-K73397362-001-09-9,2.6031,5.0,DMSO,K73397362,BRD-K73397362-001-06-6,purmorphamine,smoothened receptor agonist,BR00122250,L01,9,3710,3710,3710,3710,0.5044495550444955,0.1616161616161616
265,S-C-7314-04-CMP-001,trt,BRD-K39520573-001-01-2,2.6047,5.0,DMSO,K39520573,BRD-K39520573-001-03-8,GW-5074,RAF inhibitor,BR00122250,L02,9,4130,4130,4130,4130,0.2136786321367863,0.26868686868686864
266,S-C-7314-04-CMP-001,trt,BRD-K60130390-001-02-1,2.7335,5.0,DMSO,K60130390,BRD-K60130390-001-02-1,UNC0642,histone lysine methyltransferase inhibitor,BR00122250,L03,9,3853,3853,3853,3853,0.07179282071792821,0.4444444444444444
267,S-C-7314-04-CMP-001,trt,BRD-K86718786-001-03-9,1.4917,5.0,DMSO,K86718786,BRD-K86718786-001-03-9,SGC-707,protein arginine N-methyltransferase inhibitor,BR00122250,L04,9,3933,3933,3933,3933,0.2656734326567343,0.24206349206349206
268,S-C-7314-04-CMP-001,trt,BRD-K97452254-001-02-9,2.3578,5.0,DMSO,K97452254,BRD-K97452254-001-01-3,AMG-925,CDK inhibitor,BR00122250,L05,9,2026,2026,2026,2026,9.999000099990002e-05,1.0
269,S-C-7314-04-CMP-001,trt,BRD-K70578146-001-13-9,0.16697,0.133,DMSO,K70578146,BRD-K70578146-001-09-1,DACTINOMYCIN,Apoptosis inducer (transcription inhibitor),BR00122250,L06,9,170,170,170,170,9.999000099990002e-05,1.0
270,S-C-7314-04-CMP-001,negcon,,,,DMSO,,,,,BR00122250,L07,9,4027,4027,4027,4027,9.999000099990002e-05,
271,S-C-7314-04-CMP-001,trt,BRD-K32730239-001-03-9,1.3065,5.0,DMSO,K32730239,BRD-K32730239-001-01-0,SU3327,JNK inhibitor,BR00122250,L08,9,3871,3871,3871,3871,0.9192080791920808,0.09601139601139601
272,S-C-7314-04-CMP-001,trt,BRD-K20290250-001-03-9,2.0624,5.0,DMSO,K20290250,BRD-K20290250-001-02-1,BIX-02188,MEK inhibitor,BR00122250,L09,9,3717,3717,3717,3717,0.532046795320468,0.15595238095238095
273,S-C-7314-04-CMP-001,trt,BRD-K38627885-001-01-9,2.0674,5.0,DMSO,K38627885,BRD-K38627885-001-01-9,APY0201,phosphoinositide dependent kinase inhibitor,BR00122250,L10,9,2113,2113,2113,2113,9.999000099990002e-05,1.0
274,S-C-7314-04-CMP-001,trt,BRD-K24600306-003-02-9,2.3445,5.0,DMSO,K24600306,BRD-K24600306-003-02-9,ML-298,phospholipase inhibitor,BR00122250,L11,9,3625,3625,3625,3625,0.6631336866313369,0.1329059829059829
275,S-C-7314-04-CMP-001,trt,BRD-K84937637-001-21-9,4.5709,5.0,DMSO,K84937637,BRD-K84937637-001-11-5,sirolimus,mTOR inhibitor,BR00122250,L12,9,2811,2811,2811,2811,9.999000099990002e-05,1.0
276,S-C-7314-04-CMP-001,trt,BRD-K72951360-001-02-9,3.6182,5.0,DMSO,K72951360,BRD-K72951360-001-01-4,valrubicin,DNA inhibitor,BR00122250,L13,9,223,223,223,223,9.999000099990002e-05,1.0
277,S-C-7314-04-CMP-001,trt,BRD-K75009076-001-04-9,1.8813,5.0,DMSO,K75009076,BRD-K75009076-001-02-1,SCH-900776,CHK inhibitor,BR00122250,L14,9,596,596,596,596,9.999000099990002e-05,1.0
278,S-C-7314-04-CMP-001,trt,BRD-A87435144-001-01-6,2.3944,5.0,DMSO,A87435144,BRD-A87435144-001-01-6,AZD7545,pyruvate dehydrogenase kinase inhibitor,BR00122250,L15,9,3670,3670,3670,3670,0.5695430456954305,0.14862914862914864
279,S-C-7314-04-CMP-001,trt,BRD-K56932272-001-02-9,2.4378,5.0,DMSO,K56932272,BRD-K56932272-001-02-9,BMS-566419,inosine monophosphate dehydrogenase inhibitor,BR00122250,L16,9,2471,2471,2471,2471,9.999000099990002e-05,1.0
280,S-C-7314-04-CMP-001,trt,BRD-K85776940-001-01-9,1.983,5.0,DMSO,K85776940,BRD-K85776940-001-01-9,delta-Tocotrienol,HMGCR inhibitor,BR00122250,L17,9,3996,3996,3996,3996,0.4016598340165983,0.1878654970760234
281,S-C-7314-04-CMP-001,trt,BRD-K30707190-001-06-9,1.6017,5.0,DMSO,K30707190,BRD-K30707190-001-04-1,PNU-74654,beta-catenin inhibitor,BR00122250,L18,9,4152,4152,4152,4152,0.5425457454254574,0.15445665445665446
282,S-C-7314-04-CMP-001,trt,BRD-K61688984-001-04-5,1.812,5.0,DMSO,K61688984,BRD-K61688984-001-02-9,RGFP966,HDAC inhibitor,BR00122250,L19,9,2298,2298,2298,2298,9.999000099990002e-05,1.0
283,S-C-7314-04-CMP-001,trt,BRD-K44227013-001-15-9,2.6628,5.0,DMSO,K44227013,BRD-K44227013-001-08-0,ponatinib,Bcr-Abl kinase inhibitor,BR00122250,L20,9,272,272,272,272,9.999000099990002e-05,1.0
284,S-C-7314-04-CMP-001,trt,BRD-K87632963-001-05-9,2.0918,5.0,DMSO,K87632963,BRD-K87632963-001-05-9,GNF-5,Bcr-Abl kinase inhibitor,BR00122250,L21,9,3874,3874,3874,3874,0.18858114188581143,0.28619528619528617
285,S-C-7314-04-CMP-001,negcon,,,,DMSO,,,,,BR00122250,L22,9,4058,4058,4058,4058,9.999000099990002e-05,
286,S-C-7314-04-CMP-001,trt,BRD-K98251413-001-07-9,1.7617,5.0,DMSO,K98251413,BRD-K98251413-001-04-0,IOX2,hypoxia inducible factor inhibitor,BR00122250,L23,9,3787,3787,3787,3787,0.47985201479852013,0.16777777777777778
287,S-C-7314-04-CMP-001,trt,BRD-K83607951-001-04-9,2.1271,5.0,DMSO,K83607951,BRD-K83607951-001-02-2,skepinone-l,p38 MAPK inhibitor,BR00122250,L24,9,2939,2939,2939,2939,9.999000099990002e-05,1.0
288,S-C-7314-04-CMP-001,trt,BRD-K76908866-001-08-9,2.3477,5.0,DMSO,K76908866,BRD-K76908866-001-07-6,CP-724714,EGFR inhibitor,BR00122250,M01,9,3732,3732,3732,3732,0.6866313368663134,0.129985754985755
289,S-C-7314-04-CMP-001,trt,BRD-K67772619-001-06-9,1.4213,5.0,DMSO,K67772619,BRD-K67772619-001-05-1,rheochrysidin,protein tyrosine kinase inhibitor,BR00122250,M02,9,4126,4126,4126,4126,0.7344265573442655,0.12207602339181285
290,S-C-7314-04-CMP-001,trt,BRD-K99433989-001-02-9,2.4503,5.0,DMSO,K99433989,BRD-K99433989-001-02-9,SAG,smoothened receptor agonist,BR00122250,M03,9,3833,3833,3833,3833,0.14578542145785423,0.3333333333333333
291,S-C-7314-04-CMP-001,trt,BRD-K12511835-003-03-9,1.6309,5.0,DMSO,K12511835,BRD-K12511835-003-01-2,BMS-863233,CDC inhibitor,BR00122250,M04,9,3216,3216,3216,3216,9.999000099990002e-05,1.0
292,S-C-7314-04-CMP-001,trt,BRD-K17953061-001-05-1,0.012596,0.027,DMSO,K17953061,BRD-K17953061-001-14-3,Staurosporine,Apoptosis inducer (ATP-competitive kinase inhibitor),BR00122250,M05,9,931,931,931,931,9.999000099990002e-05,1.0
293,S-C-7314-04-CMP-001,trt,BRD-K94455792-001-01-8,2.7432,5.0,DMSO,K94455792,BRD-K94455792-001-01-8,ICG-001,beta-catenin inhibitor,BR00122250,M06,9,2965,2965,2965,2965,0.00039996000399960006,0.9166666666666666
294,S-C-7314-04-CMP-001,trt,BRD-K44227013-001-15-9,2.6628,5.0,DMSO,K44227013,BRD-K44227013-001-08-0,ponatinib,Bcr-Abl kinase inhibitor,BR00122250,M07,9,346,346,346,346,9.999000099990002e-05,1.0
295,S-C-7314-04-CMP-001,trt,BRD-K63631219-001-01-6,1.1784,5.0,DMSO,K63631219,BRD-K63631219-001-01-6,quazinone,phosphodiesterase inhibitor,BR00122250,M08,9,3344,3344,3344,3344,0.8785121487851215,0.10185185185185185
296,S-C-7314-04-CMP-001,trt,BRD-K56301217-001-02-5,4.0671,5.0,DMSO,K56301217,BRD-K56301217-001-07-4,ABT-737,BCL inhibitor,BR00122250,M09,9,2914,2914,2914,2914,9.999000099990002e-05,1.0
297,S-C-7314-04-CMP-001,trt,BRD-K21728777-001-03-9,2.5179,5.0,DMSO,K21728777,BRD-K21728777-001-02-3,AMG900,Aurora kinase inhibitor,BR00122250,M10,9,756,756,756,756,9.999000099990002e-05,1.0
298,S-C-7314-04-CMP-001,trt,BRD-K25433859-003-03-1,1.5693,5.0,DMSO,K25433859,BRD-K25433859-003-23-9,maprotiline,tricyclic antidepressant,BR00122250,M11,9,3715,3715,3715,3715,0.6042395760423958,0.142390289449113
299,S-C-7314-04-CMP-001,trt,BRD-K50055394-001-04-9,2.0844,5.0,DMSO,K50055394,BRD-K50055394-001-03-6,halopemide,phospholipase inhibitor,BR00122250,M12,9,4012,4012,4012,4012,0.24917508249175083,0.2493734335839599
300,S-C-7314-04-CMP-001,trt,BRD-K67578145-001-13-9,1.6719,5.0,DMSO,K67578145,BRD-K67578145-001-09-7,GDC-0879,RAF inhibitor,BR00122250,M13,9,4232,4232,4232,4232,0.0023997600239976003,0.8055555555555555
301,S-C-7314-04-CMP-001,trt,BRD-K06883221-001-02-9,2.0725,5.0,DMSO,K06883221,BRD-K06883221-001-01-9,apratastat,tumor necrosis factor production inhibitor,BR00122250,M14,9,3894,3894,3894,3894,0.5917408259174083,0.14484126984126985
302,S-C-7314-04-CMP-001,trt,BRD-K12737986-001-01-4,1.2215,5.0,DMSO,K12737986,BRD-K12737986-001-01-4,veliparib,PARP inhibitor,BR00122250,M15,9,3802,3802,3802,3802,0.14708529147085292,0.33164983164983164
303,S-C-7314-04-CMP-001,negcon,,,,DMSO,,,,,BR00122250,M16,9,4086,4086,4086,4086,9.999000099990002e-05,
304,S-C-7314-04-CMP-001,trt,BRD-K83192048-050-01-9,2.0425,5.0,DMSO,K83192048,BRD-K83192048-050-03-5,dimethindene-(S)-(+),acetylcholine receptor antagonist,BR00122250,M17,9,4126,4126,4126,4126,0.0415958404159584,0.49523809523809526
305,S-C-7314-04-CMP-001,trt,BRD-K98251413-001-07-9,1.7617,5.0,DMSO,K98251413,BRD-K98251413-001-04-0,IOX2,hypoxia inducible factor inhibitor,BR00122250,M18,9,4365,4365,4365,4365,0.4991500849915009,0.16278166278166278
306,S-C-7314-04-CMP-001,trt,BRD-A53576514-048-02-8,2.3075,5.0,DMSO,A53576514,BRD-A53576514-048-14-3,orphenadrine,acetylcholine receptor antagonist,BR00122250,M19,9,4390,4390,4390,4390,0.3233676632336766,0.2157407407407407
307,S-C-7314-04-CMP-001,trt,BRD-K25433859-003-03-1,1.5693,5.0,DMSO,K25433859,BRD-K25433859-003-23-9,maprotiline,tricyclic antidepressant,BR00122250,M20,9,4095,4095,4095,4095,0.8274172582741726,0.10873015873015873
308,S-C-7314-04-CMP-001,trt,BRD-K93942811-001-03-9,1.9224,5.0,DMSO,K93942811,BRD-K93942811-001-01-3,ML-323,ubiquitin specific protease inhibitor,BR00122250,M21,9,3624,3624,3624,3624,0.055094490550944904,0.4666666666666666
309,S-C-7314-04-CMP-001,trt,BRD-K85606544-001-07-5,2.7852,5.0,DMSO,K85606544,BRD-K85606544-001-09-1,neratinib,EGFR inhibitor,BR00122250,M22,9,1696,1696,1696,1696,9.999000099990002e-05,1.0
310,S-C-7314-04-CMP-001,trt,BRD-K70446295-001-04-9,1.9172,5.0,DMSO,K70446295,BRD-K70446295-001-01-7,EPZ015666,protein arginine N-methyltransferase inhibitor,BR00122250,M23,9,3690,3690,3690,3690,0.0287971202879712,0.5380952380952381
311,S-C-7314-04-CMP-001,trt,BRD-K72898849-001-03-9,2.5469,5.0,DMSO,K72898849,BRD-K72898849-001-01-8,BLU9931,FGFR inhibitor,BR00122250,M24,9,2849,2849,2849,2849,9.999000099990002e-05,1.0
312,S-C-7314-04-CMP-001,trt,BRD-K70578146-001-13-9,0.16697,0.133,DMSO,K70578146,BRD-K70578146-001-09-1,DACTINOMYCIN,Apoptosis inducer (transcription inhibitor),BR00122250,N01,9,224,224,224,224,9.999000099990002e-05,1.0
313,S-C-7314-04-CMP-001,trt,BRD-K12511835-003-03-9,1.6309,5.0,DMSO,K12511835,BRD-K12511835-003-01-2,BMS-863233,CDC inhibitor,BR00122250,N02,9,3161,3161,3161,3161,9.999000099990002e-05,1.0
314,S-C-7314-04-CMP-001,trt,BRD-K57080016-001-19-1,2.2884,5.0,DMSO,K57080016,BRD-K57080016-001-01-9,selumetinib,MEK inhibitor,BR00122250,N03,9,3692,3692,3692,3692,0.0023997600239976003,0.8055555555555555
315,S-C-7314-04-CMP-001,trt,BRD-K33818169-003-04-6,3.0926,5.0,DMSO,K33818169,BRD-K33818169-003-04-6,GW-3965,LXR agonist,BR00122250,N04,9,4315,4315,4315,4315,0.007699230076992301,0.712121212121212
316,S-C-7314-04-CMP-001,trt,BRD-K53665955-001-05-9,2.3097,5.0,DMSO,K53665955,BRD-K53665955-001-03-0,MK-5108,Aurora kinase inhibitor,BR00122250,N05,9,2669,2669,2669,2669,9.999000099990002e-05,1.0
317,S-C-7314-04-CMP-001,trt,BRD-K94455792-001-01-8,2.7432,5.0,DMSO,K94455792,BRD-K94455792-001-01-8,ICG-001,beta-catenin inhibitor,BR00122250,N06,9,2973,2973,2973,2973,0.00039996000399960006,0.9166666666666666
318,S-C-7314-04-CMP-001,trt,BRD-K30707190-001-06-9,1.6017,5.0,DMSO,K30707190,BRD-K30707190-001-04-1,PNU-74654,beta-catenin inhibitor,BR00122250,N07,9,3906,3906,3906,3906,0.41575842415758424,0.18434343434343434
319,S-C-7314-04-CMP-001,trt,BRD-K02965346-001-01-8,2.8404,5.0,DMSO,K02965346,BRD-K02965346-001-07-5,SU-11274,hepatocyte growth factor receptor inhibitor,BR00122250,N08,9,1873,1873,1873,1873,9.999000099990002e-05,1.0
320,S-C-7314-04-CMP-001,trt,BRD-K28936863-051-14-0,2.1275,5.0,DMSO,K28936863,BRD-K28936863-051-32-2,ketotifen,phosphodiesterase inhibitor,BR00122250,N09,9,4497,4497,4497,4497,0.6033396660333966,0.14267676767676765
321,S-C-7314-04-CMP-001,trt,BRD-K04923131-001-17-9,1.7809,5.0,DMSO,K04923131,BRD-K04923131-001-15-4,GSK-3-inhibitor-IX,glycogen synthase kinase inhibitor,BR00122250,N10,9,1620,1620,1620,1620,9.999000099990002e-05,1.0
322,S-C-7314-04-CMP-001,trt,BRD-K09372874-001-02-9,2.2623,5.0,DMSO,K09372874,BRD-K09372874-001-01-0,merimepodib,inosine monophosphate dehydrogenase inhibitor,BR00122250,N11,9,1366,1366,1366,1366,9.999000099990002e-05,1.0
323,S-C-7314-04-CMP-001,trt,BRD-K97452254-001-02-9,2.3578,5.0,DMSO,K97452254,BRD-K97452254-001-01-3,AMG-925,CDK inhibitor,BR00122250,N12,9,2190,2190,2190,2190,9.999000099990002e-05,1.0
324,S-C-7314-04-CMP-001,trt,BRD-K66430217-001-05-9,1.6909,5.0,DMSO,K66430217,BRD-K66430217-001-03-8,KH-CB19,CDC inhibitor,BR00122250,N13,9,4400,4400,4400,4400,0.0410958904109589,0.4983164983164983
325,S-C-7314-04-CMP-001,trt,BRD-M87138257-003-01-1,2.3499,5.0,DMSO,M87138257,BRD-M87138257-003-01-1,acriflavine,hypoxia inducible factor inhibitor,BR00122250,N14,9,76,76,76,76,9.999000099990002e-05,1.0
326,S-C-7314-04-CMP-001,trt,BRD-K01826510-001-09-9,1.8745,5.0,DMSO,K01826510,BRD-K01826510-300-06-9,hydroxyzine,antihistamine,BR00122250,N15,9,3911,3911,3911,3911,0.3521647835216478,0.2035714285714286
327,S-C-7314-04-CMP-001,trt,BRD-K62391742-001-19-9,4.3422,5.0,DMSO,K62391742,BRD-K62391742-001-03-0,venetoclax,BCL inhibitor,BR00122250,N16,9,3676,3676,3676,3676,0.07879212078792121,0.43703703703703706
328,S-C-7314-04-CMP-001,trt,BRD-K82164249-001-03-5,2.2068,5.0,DMSO,K82164249,BRD-K82164249-001-03-5,andarine,androgen receptor modulator,BR00122250,N17,9,4159,4159,4159,4159,0.46965303469653036,0.16984126984126982
329,S-C-7314-04-CMP-001,trt,BRD-K68756823-001-12-9,1.6367,5.0,DMSO,K68756823,BRD-K68756823-001-07-1,FR-180204,MAP kinase inhibitor,BR00122250,N18,9,4194,4194,4194,4194,0.8011198880111989,0.11222222222222222
330,S-C-7314-04-CMP-001,trt,BRD-K06182768-001-02-3,1.6472,5.0,DMSO,K06182768,BRD-K06182768-001-06-4,A-366,histone lysine methyltransferase inhibitor,BR00122250,N19,9,4105,4105,4105,4105,0.9113088691130887,0.09738705738705739
331,S-C-7314-04-CMP-001,trt,BRD-K67772619-001-06-9,1.4213,5.0,DMSO,K67772619,BRD-K67772619-001-05-1,rheochrysidin,protein tyrosine kinase inhibitor,BR00122250,N20,9,4101,4101,4101,4101,0.07079292070792921,0.4454545454545455
332,S-C-7314-04-CMP-001,trt,BRD-K88677950-001-04-9,2.3812,5.0,DMSO,K88677950,BRD-K88677950-001-03-9,PD-198306,MAP kinase inhibitor,BR00122250,N21,9,3853,3853,3853,3853,0.47465253474652536,0.1693121693121693
333,S-C-7314-04-CMP-001,trt,BRD-K70446295-001-04-9,1.9172,5.0,DMSO,K70446295,BRD-K70446295-001-01-7,EPZ015666,protein arginine N-methyltransferase inhibitor,BR00122250,N22,9,3683,3683,3683,3683,0.035996400359964,0.5111111111111111
334,S-C-7314-04-CMP-001,trt,BRD-K25611237-001-09-9,1.7471,5.0,DMSO,K25611237,BRD-K25611237-001-02-1,ML324,histone lysine demethylase inhibitor,BR00122250,N23,9,3622,3622,3622,3622,0.1192880711928807,0.39957264957264954
335,S-C-7314-04-CMP-001,trt,BRD-A87435144-001-01-6,2.3944,5.0,DMSO,A87435144,BRD-A87435144-001-01-6,AZD7545,pyruvate dehydrogenase kinase inhibitor,BR00122250,N24,9,3745,3745,3745,3745,0.32536746325367466,0.21437908496732025
336,S-C-7314-04-CMP-001,negcon,,,,DMSO,,,,,BR00122250,O01,9,3786,3786,3786,3786,9.999000099990002e-05,
337,S-C-7314-04-CMP-001,trt,BRD-K70578146-001-13-9,0.16697,0.133,DMSO,K70578146,BRD-K70578146-001-09-1,DACTINOMYCIN,Apoptosis inducer (transcription inhibitor),BR00122250,O02,9,225,225,225,225,9.999000099990002e-05,1.0
338,S-C-7314-04-CMP-001,trt,BRD-K24600306-003-02-9,2.3445,5.0,DMSO,K24600306,BRD-K24600306-003-02-9,ML-298,phospholipase inhibitor,BR00122250,O03,9,3558,3558,3558,3558,0.8101189881011899,0.11081832820963256
339,S-C-7314-04-CMP-001,trt,BRD-A12994259-001-11-9,1.3662,5.0,DMSO,A12994259,BRD-A12994259-001-02-1,pomalidomide,tumor necrosis factor production inhibitor,BR00122250,O04,9,4158,4158,4158,4158,0.07179282071792821,0.4444444444444444
340,S-C-7314-04-CMP-001,trt,BRD-K87632963-001-05-9,2.0918,5.0,DMSO,K87632963,BRD-K87632963-001-05-9,GNF-5,Bcr-Abl kinase inhibitor,BR00122250,O05,9,3821,3821,3821,3821,0.12808719128087193,0.37333333333333335
341,S-C-7314-04-CMP-001,trt,BRD-K64881305-001-07-9,2.5853,5.0,DMSO,K64881305,BRD-K64881305-001-05-2,ispinesib,kinesin inhibitor,BR00122250,O06,9,468,468,468,468,9.999000099990002e-05,1.0
342,S-C-7314-04-CMP-001,trt,BRD-K25611237-001-09-9,1.7471,5.0,DMSO,K25611237,BRD-K25611237-001-02-1,ML324,histone lysine demethylase inhibitor,BR00122250,O07,9,3055,3055,3055,3055,0.0010998900109989002,0.8333333333333334
343,S-C-7314-04-CMP-001,trt,BRD-K17953061-001-05-1,0.012596,0.027,DMSO,K17953061,BRD-K17953061-001-14-3,Staurosporine,Apoptosis inducer (ATP-competitive kinase inhibitor),BR00122250,O08,9,847,847,847,847,9.999000099990002e-05,1.0
344,S-C-7314-04-CMP-001,trt,BRD-K30707190-001-06-9,1.6017,5.0,DMSO,K30707190,BRD-K30707190-001-04-1,PNU-74654,beta-catenin inhibitor,BR00122250,O09,9,3708,3708,3708,3708,0.5285471452854714,0.15656565656565655
345,S-C-7314-04-CMP-001,trt,BRD-K70446295-001-04-9,1.9172,5.0,DMSO,K70446295,BRD-K70446295-001-01-7,EPZ015666,protein arginine N-methyltransferase inhibitor,BR00122250,O10,9,3278,3278,3278,3278,0.0023997600239976003,0.8055555555555555
346,S-C-7314-04-CMP-001,trt,BRD-K06883221-001-02-9,2.0725,5.0,DMSO,K06883221,BRD-K06883221-001-01-9,apratastat,tumor necrosis factor production inhibitor,BR00122250,O11,9,3765,3765,3765,3765,0.26277372262773724,0.2435897435897436
347,S-C-7314-04-CMP-001,negcon,,,,DMSO,,,,,BR00122250,O12,9,4131,4131,4131,4131,9.999000099990002e-05,
348,S-C-7314-04-CMP-001,trt,BRD-A22769835-300-05-7,1.9389,5.0,DMSO,A22769835,BRD-A22769835-300-05-7,homochlorcyclizine,antihistamine,BR00122250,O13,9,3647,3647,3647,3647,0.24997500249975002,0.2492063492063492
349,S-C-7314-04-CMP-001,trt,BRD-K12737986-001-01-4,1.2215,5.0,DMSO,K12737986,BRD-K12737986-001-01-4,veliparib,PARP inhibitor,BR00122250,O14,9,3692,3692,3692,3692,0.059194080591940805,0.4603174603174603
350,S-C-7314-04-CMP-001,trt,BRD-K33818169-003-04-6,3.0926,5.0,DMSO,K33818169,BRD-K33818169-003-04-6,GW-3965,LXR agonist,BR00122250,O15,9,3910,3910,3910,3910,0.635036496350365,0.13724747474747476
351,S-C-7314-04-CMP-001,trt,BRD-K68756823-001-12-9,1.6367,5.0,DMSO,K68756823,BRD-K68756823-001-07-1,FR-180204,MAP kinase inhibitor,BR00122250,O16,9,3858,3858,3858,3858,0.1621837816218378,0.3131313131313131
352,S-C-7314-04-CMP-001,trt,BRD-K56932272-001-02-9,2.4378,5.0,DMSO,K56932272,BRD-K56932272-001-02-9,BMS-566419,inosine monophosphate dehydrogenase inhibitor,BR00122250,O17,9,2217,2217,2217,2217,9.999000099990002e-05,1.0
353,S-C-7314-04-CMP-001,negcon,,,,DMSO,,,,,BR00122250,O18,9,3781,3781,3781,3781,9.999000099990002e-05,
354,S-C-7314-04-CMP-001,trt,BRD-A87435144-001-01-6,2.3944,5.0,DMSO,A87435144,BRD-A87435144-001-01-6,AZD7545,pyruvate dehydrogenase kinase inhibitor,BR00122250,O19,9,3453,3453,3453,3453,0.020497950204979503,0.5888888888888889
355,S-C-7314-04-CMP-001,trt,BRD-K16803204-001-02-9,2.1275,5.0,DMSO,K16803204,BRD-K16803204-001-01-6,filgotinib,JAK inhibitor,BR00122250,O20,9,3918,3918,3918,3918,0.32016798320167983,0.21703296703296704
356,S-C-7314-04-CMP-001,trt,BRD-K13094524-001-10-9,1.7369,5.0,DMSO,K13094524,BRD-K13094524-001-04-2,PFI-1,bromodomain inhibitor,BR00122250,O21,9,3691,3691,3691,3691,0.05069493050694931,0.4740740740740741
357,S-C-7314-04-CMP-001,trt,BRD-K86118762-001-05-9,2.1075,5.0,DMSO,K86118762,BRD-K86118762-001-08-9,linsitinib,IGF-1 inhibitor,BR00122250,O22,9,3088,3088,3088,3088,9.999000099990002e-05,1.0
358,S-C-7314-04-CMP-001,trt,BRD-K73982490-001-04-9,1.8969,5.0,DMSO,K73982490,BRD-K73982490-001-02-9,BI-78D3,JNK inhibitor,BR00122250,O23,9,3627,3627,3627,3627,0.7093290670932907,0.1261111111111111
359,S-C-7314-04-CMP-001,trt,BRD-K99113996-001-02-0,2.3127,5.0,DMSO,K99113996,BRD-K99113996-001-02-0,AZD2014,mTOR inhibitor,BR00122250,O24,9,1311,1311,1311,1311,9.999000099990002e-05,1.0
360,S-C-7314-04-CMP-001,trt,BRD-K32730239-001-03-9,1.3065,5.0,DMSO,K32730239,BRD-K32730239-001-01-0,SU3327,JNK inhibitor,BR00122250,P01,9,3553,3553,3553,3553,0.9367063293670633,0.09295808966861598
361,S-C-7314-04-CMP-001,trt,BRD-K54955827-001-03-9,1.6019,5.0,DMSO,K54955827,BRD-K54955827-001-02-2,niraparib,PARP inhibitor,BR00122250,P02,9,1581,1581,1581,1581,9.999000099990002e-05,1.0
362,S-C-7314-04-CMP-001,trt,BRD-K19477839-001-10-9,1.797,5.0,DMSO,K19477839,BRD-K19477839-001-07-6,SGX523,hepatocyte growth factor receptor inhibitor,BR00122250,P03,9,3923,3923,3923,3923,0.45985401459854014,0.1726190476190476
363,S-C-7314-04-CMP-001,trt,BRD-K99433989-001-02-9,2.4503,5.0,DMSO,K99433989,BRD-K99433989-001-02-9,SAG,smoothened receptor agonist,BR00122250,P04,9,3611,3611,3611,3611,0.0065993400659934,0.7222222222222222
364,S-C-7314-04-CMP-001,trt,BRD-K66401437-001-03-3,2.8303,5.0,DMSO,K66401437,BRD-K66401437-001-03-3,THZ1,CDK inhibitor,BR00122250,P05,9,108,108,108,108,9.999000099990002e-05,1.0
365,S-C-7314-04-CMP-001,negcon,,,,DMSO,,,,,BR00122250,P06,9,3976,3976,3976,3976,9.999000099990002e-05,
366,S-C-7314-04-CMP-001,trt,BRD-K82941592-238-06-9,2.6182,5.0,DMSO,K82941592,BRD-K82941592-238-03-7,rosuvastatin,HMGCR inhibitor,BR00122250,P07,9,3985,3985,3985,3985,0.48595140485951405,0.16604010025062657
367,S-C-7314-04-CMP-001,trt,BRD-K72898849-001-03-9,2.5469,5.0,DMSO,K72898849,BRD-K72898849-001-01-8,BLU9931,FGFR inhibitor,BR00122250,P08,9,2387,2387,2387,2387,9.999000099990002e-05,1.0
368,S-C-7314-04-CMP-001,trt,BRD-K69023402-001-03-3,0.2167,0.333,DMSO,K69023402,BRD-K69023402-001-07-4,Thapsigargin,ER stressor (SERCA inhibitor),BR00122250,P09,9,70,70,70,70,9.999000099990002e-05,1.0
369,S-C-7314-04-CMP-001,trt,BRD-K28936863-051-14-0,2.1275,5.0,DMSO,K28936863,BRD-K28936863-051-32-2,ketotifen,phosphodiesterase inhibitor,BR00122250,P10,9,3823,3823,3823,3823,0.23747625237476253,0.2558823529411765
370,S-C-7314-04-CMP-001,trt,BRD-K70642949-001-06-9,2.313,5.0,DMSO,K70642949,BRD-K70642949-001-04-5,GSK2334470,phosphoinositide dependent kinase inhibitor,BR00122250,P11,9,3002,3002,3002,3002,9.999000099990002e-05,1.0
371,S-C-7314-04-CMP-001,trt,BRD-K85776940-001-01-9,1.983,5.0,DMSO,K85776940,BRD-K85776940-001-01-9,delta-Tocotrienol,HMGCR inhibitor,BR00122250,P12,9,3471,3471,3471,3471,0.8753124687531247,0.10235042735042736
372,S-C-7314-04-CMP-001,trt,BRD-K75009076-001-04-9,1.8813,5.0,DMSO,K75009076,BRD-K75009076-001-02-1,SCH-900776,CHK inhibitor,BR00122250,P13,9,508,508,508,508,9.999000099990002e-05,1.0
373,S-C-7314-04-CMP-001,trt,BRD-K53665955-001-05-9,2.3097,5.0,DMSO,K53665955,BRD-K53665955-001-03-0,MK-5108,Aurora kinase inhibitor,BR00122250,P14,9,2338,2338,2338,2338,9.999000099990002e-05,1.0
374,S-C-7314-04-CMP-001,trt,BRD-K62391742-001-19-9,4.3422,5.0,DMSO,K62391742,BRD-K62391742-001-03-0,venetoclax,BCL inhibitor,BR00122250,P15,9,3346,3346,3346,3346,0.03849615038496151,0.5051282051282051
375,S-C-7314-04-CMP-001,trt,BRD-K13606314-001-02-9,1.7411,5.0,DMSO,K13606314,BRD-K13606314-001-01-3,P5091,ubiquitin specific protease inhibitor,BR00122250,P16,9,3695,3695,3695,3695,0.46705329467053297,0.17037037037037037
376,S-C-7314-04-CMP-001,trt,BRD-K17953061-001-05-1,0.012596,0.027,DMSO,K17953061,BRD-K17953061-001-14-3,Staurosporine,Apoptosis inducer (ATP-competitive kinase inhibitor),BR00122250,P17,9,656,656,656,656,9.999000099990002e-05,1.0
377,S-C-7314-04-CMP-001,trt,BRD-K21728777-001-03-9,2.5179,5.0,DMSO,K21728777,BRD-K21728777-001-02-3,AMG900,Aurora kinase inhibitor,BR00122250,P18,9,673,673,673,673,9.999000099990002e-05,1.0
378,S-C-7314-04-CMP-001,trt,BRD-K85606544-001-07-5,2.7852,5.0,DMSO,K85606544,BRD-K85606544-001-09-1,neratinib,EGFR inhibitor,BR00122250,P19,9,1635,1635,1635,1635,9.999000099990002e-05,1.0
379,S-C-7314-04-CMP-001,trt,BRD-K63631219-001-01-6,1.1784,5.0,DMSO,K63631219,BRD-K63631219-001-01-6,quazinone,phosphodiesterase inhibitor,BR00122250,P20,9,4017,4017,4017,4017,0.9661033896610339,0.08791423001949317
380,S-C-7314-04-CMP-001,trt,BRD-K13094524-001-10-9,1.7369,5.0,DMSO,K13094524,BRD-K13094524-001-04-2,PFI-1,bromodomain inhibitor,BR00122250,P21,9,3634,3634,3634,3634,0.0791920807919208,0.4366013071895425
381,S-C-7314-04-CMP-001,trt,BRD-K82941592-238-06-9,2.6182,5.0,DMSO,K82941592,BRD-K82941592-238-03-7,rosuvastatin,HMGCR inhibitor,BR00122250,P22,9,3835,3835,3835,3835,0.46365363463653636,0.17129629629629628
382,S-C-7314-04-CMP-001,negcon,,,,DMSO,,,,,BR00122250,P23,9,4043,4043,4043,4043,9.999000099990002e-05,
383,S-C-7314-04-CMP-001,trt,BRD-K36234266-001-10-6,1.0702,5.0,DMSO,K36234266,BRD-K36234266-001-09-8,carmustine,DNA inhibitor,BR00122250,P24,9,3610,3610,3610,3610,0.8935106489351065,0.09971509971509972
